{
  "loss": [
    0.004202374313915207,
    0.0028900362562730435,
    0.0012158324099524281,
    0.0007209779656419774,
    0.0006286134528302235,
    0.0005932198969035182,
    0.0005917476200952784,
    0.0005602714216481408,
    0.0005382608388659179,
    0.0005348879513215576,
    0.0005226094802667127,
    0.0005232630247766869,
    0.0005248670331317629,
    0.0005047314003514712,
    0.0004915696794624595,
    0.0004916298433532773,
    0.0005123829958604998,
    0.0005049741493337277,
    0.0004783972236821461,
    0.000482119897309717,
    0.0004988571998330866,
    0.0004924542339298176,
    0.00047698824348869364,
    0.0004706069808157141,
    0.0004778030493408573,
    0.0004621632029006238,
    0.00046375610788727947,
    0.0004583902538971245,
    0.00045493835963427283,
    0.0004578925851837801,
    0.0004523658469671469,
    0.0004506498965387012,
    0.00047278265812674493,
    0.0004564679590590272,
    0.00045192343706936433,
    0.0004445111880682791,
    0.0004490629774798037,
    0.00044788679872333426,
    0.00044554507675788004,
    0.0004418852009692035,
    0.0004512867026439088,
    0.0004379664587437804,
    0.00044097111711785357,
    0.0004468235867418836,
    0.00044346727439459056,
    0.0004655065471775395,
    0.00043886379370064384,
    0.0004394750383126388,
    0.00044494153818201156,
    0.0004410955420606391,
    0.00043202037577494293,
    0.00043609923308356516,
    0.00043186278583468745,
    0.0004317652221848076,
    0.0004405724466778338,
    0.0004414120089886348,
    0.00042743790095059903,
    0.00042990514568000534,
    0.0004275799388528305,
    0.00043215930440081385,
    0.00043088926013489995,
    0.00042527963595741263,
    0.0004295741733206377,
    0.0004336596639372751,
    0.00042590410101010263,
    0.0004321820476559705,
    0.00042706742410074145,
    0.0004394207852760942,
    0.00042937340769363903,
    0.0004252772056333089,
    0.00042497516782911553,
    0.00042342132727891973,
    0.00042949314619983834,
    0.0004234088105750155,
    0.00042548146032622946,
    0.00042278004185767194,
    0.00042586851772085467
  ],
  "val_loss": [
    0.004062281558447975,
    0.003967339062134572,
    0.0019155199215931575,
    0.001248973786125833,
    0.0011486555377316088,
    0.0011601036672327814,
    0.0010146399904673888,
    0.0009796835842547612,
    0.0009624749342490009,
    0.0009463920289555849,
    0.0009248963376970194,
    0.0009101426734004991,
    0.0008917882733341664,
    0.0009165861236726033,
    0.0008823352439676301,
    0.0009555421219770349,
    0.0010495480922140224,
    0.0009199578484709738,
    0.0009167954545352334,
    0.0008519871616183575,
    0.0008941167507762626,
    0.000878647950117471,
    0.0008475530276332829,
    0.0008417864673439477,
    0.0008378324617163441,
    0.0008576895928504945,
    0.0008576862260141531,
    0.0008411228273321722,
    0.0008739587833768146,
    0.0008468834162389828,
    0.0008356729798587197,
    0.0008659524541206153,
    0.0008582141869280509,
    0.0008605937937164079,
    0.000824424017899496,
    0.0008246098802225022,
    0.000826226270134103,
    0.0008216863323797571,
    0.0008087875265601791,
    0.0008233218512361038,
    0.0008417739106031755,
    0.0008348268680379721,
    0.0008275564006887544,
    0.0008617033113167742,
    0.0007910977612975669,
    0.0008225842608575641,
    0.0008235968798030652,
    0.0008027501309574661,
    0.00084742985397451,
    0.0008167798537497888,
    0.0008173079603472672,
    0.0008152786071417527,
    0.0008054084261605716,
    0.0007889176538677118,
    0.0008182534392223309,
    0.0008172085196290187,
    0.0008052638389885763,
    0.0007962994247880149,
    0.0007914176604073852,
    0.0007867780803455472,
    0.0007863763771098802,
    0.0007943251633248424,
    0.0008022285353965889,
    0.0007851853908176434,
    0.0008009669182185441,
    0.0007797374832706978,
    0.0007759276379589097,
    0.0007857115400592024,
    0.0007947374031337051,
    0.0007911805171351143,
    0.0007985632081968595,
    0.0007821367261010501,
    0.0008044862224573091,
    0.0007918199065856973,
    0.0007846315676151738,
    0.0007872966971211557,
    0.0007967251809419128
  ]
}