{
  "loss": [
    0.005602963771703835,
    0.0034658525397634776,
    0.0028569042247101775,
    0.0012119058044567897,
    0.00047454755683931464,
    0.0003640191301537921,
    0.00033431100302400027,
    0.00030857919044356284,
    0.0002881383054815577,
    0.00027291227064834596,
    0.0002781068149718894,
    0.000274288818845341,
    0.00027993728236022403,
    0.00024119597204031403,
    0.00021391392976280796,
    0.00021169865559349168,
    0.00021645514269741896,
    0.00020515936833554965,
    0.0001990990132378501,
    0.00019557088815764468,
    0.0002012827595272497,
    0.0001960961206132805,
    0.00018011890264448013,
    0.0001808014383971928,
    0.00017730901833281317,
    0.00017672161878929857,
    0.00018954214425005668,
    0.00017301215345856972,
    0.00016146472594442623,
    0.00016229450326993509,
    0.0001674026325525834,
    0.00015477998276748988,
    0.00015145826419117646,
    0.00015349748919402884,
    0.0001518030547865925,
    0.00014910897875845504,
    0.00015365040927241999,
    0.00017643856426850094,
    0.00014946274463971523,
    0.00014544853336596002,
    0.00013545199511300247,
    0.00012800813647978327,
    0.00013318458349289094,
    0.00013241936071046326,
    0.0001310362052717367,
    0.00012793322629318338,
    0.0001259423003997961,
    0.000137733004646419,
    0.00011998995295880438,
    0.00012324916628006337,
    0.00012645716892762887,
    0.0001148228767196901,
    0.00012044903656275835,
    0.00011449107975537471,
    0.00011331781573214921,
    0.0001125970556992985,
    0.00011214771742910578,
    0.0001036050256615551,
    0.00011057226540249544,
    0.00010886072281472921,
    0.0001076096880748119,
    0.0001158735626369739,
    0.00011667346937797621,
    0.00010843383377071493,
    0.0001057759855870144,
    0.00010417117018984906,
    0.0001088283858214371,
    0.00010638481991600021,
    0.00010796289032063842,
    9.966566957097712e-05,
    0.0001035758137544785,
    0.00010228706884660991,
    9.988940936173986e-05,
    0.00010219041189504869,
    9.98396033095831e-05,
    9.737964762299778e-05
  ],
  "val_loss": [
    0.005077484788599124,
    0.004121098449165353,
    0.0030162857216750397,
    0.0008715703436257929,
    0.0006432816987945549,
    0.0006683892891917643,
    0.0006127949747889507,
    0.0005792959272891356,
    0.0005026883024344353,
    0.000873393818834794,
    0.0005197945911264517,
    0.0009209782721648821,
    0.0004572516199749488,
    0.0005598490472592029,
    0.00045976305420729986,
    0.0006910673479193684,
    0.0005381126205597301,
    0.0005402614772021043,
    0.000421352545960353,
    0.00037014104578205,
    0.0005524248733754156,
    0.00037492681763912945,
    0.00033955991459260935,
    0.00032317488260825023,
    0.00040606153047399404,
    0.000339622158512364,
    0.0003523793575406527,
    0.0003194529477744253,
    0.00031476209812126714,
    0.0004208601531092041,
    0.00031207752254281085,
    0.000296917483122075,
    0.00030546342932363915,
    0.0002615957551873179,
    0.000298538517099422,
    0.0002703624418670392,
    0.0003110661459451858,
    0.00027504721990100664,
    0.0003182341036080893,
    0.00025882526347770863,
    0.0002473167410770475,
    0.00023871129641706847,
    0.00023995769141804338,
    0.00023652651653520508,
    0.00023786499792293644,
    0.00023670650726688227,
    0.0002526768127927489,
    0.00023170580632118912,
    0.00023429213457294666,
    0.00020557344275607236,
    0.0002452778348093917,
    0.00022111821624501044,
    0.00020200444043307427,
    0.00021107700216045508,
    0.00019819236566814968,
    0.00021455617798680655,
    0.00019815017830610024,
    0.0002045424542053878,
    0.00018986856853766393,
    0.00019643579378241552,
    0.00021328710886939445,
    0.0002200803926881569,
    0.0001996219718593856,
    0.00018754216832083791,
    0.0002033710973121348,
    0.00018687666696179698,
    0.00020120112055377137,
    0.00021878797436315525,
    0.00022349869874611268,
    0.00019823333765099193,
    0.00020840624661910292,
    0.0002389131953514076,
    0.00019695142630602635,
    0.0001902929396788113,
    0.00023115112599601768,
    0.00018751741648722126
  ]
}