{
  "loss": [
    0.00519664027617728,
    0.0034749673067072037,
    0.002806102687680955,
    0.001229502565653091,
    0.000617191739199862,
    0.0005138002266837904,
    0.0004483225169263652,
    0.00041477485214995853,
    0.00040206189977475915,
    0.00039466940749893455,
    0.00036797366495362825,
    0.0003603368825387947,
    0.00035213889901644483,
    0.0003403412727424616,
    0.00033002773368256657,
    0.0003323147852919255,
    0.00031089395512044825,
    0.0003045520769152462,
    0.0003022914877296423,
    0.0003357410473800759,
    0.0003077233646160633,
    0.00029310590720235967,
    0.00029290368699018404,
    0.0002912739916833273,
    0.0002838561427625575,
    0.0002849774109158598,
    0.0002737958018328139,
    0.00028088675677360135,
    0.0002806285166902178,
    0.00028958282005653416,
    0.00026689744191976905,
    0.00026605678080413253,
    0.0002772777219503665,
    0.0002778403205035066,
    0.0002857646700684367,
    0.00026609386212406735,
    0.000258574540864189,
    0.00025844354766584997,
    0.0002554083225080672,
    0.0002612839067222837,
    0.00026705080385530455,
    0.00025378261015468484,
    0.0002634035559079075,
    0.00025339179522279484,
    0.0002491170589296158,
    0.00025596323303234716,
    0.00025288576146487374,
    0.00026472753467741793,
    0.00024897319120486297,
    0.0002490055336028546,
    0.0002462571520590642,
    0.0002484442797005538,
    0.0002483790459080754,
    0.0002865570172734818,
    0.0002688012048490768,
    0.00025298541051121373,
    0.0002513166566966524,
    0.0002500257138916036
  ],
  "val_loss": [
    0.004923861162922493,
    0.004149170254120736,
    0.0028566387109719687,
    0.0016674414997284272,
    0.0016654532528965673,
    0.0011906684669378627,
    0.0010350254714700587,
    0.0009778736811163894,
    0.0009573440596972021,
    0.0009189473351935215,
    0.0008272848147206625,
    0.0008116208951133937,
    0.0008828483509202847,
    0.0007732990908085109,
    0.0008060922829870547,
    0.0007109894564337402,
    0.0007245171561916874,
    0.0007671673053471949,
    0.0008491837407487117,
    0.0008874796747280935,
    0.0006669146437550598,
    0.0006851607473693829,
    0.0006839472745469448,
    0.0007026731676642808,
    0.0006548786593985131,
    0.0006725110490296981,
    0.0006730065888073426,
    0.0006312537717281581,
    0.0006231135148035825,
    0.0006233013809271951,
    0.0006181962510863474,
    0.0007499175547552915,
    0.000657124302874425,
    0.0010401291110151843,
    0.0006589134336255888,
    0.00065299812245521,
    0.0006726890815282175,
    0.0006352937168854473,
    0.0005838921853487457,
    0.0005809174229973485,
    0.0007063343456938477,
    0.0005889706289771877,
    0.0006279771086899629,
    0.0006664844626086655,
    0.0006012265016305226,
    0.0006144537308712478,
    0.0006002492552115693,
    0.00056366802308007,
    0.0006133906958300782,
    0.0005731511461306207,
    0.000644746703552252,
    0.000631845366310323,
    0.0005792516357083198,
    0.0006833489787363843,
    0.0006095488105660897,
    0.0006342419873966168,
    0.0005757282282729329,
    0.0006335511381396969
  ]
}