{
  "loss": [
    0.003997124907778407,
    0.003633958699476123,
    0.003159891985002487,
    0.002659287971216006,
    0.0009135283003147004,
    0.0005389655265400005,
    0.0004745123970129772,
    0.00043392130392373924,
    0.0003942885226175355,
    0.0003521200975718757,
    0.0003548818034369446,
    0.000318354754584654,
    0.00030130117681867414,
    0.0003121736669120018,
    0.00029107497570128273,
    0.0002905206832926489,
    0.0002910727572614858,
    0.0002670336382917548,
    0.00027408696927541545,
    0.0002700191956984953,
    0.00025477394413343254,
    0.0002586372953015107,
    0.00023469373603580656,
    0.00024225834240320412,
    0.00024752930811028525,
    0.00023604376570511082,
    0.00022923551411775997,
    0.0002195289987118899,
    0.0002117208743988028,
    0.00021433958506471228,
    0.00021395890803883392,
    0.00021674717596138675,
    0.0002088724312951558,
    0.00020247760653977238,
    0.00021011400642452737,
    0.0002051177376761597,
    0.00019814052919638625,
    0.00019865965149055745,
    0.0002054388666309569,
    0.00019686884068222064,
    0.00019846072949421722,
    0.00019544141195171715,
    0.00021389731017895042,
    0.00019877081425020448,
    0.00019743107679619473,
    0.00020635845537029021,
    0.00019567291017562086,
    0.0001907848164883948,
    0.00019201210883287333,
    0.00018832154143539118,
    0.00018388688147953007,
    0.000187142428002449,
    0.00018336851058577244,
    0.00018920861075794057,
    0.00019430573802338424,
    0.0001902719854081635,
    0.00020016315023296683,
    0.00019149041823779926,
    0.00017966307947376865,
    0.0001832245458804792,
    0.00018149683074765267,
    0.00018498868928853757,
    0.00017815980812185494
  ],
  "val_loss": [
    0.004116159911313049,
    0.004497562283063894,
    0.003321716571682608,
    0.0021378863641953135,
    0.0007979594401435574,
    0.0007928961248078443,
    0.0007063627961072159,
    0.0006719446663705671,
    0.0006013566982229012,
    0.0005717074775325877,
    0.0005483925276211222,
    0.0005116207510887456,
    0.0005562898505908939,
    0.0004809453019015882,
    0.0004872559366252768,
    0.0005004983124245036,
    0.00044346278280156526,
    0.00043540097507680734,
    0.0004594962878667235,
    0.0004100768406422796,
    0.0004141861946530432,
    0.00039910323992355275,
    0.0004077270745268821,
    0.0004354985474390662,
    0.0003820545371813973,
    0.0003844038807417403,
    0.0003655461129004631,
    0.0003644874387817991,
    0.00034973473606429267,
    0.0003628203425950442,
    0.00034675930958026304,
    0.00035044937935931335,
    0.0003703258487956038,
    0.0003335186532882557,
    0.0003488047603050481,
    0.0003431046394821764,
    0.0003540823576398767,
    0.00033076182190960575,
    0.00033612535548822994,
    0.00033533891224973167,
    0.0003279054757627704,
    0.00036606674936968,
    0.00035499177459575286,
    0.00032563332400701526,
    0.0003305419322129313,
    0.0003623050550028187,
    0.00032017399569960327,
    0.000331903824792732,
    0.00032557937673983404,
    0.0003229651790416728,
    0.00031819519911684303,
    0.0003165634787174176,
    0.00031646378637516183,
    0.0003238549730553246,
    0.0003304585364689543,
    0.00032378206830602007,
    0.0003303797537635139,
    0.00032332981051307275,
    0.00035419778817356076,
    0.0003433762391959154,
    0.00032687430500811604,
    0.0003391137499471319,
    0.0003188046238831264
  ]
}