{
  "loss": [
    0.00577524499210789,
    0.003929270420703945,
    0.003888355727659624,
    0.0038440759777496223,
    0.003428257370775717,
    0.001536819173102086,
    0.001062030673426882,
    0.0009214530405654266,
    0.000809660988700224,
    0.0008226609200588016,
    0.0007310437273839654,
    0.0006426009849329272,
    0.0006124069480235317,
    0.0006177176058279225,
    0.0005957253405646596,
    0.0006146572127958016,
    0.0005633381180763047,
    0.0005813688288653408,
    0.0006056196200694271,
    0.000545754011016168,
    0.0005417885441849726
  ],
  "val_loss": [
    0.004472368452066587,
    0.004430511976871113,
    0.00446621127068828,
    0.004506635161295618,
    0.005433938860640687,
    0.0019551272619789265,
    0.0025791327842632256,
    0.001490128980318116,
    0.0021268648863638526,
    0.0013774175783566667,
    0.0012965223555963508,
    0.001332298777195083,
    0.0013692412616837623,
    0.0015636851049507152,
    0.001561553430569879,
    0.0016372972401516711,
    0.0016453936357330005,
    0.0015358813758150247,
    0.0015656558236391363,
    0.0015767794155047438,
    0.0015193451423524212
  ]
}