{
  "loss": [
    0.004804895312593878,
    0.0025022863085640682,
    0.0007302373025696453,
    0.000489825391961338,
    0.000417573809468361,
    0.00037576994819842844,
    0.00036365897819537745,
    0.0003536771001407541,
    0.0003639398022419262,
    0.00032467826039917397,
    0.00032100199470144633,
    0.0003158585234863684,
    0.00030659266108814864,
    0.00030745558864787983,
    0.00030489046086687325,
    0.00030350312700908863,
    0.0002918986369991768,
    0.000292821490192382,
    0.00029755714224516416,
    0.00029772457869819074,
    0.0002837240114364175,
    0.00027882346708511005,
    0.00027158867135568433,
    0.00027864218586682286,
    0.00027681689155900646,
    0.0002690675743993449,
    0.00026545956688103957,
    0.0002704818018382918,
    0.00026533716391106477,
    0.0002673525261901419,
    0.00026708934154682053,
    0.0002628992296110489,
    0.00026415145381009216,
    0.0002617194287805441,
    0.0002533689170210582,
    0.0002553908455937443,
    0.0002538404931071505,
    0.00025068001456768243,
    0.0002521620771800258,
    0.00025748790414630794,
    0.00025313338739155113,
    0.00024507320751137446,
    0.00024932355637873087,
    0.000262358707679356,
    0.0002745938636371788,
    0.00024845554333187577,
    0.00024324777545739883,
    0.00026133184690069883,
    0.0002610476582384257,
    0.00024475246774092844,
    0.00024327863953728927,
    0.00024279170731978788,
    0.00024019037430314614,
    0.00024225852712113558,
    0.00024058125433064635,
    0.00024350844334409546,
    0.00023976359043589274,
    0.00024022917329421354,
    0.00023861633220284442,
    0.00024033017145509188,
    0.00023867542200226998,
    0.00023987764771252998,
    0.0002640058082697109,
    0.0002528657389466301,
    0.0002545219938588953,
    0.0002484116616114295,
    0.00023654158659765326,
    0.00023760459483397977,
    0.00024208948857856134,
    0.00024915359051551903
  ],
  "val_loss": [
    0.004017965621243101,
    0.0027882162851201784,
    0.0011332035237769133,
    0.0007954197427157318,
    0.0007169954206887241,
    0.0006623943492235959,
    0.0006427238345914227,
    0.00064783269143696,
    0.0006077613711842371,
    0.0005784658531852322,
    0.0005563717630746033,
    0.0005612515504057238,
    0.0005489974714137045,
    0.0006004375607499573,
    0.0005577072913207893,
    0.0005269427171504703,
    0.0005261687452720053,
    0.0005649321742432889,
    0.000570617958605825,
    0.0005395556612300777,
    0.000526210145083051,
    0.0005066861304389848,
    0.0005086953801133632,
    0.0005103962826637256,
    0.0005087238084737128,
    0.0005060675310942137,
    0.0005145773564992396,
    0.0005121785429924162,
    0.0005181597067836051,
    0.0005108391869598334,
    0.00048753504619638465,
    0.0004947671738909074,
    0.0004981558298157217,
    0.0004953840841522224,
    0.0004893875539467408,
    0.0004858652484566653,
    0.0004926655762521929,
    0.0004834675716728019,
    0.0004906237566974902,
    0.0004806600521360413,
    0.0004751751714335104,
    0.0004943184592783305,
    0.0004993642434699207,
    0.0005093883186824316,
    0.0004844819385376151,
    0.00047020688666054276,
    0.0004850796120650126,
    0.0005221383069850227,
    0.00048515559347192294,
    0.00048089039144282546,
    0.00047289197785266497,
    0.0004741485015264494,
    0.00047186359249317935,
    0.0004627266165236766,
    0.00047829994713191365,
    0.0004755962838181706,
    0.00047617094862460307,
    0.00046867358237524554,
    0.0004654457560952016,
    0.00045839834575924036,
    0.00046672517538095496,
    0.00048504195864760376,
    0.00048551842819136496,
    0.0004643150668122334,
    0.0004971758927415199,
    0.0004634040842230496,
    0.00046610840451596686,
    0.0004727478604600471,
    0.0005058098001847094,
    0.00047121330136289563
  ]
}