{
  "loss": [
    0.004299682481754481,
    0.0037035873276645326,
    0.0021314766758293467,
    0.0013064156824330402,
    0.0010276852946954392,
    0.0009472880695370158,
    0.00088549996683957,
    0.0008522114884110366,
    0.0007672088999961243,
    0.0008415904578867428,
    0.0007595954765235876,
    0.0007195942970252488,
    0.0007687726014210452,
    0.000721725729125502,
    0.0007178927972214399,
    0.0007027539921076841,
    0.0007120522611389855,
    0.0006928739715952982,
    0.0006756221978822512,
    0.0006729201963816568,
    0.0006569154861421481,
    0.000669805510089151,
    0.0006580967802410898,
    0.0006913063597441587,
    0.0006978775025912259
  ],
  "val_loss": [
    0.004674233524009564,
    0.003774402353112423,
    0.0026241845993959685,
    0.0020512710469490075,
    0.001699246113767495,
    0.002020415003778437,
    0.0022763716842539366,
    0.0014053031232189467,
    0.0015019270511785227,
    0.0015726568034762625,
    0.0014272679113266277,
    0.0014749082601211892,
    0.001541244362879698,
    0.0014600640476302403,
    0.0013683989432416485,
    0.001481074652042383,
    0.0014871444434237536,
    0.0017900766968259464,
    0.0016683324569356688,
    0.0014389785919749147,
    0.0014895054746543721,
    0.0015754578896741227,
    0.001563336325535792,
    0.0013930886259546256,
    0.0015059260555919244
  ]
}