{
  "loss": [
    0.005871073354741995,
    0.0033795859749083525,
    0.0026646579419202475,
    0.0009006246501300034,
    0.0004548815470481815,
    0.00033577182841076675,
    0.0003018647599447022,
    0.0002949970886107162,
    0.0002709714682059616,
    0.00028855498434358684,
    0.00026529206774183995,
    0.0002541450838642576,
    0.00025284991089911826,
    0.00022414629150438502,
    0.0002090590032801631,
    0.00020884317100845816,
    0.00021122884523696925,
    0.00018927550783638588,
    0.0001897587392649118,
    0.00017627997435292362,
    0.000180239066342486,
    0.00017994550194579402,
    0.0001808054194503656,
    0.00016508041806760773,
    0.00016011429712924291,
    0.0001534756261353851,
    0.00015580794696069827,
    0.0001544219892507573,
    0.00015682607268276626,
    0.00016362500210404597,
    0.0001410621788385609,
    0.00013500464747182934,
    0.0001337947847287929,
    0.00013067879564340032,
    0.00012869567259195252,
    0.00012165556440759431,
    0.00012140363587328862,
    0.00011617878074579522,
    0.00011910355039233045,
    0.00013095760544158889,
    0.00011746039906284865,
    0.00011352571674910535,
    0.00010706655905858887,
    0.00010765832995454417,
    0.0001087305073860809,
    0.00010596709441403038,
    0.00010517040190492927,
    0.00010441277846170047,
    0.00010438950808944768,
    0.00011288522879385749,
    0.00012164631776022141,
    0.00012291776072577578,
    0.00010142564167206295,
    0.00010127741046019597,
    9.846497058125358e-05,
    9.556960581312303e-05,
    9.804912970755612e-05,
    9.876868277491618e-05,
    0.00010109690047870298,
    0.00010159056998385826,
    9.60160379576496e-05,
    0.00010526072364850556,
    9.439942225365414e-05,
    9.939748852560235e-05,
    0.00010002638505450321,
    0.00011292695187170405,
    0.00010218285996641216
  ],
  "val_loss": [
    0.004193230308046775,
    0.0038177012394453856,
    0.0018561283088155414,
    0.0008422788858479941,
    0.0005875053295003175,
    0.0005859539078060159,
    0.0005229468594355226,
    0.0004902438719213305,
    0.00048147735927602073,
    0.0004686562357745763,
    0.00045024698620955647,
    0.0004407241346244408,
    0.0003968123534909934,
    0.00039942688712943733,
    0.0003673762059186012,
    0.0003455012768501808,
    0.00035349491101525975,
    0.00034661897004489763,
    0.00031627492973973227,
    0.0003290696614452753,
    0.00031260547999064004,
    0.00031644895686517953,
    0.00029885345880209107,
    0.0003078207787648467,
    0.00028808813831055174,
    0.00027192612530548655,
    0.0002953556820560595,
    0.00026850510353947934,
    0.00025926343873409476,
    0.0002539629762499649,
    0.00024952227016342637,
    0.0002418929676522372,
    0.00024242353559594413,
    0.0002403197476557213,
    0.00023088317226525656,
    0.00021839576056993448,
    0.00021825801753900124,
    0.00023407569908711674,
    0.0002390113546359749,
    0.0002151666398824555,
    0.00019785249383538517,
    0.00020237490694711407,
    0.0001973790861901631,
    0.00018949226231162919,
    0.00018629993411224932,
    0.00019565814446591002,
    0.00019299510152081113,
    0.00018392116516512575,
    0.0001769762737498712,
    0.0001939968965448195,
    0.00019358501790831453,
    0.0001801349675819288,
    0.00017976827693471847,
    0.00017603842167812433,
    0.00017771670405697428,
    0.00017683695172451014,
    0.00017423543142547086,
    0.00018057630941219175,
    0.00018196174868366602,
    0.00018408936744507447,
    0.00017925726571985725,
    0.00017763991365105309,
    0.00017454289597050953,
    0.00017431730560487854,
    0.00021545339509360285,
    0.00017778803147705183,
    0.0001849939287938905
  ]
}