{
  "loss": [
    0.005191661634339385,
    0.004065874398773805,
    0.004015784076674321,
    0.004005438436050299,
    0.003731923372533804,
    0.0019431698473373238,
    0.0013075595605238652,
    0.0012268025165027144,
    0.001137875617654304,
    0.0010595012838251793,
    0.0009947280752406204,
    0.0009427817025153447,
    0.0008763637437362302,
    0.0008766758480864144,
    0.0008305119933247577,
    0.0008304906072529571,
    0.0008335521914359246,
    0.0007878599130348997,
    0.000780002308476365,
    0.000779663079098525,
    0.0007702952147821799,
    0.0007468737696520918,
    0.0007443500731617374,
    0.0007252972038634263,
    0.0007242716334489326,
    0.0007104730035041077,
    0.000722349631842704,
    0.0007122193205528186,
    0.0006915365393754242,
    0.0006763141571563487,
    0.0006720368788425487,
    0.0006701072097233207,
    0.0006640695862629957,
    0.0006667270721214642,
    0.0006624487164892478,
    0.0006393858907678738,
    0.0006448654818407129,
    0.0006365431998048313,
    0.0006310232900451636,
    0.0006390217448522483,
    0.0006282720984845707,
    0.0006223832436533411,
    0.0006623003510364561,
    0.0006185548744929584,
    0.0006166659348123617,
    0.0006126524957211052,
    0.0006165086575579715,
    0.0006121896494789302,
    0.000611978441577004,
    0.0006654024872007017,
    0.0006451927403582985,
    0.000628645635699963,
    0.0005986294945944785,
    0.0006017970769764462,
    0.0005960338042975594,
    0.0006037680987994698,
    0.0006000489455055332
  ],
  "val_loss": [
    0.0045863478735968955,
    0.004474685881763782,
    0.004507980787673512,
    0.0044487550553957145,
    0.003182314214088648,
    0.002315115364093551,
    0.0020428373621429606,
    0.00197148165078688,
    0.0019461551636780691,
    0.0017695166168941096,
    0.001841598320527169,
    0.001637625860402713,
    0.001465458642730455,
    0.0015065970348398258,
    0.0014305648123673236,
    0.0015582370324720063,
    0.0014490705430752744,
    0.0014290338246997017,
    0.0014139068583529945,
    0.0014728535548618241,
    0.0014657342234648933,
    0.0013970895545327953,
    0.001390407704463385,
    0.0014168081176997153,
    0.0013475597194882154,
    0.0014942349034896753,
    0.0013326775076617598,
    0.0014055667289070372,
    0.001327807105419254,
    0.0013354094572342763,
    0.001242270912848556,
    0.001384309621674842,
    0.0012920000835468894,
    0.0012783798319420077,
    0.0012977522517856512,
    0.0012236809513497182,
    0.0012774731790657508,
    0.0012046584788614494,
    0.0011895999987543446,
    0.0013044164877863147,
    0.001263080589631559,
    0.001258080284284086,
    0.0012908197869347993,
    0.0012294096123045615,
    0.0012798109347667084,
    0.0012710660766077574,
    0.0011408323855775211,
    0.0012111215967125926,
    0.0012059537601123325,
    0.0012040870021737232,
    0.0013108404404927538,
    0.0011876942107161164,
    0.0011732989678240168,
    0.0012372828157920692,
    0.0011698658117570068,
    0.0011854009533229458,
    0.0012387325550041362
  ]
}