{
  "loss": [
    0.004105874467870768,
    0.0027994969469105116,
    0.0021396696644222905,
    0.0008813468102207436,
    0.0005661043064381299,
    0.00044232213097997257,
    0.0003920352673473822,
    0.00036431459506185425,
    0.00035126718334367276,
    0.00033036801270576287,
    0.00029424807632043434,
    0.0002838409313835074,
    0.0002815441213147727,
    0.0002655371631840543,
    0.00028389534570421503,
    0.0002534725225514366,
    0.0002481481255052012,
    0.0002444478423238389,
    0.00024100835760604248,
    0.00022382750611105143,
    0.00021755603760145015,
    0.00020953121443273142,
    0.00021408397054954015,
    0.00021787591800063918,
    0.00020920313582026683,
    0.0002012764746365775,
    0.00019073716082425852,
    0.000196385840816753,
    0.0002095189338529672,
    0.000198108981137565,
    0.0001855369706989095,
    0.00019257006157682335,
    0.00018606938176233943,
    0.00017533830318919606,
    0.00017333252895165166,
    0.00017959546759118293,
    0.00018588950066193233,
    0.0001650656368325082,
    0.00017039219070838428,
    0.00016622281182752753,
    0.00017161466083906628,
    0.00017094189685442124,
    0.00018177046266123809,
    0.0001795032031943108,
    0.00017323747166355136,
    0.0001663895027028874,
    0.00016339077135950502,
    0.00016736535823903774,
    0.00016228510144912815,
    0.0001645995474010702,
    0.0001735291849693754
  ],
  "val_loss": [
    0.004939005022438673,
    0.003957188202693434,
    0.001597514339898537,
    0.001362636416639247,
    0.0009412913220133503,
    0.0007522573284283802,
    0.0007190719719852444,
    0.0007502717134490662,
    0.0007236491367741898,
    0.0006579431671391964,
    0.0007958481601973461,
    0.0007774221145065984,
    0.0005967558015600316,
    0.0006385987116124845,
    0.0006420304564436754,
    0.0006557264633906576,
    0.0007135545501934847,
    0.0008529858964078545,
    0.000907064783403168,
    0.0005049986437523177,
    0.0005024809150148991,
    0.0005726510227390832,
    0.0006513187021075689,
    0.0005073949344573425,
    0.0004665497958275874,
    0.0004364055086829263,
    0.00046361761356515066,
    0.0004408946080081217,
    0.0003968971153766803,
    0.00041982929134363686,
    0.00036669475039861237,
    0.00039008821802819475,
    0.0003614759380185091,
    0.00037185478112106764,
    0.00037842801588072955,
    0.0003852030128229188,
    0.00040771694576296097,
    0.0003704987275023404,
    0.0003732730773109878,
    0.0003620392861295739,
    0.00035265619594642854,
    0.0004608260812824006,
    0.0004328313944258864,
    0.0004887623693289275,
    0.00035921321726742794,
    0.0003867983794852544,
    0.0003629243413069435,
    0.00038814055505436616,
    0.0003778978680965484,
    0.00041924275696388335,
    0.0003936263192054275
  ]
}