{
  "loss": [
    0.09924730149687046,
    0.013014472783176136,
    0.006683306176361404,
    0.003955516549900095,
    0.0027184233080492387,
    0.0021334109488113542,
    0.0018956048783400428,
    0.0016147501920774343,
    0.0014300096486537224,
    0.0012814448277504139,
    0.0011949579338885546,
    0.0010840527787935833,
    0.0010337564679371617,
    0.0009017842786406293,
    0.0008750785555762704,
    0.0008161274241779749,
    0.000786041277724239,
    0.000742887843571249,
    0.000700068934586839,
    0.0006635317153490929,
    0.0006640300302370933,
    0.0006036299190550422,
    0.0005640240288423624,
    0.0005553936282468476,
    0.0005418848280578799,
    0.0005503203490201937,
    0.0005088664540768372,
    0.0004869227386338088,
    0.0004895219421914345,
    0.00047718124844618585,
    0.0004650175712718897,
    0.0004773171201848824,
    0.00045617721666869405,
    0.00042838514744554686,
    0.0004304768012685661,
    0.000401031277783749,
    0.00040684904041361737,
    0.00039246543896760184,
    0.0003762884928345785,
    0.000384902601538965,
    0.0003719030788986653,
    0.000362869576602897,
    0.00035037670269592506,
    0.00035009019274745613,
    0.0003719836211543307,
    0.0003475296988221888,
    0.0003366140667407538,
    0.0003413015167689823,
    0.00031296826426623834,
    0.00032581283130819565,
    0.00030602640378543596
  ],
  "val_loss": [
    0.020461754917681634,
    0.0058127817114932345,
    0.002293543071792155,
    0.0010350928005234865,
    0.0005550873738964303,
    0.0004454416480123788,
    0.00045549554747881016,
    0.00044672375254274405,
    0.000429966289165814,
    0.00039719086965884674,
    0.00038227002361098994,
    0.00038416757402205643,
    0.0003623515765803013,
    0.0003585760839246018,
    0.0003739825457210776,
    0.00035796234843327656,
    0.0003714621771644749,
    0.0003547033753980381,
    0.0003442641038494836,
    0.00037917471865283236,
    0.0003469639345213862,
    0.0003551310715119035,
    0.0003447453955015806,
    0.00033355476959507545,
    0.00037123814336727603,
    0.0003416716229818579,
    0.0003297378840470374,
    0.0003361816352544274,
    0.0003662529710022459,
    0.00032729717766071534,
    0.000331924363284476,
    0.00033166337961011884,
    0.00034612437774886383,
    0.0003311780681084659,
    0.00032954236296725206,
    0.0003236258080289406,
    0.00032086939802491006,
    0.0003181453500963891,
    0.00032961836013083276,
    0.0003456947029815739,
    0.0003169038568068152,
    0.00034749781596067305,
    0.0003405279129657282,
    0.0003685160042633387,
    0.00035955361387744495,
    0.0003291121795342037,
    0.0003562380134582298,
    0.00031764609413547116,
    0.00034806920806519117,
    0.00032668667202294393,
    0.0003170181192389292
  ]
}