{
  "loss": [
    0.047866232944887434,
    0.0037373562204070644,
    0.001330577279739956,
    0.0008555554995144667,
    0.0006988172571600678,
    0.0007020826300485748,
    0.0006371795507933287,
    0.0006989289356048057,
    0.000677823040930405,
    0.0006330352394679588,
    0.0006845799100196921,
    0.0006776234399040418,
    0.0006446912066094518,
    0.0006690458524195068,
    0.0006365118940550901,
    0.0006617014702956179,
    0.0006536319265418306,
    0.0006343704640482738,
    0.0006333696707463096,
    0.0007446234739008729
  ],
  "val_loss": [
    0.005555947460923053,
    0.002582153679331391,
    0.0015240951373664447,
    0.0012586681539216642,
    0.0011211145344815598,
    0.001124984386114067,
    0.0011348326382979719,
    0.00110970713164403,
    0.0011294539531813417,
    0.0010956590352672686,
    0.001111026043052471,
    0.0011075019636383522,
    0.0012217481791341191,
    0.0011203538458019358,
    0.0011234397288368138,
    0.0012395573454706335,
    0.0012359001137552039,
    0.001136934210660246,
    0.001289411873528853,
    0.0010997928217136874
  ]
}