{
  "loss": [
    0.07418175002184858,
    0.005785988125449882,
    0.004234532849507755,
    0.003828462565403313,
    0.0037036574940944203,
    0.0035552860644083245,
    0.003419156550748978,
    0.0031613224299539,
    0.002190079601718501,
    0.0010337867823844058,
    0.0007673641919757341,
    0.0007566325749063292,
    0.0006805328761684863,
    0.0005834174464627864,
    0.0006307926754608698,
    0.0006466093481363656,
    0.0005410288813500911,
    0.0005411974926949758,
    0.0005071058156883654,
    0.0005635131829642022,
    0.0006141558060399503,
    0.0005085831981106224,
    0.0005190800097951988,
    0.000521440718873394,
    0.0005128934936040137,
    0.00047770034058625046,
    0.0005091014861165424,
    0.0005154273501110293,
    0.00048627539096867447,
    0.000508904000686633,
    0.0005420043610172945,
    0.0004639913177433631,
    0.0005178726800674632,
    0.0004895076058169847,
    0.0004778455923535193,
    0.00048381398767627804,
    0.00047976511430617276
  ],
  "val_loss": [
    0.009661862863448717,
    0.005236632601058079,
    0.004757994317612742,
    0.004702078504750957,
    0.004639857164505175,
    0.004430456034376123,
    0.004572200773041801,
    0.0036367727101564743,
    0.0024494265737590817,
    0.0018265289438646392,
    0.0017073508036338676,
    0.0016938125468674774,
    0.0016584409470538383,
    0.0016801701145020371,
    0.0016909045355373437,
    0.0017245988697629148,
    0.00153921559580607,
    0.001880597667163501,
    0.0015071798444825546,
    0.001569346862839861,
    0.0014076364008936042,
    0.0016860929446026556,
    0.001391225068245904,
    0.001390809695089057,
    0.0016437614771358585,
    0.0016008631476216902,
    0.0012636897463277825,
    0.0013945567241401575,
    0.0016390681579198667,
    0.0017835429013248975,
    0.001463760997071378,
    0.0013800254302088824,
    0.0012744716648143942,
    0.001426168419170788,
    0.0013430595284822464,
    0.001607778433797155,
    0.0012899051840669648
  ]
}