{
  "loss": [
    0.0469424712220055,
    0.006963348997540939,
    0.0033142094247112087,
    0.002276588047030819,
    0.0018845720132693825,
    0.0016951985753569448,
    0.0015293611163797194,
    0.0014724766580267276,
    0.0013785585847778887,
    0.001274530825612729,
    0.0012292293368404877,
    0.0011453907465301175,
    0.0010699730698116134,
    0.0010246442739247172,
    0.0009648835792589182,
    0.000891451821202776,
    0.000838506302379487,
    0.0008281907811678812,
    0.0007860652657875068,
    0.0007249551195997717,
    0.0007130619078809326,
    0.0006658512223505777,
    0.0006316549876013605,
    0.0006356294484010295,
    0.0006342818240198784,
    0.0005943751181028422,
    0.0005433837875837535,
    0.00055099031094231,
    0.0005280240803157419,
    0.0005266131299244936,
    0.0005342083888308179,
    0.0004920997956283136,
    0.000489271750551336,
    0.00047209319289578326,
    0.0004789538889376955,
    0.0004624580714863726,
    0.0004407606642919442,
    0.00043074808766061434,
    0.00044340702005567207,
    0.000433190251398793,
    0.0004255223849129733,
    0.000412231290602335,
    0.0004144831268333757,
    0.00040462408325886917,
    0.00038580300975771546,
    0.0003989822742737109,
    0.0004010392009464711,
    0.00039833194140916214,
    0.00038126998815413377,
    0.00037209719400803663,
    0.00037586732643410983,
    0.0003710935324198148,
    0.0003784017754556942,
    0.00038945738529604226,
    0.00035959475964337335,
    0.0003584860363825762,
    0.00034812635067904123,
    0.0003567780752318639,
    0.0003768751963797781,
    0.0003538733668815806,
    0.0003399105975943104,
    0.00034284857730504327,
    0.0003366561424720428,
    0.00033901667182566496,
    0.00032702488185441363,
    0.0003288496029809521,
    0.00032768038422111034,
    0.00032900843541047573,
    0.00031689268168174435,
    0.00032025115386841087,
    0.00031700900631865224
  ],
  "val_loss": [
    0.008463903813561501,
    0.0025310952877325398,
    0.0010395577396357597,
    0.0008095771009474732,
    0.0007786401527082132,
    0.0007400411747064217,
    0.0007653205204385412,
    0.0007029920174749398,
    0.000719667301966507,
    0.0006702741997272069,
    0.0006662841641695499,
    0.0006396207670442143,
    0.0006162956386228546,
    0.000611983219241308,
    0.0006306225861400512,
    0.0005850708344787997,
    0.0005732462815316668,
    0.0005513859697556199,
    0.0005507800943769389,
    0.0005393298421604337,
    0.0005334470142936269,
    0.0005299981150725206,
    0.0005126165046580632,
    0.0005349917605886338,
    0.000536523166716394,
    0.0005273561656352938,
    0.0004961629041655415,
    0.0004975652878288948,
    0.000500915265048764,
    0.0005274263570126966,
    0.00048461154279289936,
    0.0005062051201262087,
    0.0004986526463657545,
    0.0004870829077406171,
    0.00048120169034018736,
    0.0004784040800658241,
    0.0004712224952343637,
    0.0005010617087885142,
    0.000473641919641237,
    0.0004952540761986447,
    0.0004734454606218867,
    0.0004840753581894099,
    0.000471009183097056,
    0.00046605579809744175,
    0.0004750729167375447,
    0.00048381514471908574,
    0.0004918668285645101,
    0.0004676174547792338,
    0.0004732815033970414,
    0.00047363311758978085,
    0.00048420503771462876,
    0.0005025187498128347,
    0.0004623525053965448,
    0.0004702576661912194,
    0.0004661762360747914,
    0.00046050818268011153,
    0.0004791883112282099,
    0.0005355344679605654,
    0.00048569106443969307,
    0.00046246959941316696,
    0.00046006524507583317,
    0.0004738191225785412,
    0.0004672373609168672,
    0.0004767797436522056,
    0.0004711215759674544,
    0.00048536077878296867,
    0.0004638270108825377,
    0.00046259051554236783,
    0.0004622206281443475,
    0.0004697631885197019,
    0.00047899071907795717
  ]
}