{
  "loss": [
    0.2720341309577266,
    0.006891159328037535,
    0.0037745057798395966,
    0.0030176770775851387,
    0.002593974624541242,
    0.002105513629284341,
    0.001329927610503235,
    0.000584634135355247,
    0.00044192444297052377,
    0.0004074109428548088,
    0.00033749017566743646,
    0.0003537729468200318,
    0.00029256550200130695,
    0.00027215873432145737,
    0.0002469338308513784,
    0.0003178747185960013,
    0.00023695659619412686,
    0.00021301300051808315,
    0.00020832534783363696,
    0.00020663473990768788,
    0.00022285598785464037,
    0.0002205141979962951,
    0.00020543406062675055,
    0.00021464220855514746,
    0.00018168832145215846,
    0.00018314694626987889,
    0.00019929608657993613,
    0.00018625974701015827,
    0.00016848421903611666,
    0.0003514262991700259,
    0.00022342045050035723,
    0.00017266546490416176,
    0.00022196232582869814,
    0.0002092489613759099,
    0.00016692330756425358,
    0.00016021227543055848,
    0.0001690907281508679,
    0.0002149142510149287,
    0.00018235888017837886
  ],
  "val_loss": [
    0.009498473412696287,
    0.005623083734414651,
    0.006703759074039663,
    0.004408689500891306,
    0.00432362377570846,
    0.003680583768273539,
    0.0031300878341892937,
    0.003114728025528323,
    0.0024656821591091164,
    0.0028205847967093917,
    0.002454713462024532,
    0.0026494209453946753,
    0.002373683267640602,
    0.0024150118129159033,
    0.002349092414981921,
    0.002187481856641244,
    0.0022983696387049377,
    0.0022652721379310767,
    0.0022779178586132525,
    0.002575851020869517,
    0.002556783886888744,
    0.0023388739316782692,
    0.002305350851558533,
    0.002132036666531308,
    0.0027254549377290025,
    0.0020962258636226653,
    0.001845756535596283,
    0.002254219165895358,
    0.0014557659572751536,
    0.0015351693749926579,
    0.0017181744935728786,
    0.002044417429065937,
    0.0021601428746699123,
    0.001587183344778001,
    0.0015939466682531594,
    0.002015909166406513,
    0.0016752800417445715,
    0.0020803691230901365,
    0.0014945581658305587
  ]
}