{
  "loss": [
    0.06491563238809049,
    0.009107494244661327,
    0.004495173246787314,
    0.00289019580943635,
    0.002124822505193601,
    0.0017707938465780114,
    0.001572874572141221,
    0.0014341599340863237,
    0.0013201840019491978,
    0.0012185452715740555,
    0.0011743039884950057,
    0.001097413917753332,
    0.0010452247389292758,
    0.0010417251882238754,
    0.0009883186461522439,
    0.0009654212569037959,
    0.0009531249751274346,
    0.0009217637816490112,
    0.0008785430113241972,
    0.0008613388905591288,
    0.0008578935900107421,
    0.0008239503310213372,
    0.000824029615820244,
    0.0007909392866440934,
    0.0007833808022074059,
    0.0007914071020262164,
    0.0007776911162718631,
    0.0007596868061536245,
    0.0007384327806321765,
    0.0007318416392338518,
    0.0007251651621137354,
    0.0007176525212491964,
    0.0007025571116295647,
    0.0006906856194898723,
    0.0006729562792765773,
    0.0006755981419495448,
    0.0006701471718018315,
    0.000674791341810405,
    0.0006583202327930701,
    0.0006384451987958997,
    0.0006324374256820119,
    0.0006503084797474684,
    0.0006384791550473327,
    0.0006254696280632971,
    0.0006136424652738463,
    0.000616461266895144,
    0.0006071464600808286,
    0.0005975496336528143,
    0.0006011889043408891,
    0.000605199602432549
  ],
  "val_loss": [
    0.012078873671086158,
    0.0032763260621893205,
    0.001950740070992523,
    0.001085855329204035,
    0.0008910825166267232,
    0.0008645350045108863,
    0.0008369982018961576,
    0.0008384656818125839,
    0.0008449877489300308,
    0.0008381762779265179,
    0.0008291733019727435,
    0.0008205378528074019,
    0.0008267861084570572,
    0.0008579197173312011,
    0.0008229639819865299,
    0.0008164748492240274,
    0.0008162205560674818,
    0.000818309788842091,
    0.0008018868241990564,
    0.0008362051800661588,
    0.0008085753908775495,
    0.0008162960560076823,
    0.0008060147825991576,
    0.0008034810636292532,
    0.0008109530238671449,
    0.0008088150821326269,
    0.0008043040755588961,
    0.0008097567472549019,
    0.000798426734580853,
    0.0008089989624354505,
    0.0007950912968329244,
    0.000793518535043034,
    0.0007942442161999222,
    0.0008060906278390416,
    0.000794250083663685,
    0.000791812736519986,
    0.0008118131564993222,
    0.0008266833400364312,
    0.0007873667114003861,
    0.0007851364473828068,
    0.0007870156807288275,
    0.000817186538508888,
    0.0008069762646346905,
    0.0007898807449997692,
    0.0007871892924767808,
    0.0007931774825457547,
    0.0008003202531392039,
    0.0007946461019511361,
    0.0008008827098203286,
    0.0007909002752006475
  ]
}