{
  "loss": [
    0.07749177904526657,
    0.012395338326628267,
    0.006675412745848661,
    0.004856691476421026,
    0.004389844355744406,
    0.0038919229284687454,
    0.00239637842616862,
    0.001717315876933541,
    0.0012687635041658707,
    0.0011206501644457625,
    0.0010641683032952625,
    0.000939233873074321,
    0.0009530547738525458,
    0.0009071933103371997,
    0.0008827517207566815,
    0.0008653735398962573,
    0.000888668335153795,
    0.0008652098515021915,
    0.0008014824362298545,
    0.0007919390271162187,
    0.0008148163678260596,
    0.000859010248747376,
    0.0009222275703950015,
    0.0008050816438905812,
    0.0007550158931798705,
    0.0007309405569981943,
    0.0007381806974725954,
    0.0008313371674143249
  ],
  "val_loss": [
    0.009368852954649315,
    0.005409163419570599,
    0.004729711239995862,
    0.004598580421363222,
    0.004732856713765291,
    0.00352207259679078,
    0.002470402919738997,
    0.0020224236860701744,
    0.0017507605090377,
    0.0019014406782690207,
    0.001597559256883203,
    0.0016024443241443014,
    0.0015330326082357132,
    0.001971402763177748,
    0.0014944666137807548,
    0.0017060132964334025,
    0.0014817138387295675,
    0.0013751117349469803,
    0.0015966167494954055,
    0.0015753326272018317,
    0.0014787667288854295,
    0.0015258354661955762,
    0.0014486458046715522,
    0.001979432764773126,
    0.0015347811443450336,
    0.001525824354576665,
    0.002291316209409974,
    0.002300022970116664
  ]
}