{
  "loss": [
    0.027838068403339678,
    0.012033817923746207,
    0.005897976334230934,
    0.0036001029085110606,
    0.0021384962348577194,
    0.001416225323268756,
    0.0010404330545377102,
    0.0008065788496277072,
    0.0006541921842181166,
    0.0005691676942524662,
    0.0005129964591628388,
    0.0004621957908345577,
    0.00048344697837010634,
    0.0003961854031421343,
    0.000377384024325269,
    0.00042577836354667944,
    0.0005097298375498856,
    0.00041409736927156205,
    0.00032158069391906985,
    0.0002937825708105108,
    0.0003274902486268167,
    0.00031927508898245335,
    0.0002764974541594821,
    0.0002778073197702504,
    0.0002788280650355238,
    0.00032155853605770175,
    0.0002751884073356238,
    0.0002566151807056613,
    0.0002465702017805684,
    0.00022773839666953108,
    0.00022736695985919463,
    0.00023850768850030508,
    0.00022594622267492926,
    0.00021384255944962625,
    0.00022792309565958024,
    0.00023153576900619355,
    0.00022251108165696596,
    0.0002152719063356763,
    0.00021532908130997036,
    0.00019761038504379486,
    0.00020411932720507513,
    0.00020498837699996472,
    0.00019436439153572584,
    0.0001972945562808242,
    0.00020684719844620873,
    0.00020961766975015662,
    0.00018629453647812092,
    0.00017879114336366128,
    0.0001937692235422157,
    0.0001763801539691269,
    0.0001791899604763831,
    0.00017900319775842824,
    0.0001647056344320061,
    0.00017560519881713873,
    0.00017374443034000214,
    0.00018585949290701132,
    0.00017740321642683562,
    0.00017060368871569325,
    0.00018056294536836743,
    0.00018923700077982036,
    0.00016712859310652264,
    0.00016147447533710268,
    0.00016393008099975834,
    0.00016317305382013565,
    0.00017269232934659403,
    0.00016653639148219926,
    0.00015829721651699892,
    0.0001590920105581432,
    0.00015607345100104836,
    0.00015523476623247832,
    0.00015327515885836903,
    0.00017612514842178277,
    0.00016451863762860101,
    0.00016915833659549877,
    0.00017191624212218264,
    0.00015995132534581762,
    0.00015304667240315396,
    0.0001462753001479684,
    0.00015549749360350976,
    0.00015319901269687865,
    0.00016000368289993252,
    0.00017701016827461873,
    0.000154929639100336,
    0.00015582946014597323,
    0.00013978381234318882,
    0.0001437501566539065
  ],
  "val_loss": [
    0.0037723069431226455,
    0.0008504357644534739,
    0.0004493501185922724,
    0.00036705105778266973,
    0.0005261901683621226,
    0.00029470893706037886,
    0.0003810024309956639,
    0.00028626156981493444,
    0.00036931503797518257,
    0.00028841381197966726,
    0.00028466044665288926,
    0.0002807787490207858,
    0.000421647749035236,
    0.00027672316771224035,
    0.0003589674923755683,
    0.0005274050273332418,
    0.0004352390218732003,
    0.0002597930507570105,
    0.0002556963915836957,
    0.0002490905972588625,
    0.00039406402353645465,
    0.0002471166272385298,
    0.00024546871845129194,
    0.00024252773086070193,
    0.00023824047758192021,
    0.0002748803889716299,
    0.00024372714472937202,
    0.0003128676231030889,
    0.00024271302311690954,
    0.00024191218636870887,
    0.0002447005559687374,
    0.00023290798653532833,
    0.00022099137154321422,
    0.00021885460210318522,
    0.00021394605305831036,
    0.00022490638242631818,
    0.0002120806340238104,
    0.0002324886351554769,
    0.00021094330310067512,
    0.00022814520002707107,
    0.00028745974711583464,
    0.00021990272054134386,
    0.0002621580106469269,
    0.00024211911281724714,
    0.0002444685714266093,
    0.00019976934157081358,
    0.00021351777332753068,
    0.00021107672429396778,
    0.0001987928750888559,
    0.0002308645049588056,
    0.0001975703170687685,
    0.00020749761731993156,
    0.00020287894166532236,
    0.0001948500526848157,
    0.00028507261548543317,
    0.0002334875701192761,
    0.00019223118964863573,
    0.00024693982205707633,
    0.0002310004023319718,
    0.00023094702392809725,
    0.0001889102038162802,
    0.0002286220739405301,
    0.00020524848450538332,
    0.0002647615293379564,
    0.0001867179232846778,
    0.00019452224477539112,
    0.00020377045989100208,
    0.00018715129783987541,
    0.0001864047902714165,
    0.0002200642534167307,
    0.00018787670572997217,
    0.00025675260748277774,
    0.00021617941840591085,
    0.0001848263618156523,
    0.0002588294621821976,
    0.00018272443197437366,
    0.0001854260169252795,
    0.0001842592211745938,
    0.00018357701280632938,
    0.00018274862053521584,
    0.0002241875752707621,
    0.00018543161767737218,
    0.00019696689594580534,
    0.00019708423487789476,
    0.0001843049600563724,
    0.00022584770395270466
  ]
}