{
  "loss": [
    0.009754207815630321,
    0.003871472074141488,
    0.0015008260830334237,
    0.0008977195540841029,
    0.0008142232543087281,
    0.0007728611326280013,
    0.0007522136470434227,
    0.0007237953072852795,
    0.0006965630168263443,
    0.0006921758628060573,
    0.0006834588152056946,
    0.0006796685484389771,
    0.0006554434100568032,
    0.0006559920608525529,
    0.0006944536638142549,
    0.0006382437030033984,
    0.0006311959842433292,
    0.0006250001588069099,
    0.0006301474923140776,
    0.0006091210915243442,
    0.0006068457627775648,
    0.0006043659571849532,
    0.0006041122981991275,
    0.0006122251186880903,
    0.0005896196108811949,
    0.0006020501849861069,
    0.0006131695573205858,
    0.0005887646439879115,
    0.0005760299315212483,
    0.0005779600854027639,
    0.000576905259044045,
    0.0005708016406966266,
    0.0005711134196472423,
    0.0005706508231599557,
    0.0005565878092557488,
    0.0005621250643956964,
    0.000582668458245949,
    0.000566292684761159,
    0.0005706116948420354,
    0.0005520507644570642,
    0.0005454314349009963,
    0.000551349182955773,
    0.0005556589619170398,
    0.0005428280724450486,
    0.0005422086967257906,
    0.000550079966755789,
    0.0005421704244451179,
    0.0005322215050902004,
    0.0005486162888636969,
    0.0005384511947180534,
    0.000540833916753071,
    0.0005314680593322125,
    0.0005260675323466537,
    0.0005229893514357245,
    0.0005419117173422046,
    0.0005500736521220548,
    0.0005361721953756631,
    0.0005417911561220343,
    0.0005290813399437766,
    0.0005247604259082612,
    0.0005276785279051832,
    0.0005234786905225218,
    0.0005271883544487476,
    0.0005228435403220192,
    0.0005239106196754239,
    0.0005335901402827303,
    0.0005202375917535456,
    0.0005280536196362801,
    0.0005242421834356262,
    0.0005253587668917516,
    0.0005270040752509782,
    0.0005169443405102036,
    0.0005239352221048893,
    0.0005336226476971798,
    0.0005268214206367173,
    0.0005510434483194371,
    0.0005491366852505649,
    0.0005226824001310648,
    0.0005202926928690319,
    0.0005269588383082875,
    0.0005222948245490832,
    0.0005207223186396588,
    0.0005173320637396352,
    0.0005173629090817653,
    0.0005184041213096501,
    0.0005201803065430259
  ],
  "val_loss": [
    0.021156756131693263,
    0.006426034885242122,
    0.002525144717747382,
    0.0020425100732563424,
    0.001915116155916611,
    0.0018504860351796076,
    0.001771699500215404,
    0.0016725441595508146,
    0.0016378043816197944,
    0.0015872179094248084,
    0.0015286531505443635,
    0.0014945934019547154,
    0.001462532865100068,
    0.0014969865350947513,
    0.00144744560765546,
    0.0014042912802074616,
    0.0014452191336466527,
    0.0013772454494297378,
    0.001362900400641231,
    0.0013476053601083886,
    0.001334348010487531,
    0.001341306801894497,
    0.0013085066160534089,
    0.0013072097286613298,
    0.0013410696991020161,
    0.0013251985930015937,
    0.0012864860588963814,
    0.0013047285526025655,
    0.001299580178257464,
    0.001323476876099581,
    0.0012520648157863202,
    0.0012481376065361296,
    0.0012431828170122595,
    0.0012406626692125235,
    0.00126518700265323,
    0.001229494732820249,
    0.0012517073847149976,
    0.0012177860324208414,
    0.0012477346016381051,
    0.0012224320263904455,
    0.0012168241201714724,
    0.0012427792918323136,
    0.0012187028078085819,
    0.0012085755345547253,
    0.0011862218960420508,
    0.0011908653057219477,
    0.0011852424371992798,
    0.001201986951208269,
    0.001214169050437719,
    0.0012043101083049003,
    0.0012166526185541677,
    0.0011879741067473753,
    0.001171545146903185,
    0.0011707817860396386,
    0.0012148874772696936,
    0.0012381797120319445,
    0.0011800545732769854,
    0.0011686218675181625,
    0.0012003082915076188,
    0.0011954283870362706,
    0.00116767034590693,
    0.0012121924897981937,
    0.0011842834030497162,
    0.001176753788188632,
    0.0011842459233488147,
    0.001183592242186143,
    0.001177773223628997,
    0.0011873889646978125,
    0.0011563087244197225,
    0.0011606474099837307,
    0.0011575000734963252,
    0.0011617377219742544,
    0.001217664404660046,
    0.001187130780786234,
    0.0012010072254581006,
    0.0011560596179684066,
    0.001195303208282066,
    0.0011587462181561947,
    0.001161984700177397,
    0.0011783602974554967,
    0.0011810676454949904,
    0.0011799294489803684,
    0.001165681146052653,
    0.0011574552462603218,
    0.0011641352629179463,
    0.001166246825384357
  ]
}