{
  "loss": [
    0.01092556087921063,
    0.007307407203340934,
    0.0019720433165811547,
    0.0007688040903354967,
    0.0006317684884885901,
    0.0006116838508761482,
    0.0005724557639892551,
    0.0005252848278154457,
    0.0005120315786671031,
    0.0004923050322552706,
    0.0004515841622681667,
    0.00043497532831890737,
    0.00043222264830770896,
    0.00043976392706310605,
    0.0004153351471016041,
    0.00045228400751444605,
    0.0003931527024973757,
    0.000370907822676886,
    0.0004017356671138995,
    0.00040339360695202054,
    0.0003674152411801844,
    0.00033330385344473217,
    0.0003252939642138743,
    0.0003247100538074505,
    0.0003089544919236312,
    0.0003188740095617569,
    0.00031036603322974265,
    0.0002945060684573374,
    0.0003072244076061545,
    0.0003169784109925617,
    0.0002886301964259704,
    0.00028525556553574567,
    0.0002707325368957871,
    0.0002709464999894622,
    0.0002647337256131117,
    0.0002599753864695586,
    0.00026007250570862084,
    0.00024148844775932996,
    0.00024311094523684785,
    0.00022497881406260018,
    0.00024619472494964034,
    0.00023564548176781275,
    0.00022198406946882213,
    0.00024590739052345045,
    0.00023120286759388818,
    0.00023652745168191268,
    0.00022846779359552498,
    0.00021244788617593962,
    0.00022219035336196917,
    0.00021275054924663078,
    0.00021054571296953372,
    0.00021559762940049932,
    0.0002340733269161955,
    0.00022368089025823782,
    0.0002082477892681845,
    0.00020336241674252762,
    0.00020935289502516962,
    0.00020844594666538982,
    0.00021908747692893054,
    0.00020762907707979353,
    0.00020807641027466596,
    0.00020219389386696244,
    0.0002059926135648163,
    0.000219963963996216,
    0.00021775665980644553,
    0.00020316317994389176,
    0.00020386479057938028,
    0.0002108149838358616,
    0.00021665458784861738,
    0.00020450060061544012,
    0.00022318071475886905
  ],
  "val_loss": [
    0.024111333388762552,
    0.013480330866691462,
    0.002647837282166217,
    0.0016348013066761922,
    0.0014855692086580487,
    0.0013698391012541306,
    0.0012371075899965417,
    0.0012111128876984513,
    0.0010809959679346501,
    0.0010178124059956719,
    0.000955808319022988,
    0.0008977773107398914,
    0.0009108647662941315,
    0.0008514331784073399,
    0.0009361682099764934,
    0.0008938914520956555,
    0.0008214909635538697,
    0.0007972319557397655,
    0.0007603558757754878,
    0.0007562068087362729,
    0.0006834889729189477,
    0.0006682996820200567,
    0.0006634666790185668,
    0.0006569273126814878,
    0.0006534298808115449,
    0.0006330930794884961,
    0.0006138815565299357,
    0.0005797335097642776,
    0.0006719137566919052,
    0.0005986934656168342,
    0.0005756392513990693,
    0.0005451053632118462,
    0.0005276814297854661,
    0.0005771864546413603,
    0.0005682266140090753,
    0.0005016487054001477,
    0.0005053871452794112,
    0.0005182373983731031,
    0.0004784071261535365,
    0.00047644433610187975,
    0.0004826507589962686,
    0.00048158648290897105,
    0.0004657027504567711,
    0.0004794121613534048,
    0.00047311205841720226,
    0.0004806894199205381,
    0.000453705514501002,
    0.0004548047106449744,
    0.0004493108057821673,
    0.0004499350568411929,
    0.0004571765383334524,
    0.0004457006537229663,
    0.0004527276766280226,
    0.0004453427518405342,
    0.0004767259767876995,
    0.00044358927961815056,
    0.00044872489995206383,
    0.0004783509423032735,
    0.00045855527251283053,
    0.00047048919997632005,
    0.00044271138365040624,
    0.0004494214828663135,
    0.00045616529996423853,
    0.0004599211696330406,
    0.0004631543750414225,
    0.0004510971023422253,
    0.0004607708945116132,
    0.0004766473898788639,
    0.0004519365385303165,
    0.00046156724142481397,
    0.0004912185432255777
  ]
}