{
  "loss": [
    0.010144707328120691,
    0.008727993539213079,
    0.00683657601063626,
    0.003109433929707888,
    0.002120189757943483,
    0.0019069506335525517,
    0.0017857580188150822,
    0.0017055688965735975,
    0.001679523816884421,
    0.0016044433743783594,
    0.0016042733260026548,
    0.0015512921326109662,
    0.001593357420205015,
    0.001544705837907319,
    0.001475322693050633,
    0.0014989819567221984,
    0.0014516727529070546,
    0.0014039403212924315,
    0.0014247293633499504,
    0.0014514047258937385,
    0.0014077150512206474,
    0.0013938051372337922,
    0.0014115779349514472,
    0.0013767005187516983,
    0.0013699366385529262,
    0.0014033077183731757,
    0.0014065604073827905,
    0.0013208774231638,
    0.0013133899226323166,
    0.0013234054987046834,
    0.0013161304227562736,
    0.0013306448087755558,
    0.001316327079141562
  ],
  "val_loss": [
    0.0274339776316827,
    0.027106604708189316,
    0.011682032522830095,
    0.009061102543703535,
    0.006932494675063274,
    0.006849729794670235,
    0.005980165103789081,
    0.005640118065374819,
    0.005270165010270747,
    0.005390298383479769,
    0.005097550678659569,
    0.005993762117048556,
    0.005908782615072348,
    0.005183437246490608,
    0.005473786541684108,
    0.00487271806394512,
    0.005297034111043269,
    0.005297511667859825,
    0.005408109546723691,
    0.005329858977347612,
    0.005091269183057276,
    0.0046976084016602145,
    0.004658871795982122,
    0.005230523815209215,
    0.005343014713038097,
    0.004679651232436299,
    0.004687121391973712,
    0.004886921812695536,
    0.0047825772992589255,
    0.00470328652723269,
    0.00472901143472303,
    0.005046057514846325,
    0.004708901725032113
  ]
}