{
  "loss": [
    0.009119503836239308,
    0.0033401811813515885,
    0.0013106921786101352,
    0.001024016388200066,
    0.0008985929143562598,
    0.0008073905589465629,
    0.0007366593320473609,
    0.0006782272519071547,
    0.0006679374918105526,
    0.0007201544366593302,
    0.0006095918369295836,
    0.0005883744927647878,
    0.0006055073627323227,
    0.0005780071992440228,
    0.0005573897456920797,
    0.0005942085834915264,
    0.0005251837535236608,
    0.0005062261381527592,
    0.0004635233277107366,
    0.0004241035847013003,
    0.0004201921454834109,
    0.0004054525499002562,
    0.00042999767317948204,
    0.00044232747488012406,
    0.0003900391108710581,
    0.00038380713306997025,
    0.00037004837756451794,
    0.0003923102889478889,
    0.00039901800042110115,
    0.0003744894318925348,
    0.0003824028785793032,
    0.00037502351013654975,
    0.00037136998045599274,
    0.00036507788930796614,
    0.00036110906594459123,
    0.0003597881685135702,
    0.0003742624150464495,
    0.00037295765999350433,
    0.0003676278009177776,
    0.00038033244437800433,
    0.00038026779452273227,
    0.0003860418149434083,
    0.00036227758637708154,
    0.0003589043712643513,
    0.00036485719783100446,
    0.00035363633774260293,
    0.00037646529053232935,
    0.00037669677625108564
  ],
  "val_loss": [
    0.021477508132330365,
    0.004108510765782948,
    0.003997868334083667,
    0.0027408007104418046,
    0.002235166238121397,
    0.001979509275536672,
    0.0018296044754962223,
    0.0016177968823158457,
    0.0018049590614775206,
    0.0016326701942331798,
    0.0014804240482645993,
    0.0014001069077961771,
    0.0013205042647395553,
    0.0015335344620355973,
    0.0014716686548238527,
    0.001319718881452966,
    0.0016174877430546466,
    0.001220908425045954,
    0.0010657971009466402,
    0.0011355745665957975,
    0.0010553610929959147,
    0.0012579484307467313,
    0.0010269637149368418,
    0.001057822589616827,
    0.001020890173460643,
    0.001015376985104307,
    0.0010262466804514634,
    0.0012638298150765912,
    0.0010638981342169992,
    0.0010060030354353386,
    0.0010909700207542316,
    0.0010860212236335864,
    0.0009332788430476904,
    0.0009580320326153543,
    0.0009624604633280893,
    0.0010246478916047005,
    0.0009538141123471812,
    0.0009222860693900362,
    0.0009623803913738974,
    0.001009469200185807,
    0.0010361769132565854,
    0.000973046643792147,
    0.0010046709303525615,
    0.0011717001062053042,
    0.0009453874604916981,
    0.001036161740893217,
    0.0010674682146005914,
    0.001128465291008603
  ]
}