{
  "loss": [
    0.009866915708743592,
    0.005638028046758411,
    0.0017074817482778505,
    0.001050309900386077,
    0.0007350906782325688,
    0.0006562403231005699,
    0.0005941887942315615,
    0.0006038349797775545,
    0.0005478580341418007,
    0.0005304636759314893,
    0.0005237657654409608,
    0.0005063568024831376,
    0.0004797862531060702,
    0.00044766239871671496,
    0.0004494640409574568,
    0.0004387129724382856,
    0.0004529053770079832,
    0.0004318682280036956,
    0.00040764658960244283,
    0.00042245125688003044,
    0.0004012451635443474,
    0.0003897467444437042,
    0.0003651155612661635,
    0.0003630035560078044,
    0.00037551881699792535,
    0.0003423553874790701,
    0.00035026715497573117,
    0.0003316813854166047,
    0.00032815459962396104,
    0.00034794295059227065,
    0.0003135331252681152,
    0.0003262290460972497,
    0.00032767345563638805,
    0.0003268710723480172,
    0.0003067361759271705,
    0.00027686550154263875,
    0.0002849388340778449,
    0.00028613973844599015,
    0.0002622477249090831,
    0.00026519775714990647,
    0.000272732321981819,
    0.00029704801490175697,
    0.0002551313443268095,
    0.0002619590446803057,
    0.00026200918341301243,
    0.00025916053848670795,
    0.00025949180272605234,
    0.0002725450366314848,
    0.00025411787231277886,
    0.00024105265391327068,
    0.0002331847916566091,
    0.00022505133055648524,
    0.0002498487171603542,
    0.0002463601434940395,
    0.0002709232518650516,
    0.00026344038910484767,
    0.00023363432486557133,
    0.00022092322620967438,
    0.00021883686001811066,
    0.0002458039424939142,
    0.00022524938806125578,
    0.00022745347851750144,
    0.00024119101233299978,
    0.00026113687851752926,
    0.00022587644613778797,
    0.00025545121092253456,
    0.00025879757816662884,
    0.00024539647289496916,
    0.00021548201628979508,
    0.00022371514755284387,
    0.0002335805915538328
  ],
  "val_loss": [
    0.021975581832541398,
    0.006202118785164648,
    0.002641828604234502,
    0.002134237414119573,
    0.0016596997733951695,
    0.0015117022417055074,
    0.0013474983743308917,
    0.0011902042258593116,
    0.0011749268012655727,
    0.001039134666666098,
    0.0010750446391413844,
    0.0009948852325109947,
    0.0010491893260316887,
    0.0009028349142433417,
    0.000840390496854839,
    0.0008208618640723252,
    0.0008625251803324041,
    0.0007938115463869693,
    0.0007562606180706749,
    0.0007510782546340423,
    0.0007539989365443774,
    0.0007411292014762883,
    0.0007222279981505074,
    0.0006982171995575672,
    0.0007047720947743894,
    0.0008173218917252086,
    0.0006496571910743988,
    0.0007332723158409087,
    0.0006283562679705015,
    0.0006161348188612455,
    0.0006763964453173806,
    0.0006916436865636534,
    0.0006156634417113467,
    0.0007258682762412744,
    0.0005887453022742421,
    0.0005736709259447841,
    0.0005246277026732226,
    0.0005914163021798814,
    0.0005271001095516467,
    0.0005373654167672416,
    0.0006019053271352923,
    0.0005284139173414071,
    0.0005052700231965984,
    0.0005943989903279541,
    0.0004950259291063631,
    0.0005432299026489144,
    0.0005064099739450951,
    0.0005587348720956397,
    0.0005294657840093852,
    0.000530662950537554,
    0.00046906108863542794,
    0.0005128211908471774,
    0.0004922467011350017,
    0.0004992719380052703,
    0.0006475026539622866,
    0.00046827439872177014,
    0.0005059498546270181,
    0.0005423762060703145,
    0.0004929656026337535,
    0.000571932788441492,
    0.0004654616887796629,
    0.0005342095648003405,
    0.0006962954595264743,
    0.00048057442306590197,
    0.0005481588893536282,
    0.0006833496120236918,
    0.0005926393359331388,
    0.000542142837694885,
    0.0005064709154204115,
    0.0005627403097858907,
    0.0004886061699462997
  ]
}