{
  "loss": [
    0.010375134230874446,
    0.007585886958165972,
    0.003062247984226186,
    0.0012864731952736753,
    0.0010481594900173927,
    0.0009348529013538413,
    0.0008661217751629683,
    0.0008396115569943472,
    0.0008028558786191243,
    0.0007517100675934146,
    0.0007448249230866981,
    0.0006941848229370716,
    0.0006803675961889951,
    0.0006832994003718645,
    0.0006555017317226772,
    0.0006433756207115948,
    0.0006388497722975187,
    0.0006299969594564601,
    0.0006616845462339959,
    0.0006416311441912493,
    0.0006532999869468848,
    0.0006400787843891834,
    0.0006063270207703737,
    0.0005914122121109082,
    0.0005940379913371172,
    0.0005905183692696598,
    0.0006116703601394029,
    0.0006172561997523129,
    0.00058656273541012,
    0.0005765857998361721,
    0.0005675455106582312,
    0.0005695846450252516,
    0.0005769627760595227,
    0.0005877167104932147,
    0.0005713039562711287,
    0.0005582484613595293,
    0.0005711348627341115,
    0.0005703934216010282,
    0.0005587350839178697,
    0.0005487053667909018,
    0.0005569169905020277,
    0.000546205672538031,
    0.0005559514168986337,
    0.0005521367733276527,
    0.0005645235538860119,
    0.0005454066434633069,
    0.0005399620295338136,
    0.0005519578971854915,
    0.0005349019861324702,
    0.0005458730050887798,
    0.0005357457022285212,
    0.0005309025595982104,
    0.0005291659733699019,
    0.0005240980886017272,
    0.0005259465488773414,
    0.0005513396703880198,
    0.0005344904449436042,
    0.0005242576718018575,
    0.0005503415307522411,
    0.0005278414304035876
  ],
  "val_loss": [
    0.025423260880451576,
    0.019130902340066952,
    0.0054500680821178175,
    0.004480983334116074,
    0.00414338868296593,
    0.0033824818674474955,
    0.0028863616427276233,
    0.0027537394646967367,
    0.0024145928528472907,
    0.002432157863022796,
    0.002147876231341573,
    0.002063819765196774,
    0.0019619701494115824,
    0.0018389265382980683,
    0.0018443119189120224,
    0.00178217104308735,
    0.001732005334996647,
    0.0017236748260918075,
    0.001649096314025735,
    0.0017314370831145959,
    0.0017153724202369693,
    0.0016048246748740225,
    0.0015702659827696176,
    0.001570358520558923,
    0.0016177636675578373,
    0.0014854992680507256,
    0.0015275211286071052,
    0.0015528649840104794,
    0.0014631753312606439,
    0.0014597768171400833,
    0.0014333533522925999,
    0.001431750234070362,
    0.0014974472409046413,
    0.0016043790083258552,
    0.0014216718446536391,
    0.0016058832910811889,
    0.001431640814755018,
    0.0014825745320067602,
    0.0014026017777402611,
    0.0013832137906918673,
    0.0013669120256739463,
    0.0013866681919931447,
    0.001368045724383151,
    0.001362802301330038,
    0.001396239152131211,
    0.0014193481940147402,
    0.0013849498421678983,
    0.0014579154117977252,
    0.0016029090876560606,
    0.0013385507958375063,
    0.0013464239943793423,
    0.0013941100140490912,
    0.0013878878423844983,
    0.0013520435018579708,
    0.0013706539151016152,
    0.001371033760361603,
    0.001353618451485447,
    0.0013601696138278027,
    0.0013542187775821746,
    0.0013422975487842718
  ]
}