{
  "loss": [
    0.012074986894185312,
    0.009612072483280769,
    0.009455645619737392,
    0.00832059524899912,
    0.0035630605807507342,
    0.002129472541637209,
    0.0017779578382322034,
    0.001788968765577733,
    0.0015419371842939169,
    0.001437500442807906,
    0.0014638648791419585,
    0.0013729936067553578,
    0.0013674879146978326,
    0.001245528005452099,
    0.0012110316039630465,
    0.0011640889634877839,
    0.0011768451279181387,
    0.0011376441956475114,
    0.0011771003254658439,
    0.0010963175827678432,
    0.001079042898244317,
    0.0010986651882691676,
    0.0011078875723128385,
    0.0010842708656184014,
    0.001038533378167337,
    0.0010266554552679327,
    0.0010097904454877654,
    0.0010068616675106073,
    0.000982371945459412,
    0.0009954526244352262,
    0.0009494141436019546,
    0.0009732777231977328,
    0.0010021808116221862,
    0.0010000340165632056,
    0.0010157898754584573,
    0.0009718847613438355,
    0.0009182376523397321,
    0.0009042728047511617,
    0.0009031239439061047,
    0.0009001791126672466,
    0.0008888779286445256,
    0.0009144912600295235,
    0.0008984913855223664,
    0.0009515667339081714,
    0.0009125646577930083,
    0.0009041723791637333,
    0.0008632053389824581,
    0.0008621860391647446,
    0.0008531409464303659,
    0.000868717816023045,
    0.0008714734902502619,
    0.0008738710742626775,
    0.0008937571022996708,
    0.0008896865893286914,
    0.0008777811308905367,
    0.0008752372313987785,
    0.0008588925530829736
  ],
  "val_loss": [
    0.02865481339736575,
    0.028268890954522556,
    0.027796520859433918,
    0.020758681290892013,
    0.00914123582381792,
    0.007608490131732355,
    0.0066604903624596645,
    0.0051826553777837535,
    0.004956701241383705,
    0.0044249802333932,
    0.004217587954565694,
    0.004098605150448839,
    0.003980722970280623,
    0.003648006223596643,
    0.0035060894017453254,
    0.0034235479899291975,
    0.003507346019598068,
    0.003350900883631379,
    0.003410200442927029,
    0.003519030783078482,
    0.0032427405803208205,
    0.0036235744674126547,
    0.003467248808540015,
    0.0033957440807051925,
    0.0035465375713384035,
    0.002850051069821327,
    0.0030637172038295163,
    0.003322685003242546,
    0.0032765722839484895,
    0.003295809597667564,
    0.0030480913636609596,
    0.0031057075936904203,
    0.0029361575189386776,
    0.0029083527962851887,
    0.002825269209252531,
    0.0032914777323130744,
    0.002803533282676089,
    0.0025757473886238967,
    0.002692087576100642,
    0.003030715503681278,
    0.002980519646360987,
    0.0028381737524430743,
    0.0027679535763913553,
    0.002812290864987417,
    0.003052851821792447,
    0.002543245915918544,
    0.0025135068930895693,
    0.0027131578098189175,
    0.0026586892809692575,
    0.002636036870256329,
    0.0027888575649251492,
    0.002798104821934203,
    0.002680263158402896,
    0.0028293948393638218,
    0.002794020618108457,
    0.0027423838138047013,
    0.0026743495656237825
  ]
}