{
  "loss": [
    0.009763972307853483,
    0.005197415521438285,
    0.002549404395429652,
    0.001360453310922183,
    0.0012458043389338958,
    0.0011776257472608247,
    0.001157288373731669,
    0.0011433496883665325,
    0.0011484723220009842,
    0.0010921433270923283,
    0.0010646791173716714,
    0.0010524525877631066,
    0.001043069593081041,
    0.0010460689153509917,
    0.0010465120543596267,
    0.001058693628842484,
    0.0010407445470701747,
    0.0010075364772242723,
    0.0010196773079378123,
    0.0010055074349526833,
    0.000990330540471264,
    0.0009990555540582465,
    0.001000657659764124,
    0.0009960654590003373,
    0.000982739758794967,
    0.0010004212972903356,
    0.0009673702872613194,
    0.0009758868376019248,
    0.0009543364195802781,
    0.0009586955623692991,
    0.0009479954679934493,
    0.0009474588061064055,
    0.0009497119372075313,
    0.0009560355616200954,
    0.0009378441577575789,
    0.0009386522382411439,
    0.0009228932636812593,
    0.0009230424045835916,
    0.0009186097787216174,
    0.0009263481763366273
  ],
  "val_loss": [
    0.023630358938164536,
    0.01100145933075121,
    0.004063093302474582,
    0.003536292282491397,
    0.003175079284304141,
    0.0030672795494574375,
    0.0029346318918770267,
    0.0030177314805158524,
    0.002807063545784762,
    0.0027239087595353467,
    0.0026445517501017483,
    0.002591460649474499,
    0.0025529663439062445,
    0.00253550260694243,
    0.002550585261593364,
    0.002517567497608482,
    0.0025135997672301254,
    0.0024828655899427465,
    0.002468891081574921,
    0.0024581067062118345,
    0.002375433394029915,
    0.002383822266193703,
    0.002387737178497216,
    0.002341826771299272,
    0.0024056691646494486,
    0.0023259631179441266,
    0.0023517663914405535,
    0.0023389238183096324,
    0.0023753127739639963,
    0.0023227739371149175,
    0.0024032848120347844,
    0.0023549771700212036,
    0.0023333264093804047,
    0.0023468820951558513,
    0.002342399562103477,
    0.0023982689644660594,
    0.0023755358097935554,
    0.0023500873562413544,
    0.0024418681236023374,
    0.002532967306839037
  ]
}