{
  "loss": [
    0.011160416548362875,
    0.00993431046011701,
    0.009851251397512655,
    0.007558705298378404,
    0.0034242483469929578,
    0.002514421829821921,
    0.0023434490187967246,
    0.002200426746044407,
    0.0020226133315601443,
    0.0019079291476019188,
    0.0018118149258888664,
    0.0017606985738781173,
    0.00174527621057412,
    0.00177256241440773,
    0.0017283949607455756,
    0.0016256977849335005,
    0.00162205386399992,
    0.0016227813627142295,
    0.001651063985891838,
    0.001571310540059565,
    0.0015614536378648033,
    0.0015506440911656329,
    0.0015411101872991539,
    0.0015384353575733515,
    0.0014758916765418464,
    0.001527566569074329,
    0.0014974888840657288,
    0.0014659622599642757,
    0.001430648818521439,
    0.0014210891361818112,
    0.0014191842421609085,
    0.001426634854694779,
    0.0014172848037946805,
    0.0013972847864641685,
    0.0013974241586814148,
    0.0013675057419897181,
    0.0014269725693620543,
    0.0013726017367820032,
    0.0013472750848900956,
    0.0013457858298320028,
    0.0013581284896709619,
    0.0013643659556498834,
    0.001348475441213005,
    0.0013700448844037884,
    0.0013104584653227203,
    0.0013012635548376537,
    0.0012987708011477262,
    0.0013054372905547508,
    0.0012649272100802148,
    0.0012684230713289131,
    0.0012664937230849028,
    0.0012444868743568,
    0.0012802106337580599,
    0.0012763564256473188,
    0.0012479163318938385,
    0.0012679588737839883,
    0.0012594708612402984,
    0.0012347192163537958,
    0.0012368372501393335,
    0.001333628683680652,
    0.0012634824623510372,
    0.0012348709854635253,
    0.0012186834706092436,
    0.001235696767761776,
    0.0012465033579238617,
    0.0012479331876991927,
    0.0012170372755406836,
    0.0012622482606943334,
    0.0012686733185288917
  ],
  "val_loss": [
    0.029496586119586773,
    0.029393844983794472,
    0.028802590783346783,
    0.014906708659096197,
    0.009884484662589703,
    0.007913528835739602,
    0.007142651995474642,
    0.006763666825876994,
    0.006501937009902163,
    0.005724356213415211,
    0.005177998322654854,
    0.005173521328040145,
    0.005610247089696879,
    0.006363703139041635,
    0.005347839281470938,
    0.005261063840324906,
    0.0050645043798299,
    0.0051372837783260775,
    0.004815852862190117,
    0.005104342136870731,
    0.004847979723391208,
    0.004794378542679955,
    0.005493675718422641,
    0.004549571080133319,
    0.0045894138430329886,
    0.0046447535172443495,
    0.004602698302319782,
    0.00474561687389558,
    0.00437710753811354,
    0.004389168303036554,
    0.004577255035242574,
    0.004257559733973308,
    0.0046503477285362105,
    0.0043039484034207735,
    0.004080769955180585,
    0.0038492595141922884,
    0.004247854887084527,
    0.004261346110566096,
    0.00387573606249961,
    0.004293456112711944,
    0.0036737450229173355,
    0.003846744392913851,
    0.004022396571764892,
    0.0036655156026509676,
    0.003825964787128297,
    0.003679080061953176,
    0.003635449567809701,
    0.0034546021647243338,
    0.0037923147161067886,
    0.0035214334493502975,
    0.0034925158516588535,
    0.0034431298792531543,
    0.003447119654579596,
    0.00377402146643197,
    0.0035365852527320385,
    0.0036204915959388018,
    0.0034824358828535133,
    0.00377644300037487,
    0.003247436390004375,
    0.0038737953344190664,
    0.0034696525386111302,
    0.003558169637637382,
    0.003537245877933773,
    0.0034914603986015372,
    0.00397870379542424,
    0.003429671918803995,
    0.0033524067310447044,
    0.003654492659155618,
    0.003530973886055025
  ]
}