{
  "loss": [
    0.009172308744049408,
    0.006916156278031183,
    0.0017705252525252355,
    0.00101578880829448,
    0.0010242580229573896,
    0.0009921774674784129,
    0.0008811243476910175,
    0.0007530064002322165,
    0.000764817297032339,
    0.0007257354954047732,
    0.0007057266111459426,
    0.0007059653215831749,
    0.000649841527723458,
    0.0006908384384587407,
    0.0006479866832206157,
    0.0006112353777853955,
    0.0005769686450407853,
    0.0005360940835294379,
    0.0005544063181806565,
    0.0005491840453083877,
    0.0004927699661544774,
    0.0004925800329172642,
    0.0004744613034860559,
    0.0004796247070976599,
    0.0004675470519660067,
    0.0004490990979551062,
    0.00046238575161854464,
    0.00045952600267925626,
    0.0004678328634685719,
    0.0004443105623375257,
    0.0004916855123412179,
    0.0004549612816665846,
    0.0004160903221238929,
    0.0004283906178693221,
    0.00044214440522794153,
    0.0004374150327787223,
    0.00042684502288056406,
    0.00041280126545092905,
    0.00044281768258398686,
    0.00043880421271495204,
    0.0004110865349861675,
    0.00041095402073705383,
    0.0004322515402159745,
    0.00042983131363502587,
    0.00045386016857482385
  ],
  "val_loss": [
    0.015897055848517232,
    0.008534986000279141,
    0.003432381636718049,
    0.002616436115346391,
    0.0024709734062835905,
    0.0023953018088268335,
    0.0018413620669259455,
    0.002022531077359392,
    0.001604478910966001,
    0.0017735175261606967,
    0.0016025488034629538,
    0.0013530094666905992,
    0.001324511134435095,
    0.001594320185776467,
    0.0013173438901960975,
    0.001162308808051924,
    0.0011660717635847337,
    0.0011080999802746004,
    0.0010751487170840358,
    0.0013011119529401998,
    0.001125578393290787,
    0.0009964097212537,
    0.0009672515554088245,
    0.001009875831425752,
    0.0009486734068447817,
    0.0009803835405999346,
    0.0009199279073011859,
    0.0011838262041578037,
    0.0010998663492500782,
    0.0011314708442302349,
    0.0011974989326655157,
    0.0010338246402221436,
    0.0010243205300938109,
    0.0009200215266819773,
    0.0008820791689122314,
    0.001079144745846617,
    0.0010019351810206499,
    0.0010333495790479633,
    0.001316772999050741,
    0.001008625889220405,
    0.0011924867795951998,
    0.0010501936584705871,
    0.0009313048310343738,
    0.0009753313582187633,
    0.0011131690942562658
  ]
}