{
  "loss": [
    0.07686627511239341,
    0.010407660475975236,
    0.008392289008279116,
    0.006655482328589389,
    0.0032879224632996204,
    0.0027100696734195908,
    0.0018554363743079289,
    0.0013924477805402006,
    0.0012572806479129734,
    0.0011725400023524203,
    0.0012715468464304116,
    0.0012304502987008847,
    0.0011469080129321706,
    0.0011646400265412089,
    0.0010770045878225835,
    0.001136578147908134,
    0.0010407023090986374,
    0.001119988496008249,
    0.001152157702171768,
    0.0010597994661053218,
    0.0010601541605648518,
    0.0010471099356978836,
    0.0010329049025614957,
    0.0011127789848675298,
    0.0011380454518155876,
    0.0011855603820206412,
    0.0010669484106200864,
    0.0010359393395730201,
    0.001036144777305967,
    0.0009509433598245266,
    0.0009538120943765109,
    0.00099850529062132,
    0.000988055851077147,
    0.0009972440749591845,
    0.0011375678374501929,
    0.0009586506935913799,
    0.0010378287444158434,
    0.0011245843297781352,
    0.000990583176496408,
    0.0009581894131693948,
    0.0009082026176245073,
    0.0010217370412458416,
    0.0009775633442114882,
    0.000969286994658057,
    0.0010629196843763538,
    0.0010478843386165764,
    0.000957069760748693,
    0.0010144298322597482,
    0.0009647533935895621,
    0.0009436838888043073,
    0.0009588507029523962,
    0.0009568087508640854,
    0.0009015246320908548,
    0.0009321658934772869,
    0.0010043766168634886,
    0.0010065156445791224,
    0.000922397999802222,
    0.0009052414941513051,
    0.000928464023474497,
    0.000961676009321096,
    0.000953396162733633,
    0.0010765814868975883
  ],
  "val_loss": [
    0.03152143510323864,
    0.02748406610132441,
    0.024349690146996457,
    0.020461873161213732,
    0.011563751581210344,
    0.008834982969980735,
    0.006691329443908713,
    0.006334874199043923,
    0.005249658051079562,
    0.005044221763114204,
    0.004769870874108103,
    0.004441286743275706,
    0.004702877076618552,
    0.004253457890815602,
    0.00430700658920401,
    0.003827469511422603,
    0.003910276744572501,
    0.004302285165343386,
    0.004393796457177388,
    0.004107755872227872,
    0.003892015198137932,
    0.0035079390362919177,
    0.0035660976152578094,
    0.0034856890270431305,
    0.0036123972602861137,
    0.003966413230118992,
    0.0034088813456771066,
    0.003771030438974584,
    0.0035016982450329914,
    0.003445041632576621,
    0.0031970061587724093,
    0.0034211976657265585,
    0.003675248956292006,
    0.004113670169738383,
    0.00331646698981534,
    0.0033473841565541595,
    0.003430293277904328,
    0.0032986723601145535,
    0.0031894854570729777,
    0.0032567547073348705,
    0.0032068372323809584,
    0.0031362835124755023,
    0.0030934885466058853,
    0.0033047935907034092,
    0.003423855947698394,
    0.0033218718251431484,
    0.0032862596202652234,
    0.003290300728091169,
    0.0032879637941134877,
    0.003192800347402965,
    0.0031947292734268522,
    0.0030385924264137096,
    0.003055235366396112,
    0.0033588835648398936,
    0.003329584795366894,
    0.003949196177714718,
    0.003144214774070804,
    0.0031404609795875208,
    0.003381943788605365,
    0.003111002345442015,
    0.003375768178597103,
    0.0035417043024014647
  ]
}