{
  "loss": [
    0.031505492582209506,
    0.010347272955018801,
    0.005677457075244964,
    0.0034321269516815927,
    0.0021471152993954436,
    0.0014180898038332948,
    0.0011811378344782058,
    0.000989657924092795,
    0.0007937850828692907,
    0.0007215956138551773,
    0.000689555229942692,
    0.0006675567766061756,
    0.000609553367501123,
    0.0005917608408358116,
    0.0005494437532981885,
    0.0005526833924061063,
    0.000586159192902104,
    0.000474604430665584,
    0.00047388580187879953,
    0.0004879120242165151,
    0.00045023875733060973,
    0.00045250405988712505,
    0.00043206114674981425,
    0.00042967225443170447,
    0.0004443000558374258,
    0.0004948136611618823,
    0.00039263994898544683,
    0.0003966228358026532,
    0.0003652812129483708,
    0.0003740921600786486,
    0.0003827330709591495,
    0.00039366731732340794,
    0.0004045542626424218,
    0.00038013065361504653,
    0.00036190842852596827,
    0.0003530848854524063,
    0.0003594234171857944,
    0.00035091277883877927,
    0.0003302954245344781,
    0.0003355940667555644,
    0.00034852136656922096,
    0.00034572960573226857,
    0.0003424988228278095,
    0.0003125568394767892,
    0.0003212957454117534,
    0.000312472536891458,
    0.0003271431017813675,
    0.0003493869501948701,
    0.00030725444352709696,
    0.00033067132469402627,
    0.0003217839876367164,
    0.0003201445639524576,
    0.00036848319277475304,
    0.00035381661265230065,
    0.0003146477650124875,
    0.0003000567304220283,
    0.00030055630588846685,
    0.00030609425063111485,
    0.0003068317839044016,
    0.0003034393778689232,
    0.00030927709761983247,
    0.0003217540939841026,
    0.0003242460991769518,
    0.0002921397742524943
  ],
  "val_loss": [
    0.006391400806631758,
    0.0018195213940030892,
    0.0016755119610116051,
    0.001317640108787286,
    0.001166550379666736,
    0.0010629323764164572,
    0.001125759299692742,
    0.0009843667709362022,
    0.0009899695985464115,
    0.0008952914946971975,
    0.0008831054064176696,
    0.0008858107102543251,
    0.0011127029723470932,
    0.0009145060519124887,
    0.000914111654394148,
    0.0008285750224271888,
    0.0008554261476599189,
    0.000829140631213504,
    0.0008548388488183426,
    0.0008032010064958426,
    0.0008468268483599601,
    0.000846850720553952,
    0.0006755970635394303,
    0.0007839776490604853,
    0.0007529016422019613,
    0.0007680244088785147,
    0.0007125858600448536,
    0.0007247296397860907,
    0.0006763882746804547,
    0.0008259127564270381,
    0.0006603944018219849,
    0.0008117079412633382,
    0.0008413677708917715,
    0.0007093021260901331,
    0.0006651627945630684,
    0.0006375501273961317,
    0.0007466334783281446,
    0.0006044851829236877,
    0.0007240908357579375,
    0.000659170095607104,
    0.000877231109059159,
    0.000578820176599651,
    0.0006286712978839417,
    0.0006169245875386059,
    0.0007721085277610409,
    0.0005720639392191384,
    0.0006698424816663405,
    0.0006163898232998716,
    0.0005464780808025634,
    0.0006922190626441115,
    0.0005840475990081564,
    0.0005869565947982677,
    0.0007052105717058748,
    0.0005200395676272358,
    0.0006463843058764903,
    0.0005417094930901366,
    0.0005827117223269242,
    0.00060039441839631,
    0.0006256636276239306,
    0.0005246955282988758,
    0.0006747992312364426,
    0.0005439247299293134,
    0.00065091278398809,
    0.000640046859401976
  ]
}