{
  "loss": [
    0.0781699728748176,
    0.016362470536764744,
    0.009742974041573768,
    0.004907891481488415,
    0.0030262904204593033,
    0.002617382058313331,
    0.002213454576192704,
    0.0019268778962519975,
    0.001792311454109386,
    0.0018668638064270526,
    0.001727635285248403,
    0.001811398090217757,
    0.001750554318902437,
    0.0015829810827344129,
    0.0016171631374421109,
    0.0016012742470504831,
    0.0016293325306913626,
    0.0015388143805177075,
    0.0015810197175983175,
    0.0014832625324236212,
    0.0014499170326553615,
    0.0015073948807651754,
    0.0017261104853988616,
    0.0015276991249169264,
    0.001613362350468153,
    0.0014938156777762075,
    0.0014888751252546116,
    0.0014431579092072438,
    0.0013986411558019112,
    0.0013866322988693694,
    0.0017078680530256403,
    0.0017417767342691004,
    0.0014557014258611387,
    0.0013727885912032385,
    0.0014468662970312006,
    0.0013968796842212302,
    0.0013661326894091558,
    0.0013816960353766922,
    0.0013799619059432792
  ],
  "val_loss": [
    0.03146500936286016,
    0.027570324611257423,
    0.01863237444988706,
    0.013819698498330334,
    0.011249092619188807,
    0.010089181194251234,
    0.008278410416096449,
    0.007522285196252845,
    0.006341154898770831,
    0.006290757753462954,
    0.007206495322117751,
    0.006492790977724574,
    0.006321170430799777,
    0.006522516762329774,
    0.006009340116923506,
    0.0060957730324430895,
    0.00633510178886354,
    0.005535627609457482,
    0.005452819062735547,
    0.005753555800765753,
    0.005665511104532264,
    0.0053937993732027035,
    0.0057573072315955705,
    0.005835722179406069,
    0.006065439432859421,
    0.006199945441701196,
    0.005209431136873635,
    0.006120192204517397,
    0.005198228405788541,
    0.005584829359907995,
    0.006592774276875637,
    0.005769664125347679,
    0.00574333711781285,
    0.005470667330717499,
    0.005759739761494778,
    0.005618311676450751,
    0.00568568113852631,
    0.00589570678262548,
    0.006042332896454768
  ]
}