{
  "loss": [
    0.051099654338198956,
    0.0035610420668530647,
    0.0016981461367660522,
    0.0014231317668362002,
    0.001496824155874814,
    0.0013103419471845294,
    0.001312563409287054,
    0.0013285636547458383,
    0.0013337736617592452,
    0.001285063143844296,
    0.0013217776033005355,
    0.0013711173831180265,
    0.0013318458172303122,
    0.0013070342318459818,
    0.0013051499355073392,
    0.0013264825155513476,
    0.001357295455625363
  ],
  "val_loss": [
    0.01730770185928453,
    0.0048047813840887766,
    0.0037870620462027464,
    0.0036930428733202543,
    0.003592922394587235,
    0.0037258167708800597,
    0.003450201443311843,
    0.0035837038144977255,
    0.0036894529952074995,
    0.0036815898069603877,
    0.0037273713916709476,
    0.0036365773994475603,
    0.003689699139530686,
    0.003710250465453348,
    0.003774613861671903,
    0.0036141807848418302,
    0.003653168805282224
  ]
}