{
  "loss": [
    0.10835198017682404,
    0.009292395762475576,
    0.005477463148353777,
    0.0022500952586761392,
    0.0013854352959907627,
    0.0011532392311792016,
    0.0011450762545591475,
    0.0008505980332898969,
    0.0007910326310425242,
    0.000802601886695735,
    0.000833329013579562,
    0.0007783753154819856,
    0.0007766750389874179,
    0.0007174333881090359,
    0.000778299233607439,
    0.0008496875899314618,
    0.0010623190257111606,
    0.0007565256928212711,
    0.0008232894230486275,
    0.0005941469097173555,
    0.0006136488262256238,
    0.0006110793086269354,
    0.0006901434445261364,
    0.0006332132201703339,
    0.0007321644359266197,
    0.0007191375643630319,
    0.0006161038689715336,
    0.0006324691841038281,
    0.0008937649499103919,
    0.0006284421043406909,
    0.0006179901575341426,
    0.0007286717079780865,
    0.0007131739876987946,
    0.0006213066911238701,
    0.000614094495771264,
    0.0006752603976589337,
    0.0007361802661746314,
    0.0006177252533410713,
    0.0007075852075476807,
    0.0006045159207870323,
    0.0007174873667141414,
    0.0006400234259291663,
    0.0006767854880693364,
    0.0007348566863784312,
    0.0007737526033147513,
    0.0008668584609609343,
    0.0006670174648931931,
    0.0006894185421126792,
    0.0006233841438761334,
    0.000615814803316902
  ],
  "val_loss": [
    0.02765147229369615,
    0.020201953156676444,
    0.013237750382066107,
    0.0075932480316577835,
    0.005568862942253508,
    0.005036118676421605,
    0.003824199588985002,
    0.003519942013531172,
    0.0032599015593142654,
    0.0033288054013003907,
    0.0030284165339518328,
    0.002712810367048413,
    0.0025024292599253295,
    0.0025167024286114285,
    0.002448075017252681,
    0.0028470891582615234,
    0.0022933446020879248,
    0.002459640130765882,
    0.0021312975119903727,
    0.00235951308575811,
    0.002039329846016541,
    0.0021327607925845627,
    0.002001253792791724,
    0.0019304458096268632,
    0.00219886249103466,
    0.002030945866282622,
    0.0018850383316153655,
    0.0018537421743398538,
    0.0022522132541770404,
    0.001861435315553464,
    0.0019058851304748397,
    0.001898198518628145,
    0.001786100710429126,
    0.0021140682576250296,
    0.001818748235347725,
    0.0019486702330337436,
    0.0022437631058655366,
    0.0017610881855862647,
    0.0017317226740299445,
    0.0016806572734401758,
    0.0020687733127941646,
    0.001757238171759899,
    0.0021116887424689006,
    0.0018537167605816149,
    0.0026645752215231,
    0.0018308183262437708,
    0.0018202629287959356,
    0.001696453871288929,
    0.0020567382228005083,
    0.0019340481284969284
  ]
}