{
  "loss": [
    0.07023429407205671,
    0.010354569198247086,
    0.004167945316229962,
    0.002974313933394076,
    0.002507403270581996,
    0.0022634073216098033,
    0.0020938867401890868,
    0.0019482381534444016,
    0.0018315258173777764,
    0.0017728548491307869,
    0.0017115657162291324,
    0.0016324858680762202,
    0.0015535973490444044,
    0.0015461404310337886,
    0.0015246818488192382,
    0.001444797965473851,
    0.0014333149722507985,
    0.001438377748056424,
    0.001383921411248216,
    0.001370637815457997,
    0.0013462163323421385,
    0.001333362041822497,
    0.001324007779701097,
    0.0012982115622868896,
    0.0012889402890248968,
    0.0012551959599399112,
    0.0012465535681057418,
    0.001259521783276093,
    0.001233589452245246,
    0.001197144642824854,
    0.0011997383248747613,
    0.001194736325216971,
    0.001190928863176447,
    0.0011651584044896544,
    0.0011639193668200843,
    0.001160419555781841,
    0.0011574544916628442,
    0.0011486918961004279,
    0.0011359595773313975,
    0.0011228583370711629,
    0.001114632571028714,
    0.0011168262793293951,
    0.0011056122638873147,
    0.0011034440510817875
  ],
  "val_loss": [
    0.026707999295277892,
    0.007027436692099519,
    0.0029376031366559153,
    0.002710879046557936,
    0.0027984410784783944,
    0.002691767383885684,
    0.0026633611696999524,
    0.0026377724301022685,
    0.0026047267850583,
    0.002575841729531829,
    0.002524499607874062,
    0.002564594319861314,
    0.00250256403920087,
    0.0025461199640838903,
    0.0024610475252142073,
    0.002522250678297001,
    0.0025092004553699926,
    0.00248452984433679,
    0.0024510562940065882,
    0.00241908963887239,
    0.002462960659803452,
    0.002473718022542765,
    0.0024247705230058523,
    0.0024045762891338664,
    0.002495278404501486,
    0.002475749806839873,
    0.002439162289173367,
    0.0024661329111520447,
    0.002431957408613742,
    0.0024171827708427468,
    0.0024084850440684535,
    0.002395070446438415,
    0.0024099789186458305,
    0.0023502064941054255,
    0.0024262874323824797,
    0.0024620520830422386,
    0.0024046693867458653,
    0.002412917569597555,
    0.0023875672602369246,
    0.0023778651399953008,
    0.002361790833525801,
    0.002353564829681179,
    0.002393417795482965,
    0.002403069511830954
  ]
}