{
  "loss": [
    0.10966434581598765,
    0.014750826447992258,
    0.0061302487508879165,
    0.003416040994253167,
    0.0028354704845696688,
    0.0023910062859805537,
    0.002178816357627511,
    0.001890666866478261,
    0.001717197010293603,
    0.0015615422563942175,
    0.0014823472494600524,
    0.0013668251578027094,
    0.0013106115749368155,
    0.0011460653688220807,
    0.0010944010024155739,
    0.001065624412149191,
    0.000994683433533974,
    0.0009924096848920618,
    0.0009292974440105469,
    0.0009094722057417245,
    0.0008621534568742967,
    0.0008333885860235863,
    0.0008189377135557818,
    0.0007840211021149872,
    0.000779093647356027,
    0.0007638101093798981,
    0.000726244855068729,
    0.00070857116624608,
    0.0006872779209311055,
    0.0007227499752869488,
    0.0006998724650106275,
    0.0007251654759797097,
    0.0006906665315602342,
    0.0006725136067678916,
    0.0006564507854472793,
    0.0006348094271666462,
    0.00066366888136721,
    0.0006578073125253891,
    0.0006280776078839012,
    0.0006077099684953795,
    0.0006106302017529666,
    0.0005923872534841509,
    0.0005829882567000746,
    0.0006081387671169786,
    0.0005773283052586124,
    0.0005815998514996134,
    0.0005759543626123226,
    0.0005749025091883057,
    0.0005392104737349117,
    0.0005387036272482028,
    0.0005487300296523936,
    0.0005259823728792212,
    0.0005248000289470901,
    0.0005264438452645087,
    0.0005155763847910812,
    0.0005154041454530465,
    0.0005304758255796271,
    0.0005240746057251285,
    0.0005051465746028428,
    0.000513033046957735,
    0.0005092974645610321,
    0.0004980188161528236,
    0.0004778719551428418,
    0.0005063856685448857
  ],
  "val_loss": [
    0.046106390863157515,
    0.01300916233615086,
    0.0029547713087564697,
    0.0019451339391590872,
    0.0018207825321636512,
    0.0015710533928911738,
    0.0015063750064624837,
    0.0015331861786102075,
    0.0014701984834456661,
    0.0014162826938450587,
    0.001350314109573172,
    0.001338828381088526,
    0.0012877146975532716,
    0.0012844838322317177,
    0.001267938979695858,
    0.0012767148076025924,
    0.0012255793079010643,
    0.0011245597439412257,
    0.0012158599608010669,
    0.0012189538703253234,
    0.0012499977578929308,
    0.0012310095166842136,
    0.0011273856670205487,
    0.0011844749763405065,
    0.0011900805285481434,
    0.00112341365103178,
    0.001153179829713873,
    0.001080032585022253,
    0.0011734652557987824,
    0.0011167958253271379,
    0.0010852606764828068,
    0.0011806861151467654,
    0.0011326154308945106,
    0.001104025145167974,
    0.001096662741372955,
    0.0010860225155835128,
    0.001048443024697084,
    0.0010880647141319913,
    0.0011110013713748013,
    0.001067254654269707,
    0.0011305945849647049,
    0.0010871276185931067,
    0.0010920405607701762,
    0.0010702516808819712,
    0.0010616463841870427,
    0.0011011457617665177,
    0.0010374778017984423,
    0.0010506149944615182,
    0.0010399244983899068,
    0.0010526840732427698,
    0.0010229392053934033,
    0.001103492197613154,
    0.001072918762083493,
    0.000993798152275654,
    0.0010370311444994665,
    0.0011515786923993608,
    0.0010408430741371472,
    0.0010338683112514045,
    0.0010757308320647012,
    0.0010192828076012307,
    0.0010175132612156676,
    0.0010273044164079194,
    0.0010090648398575941,
    0.0010476267012746682
  ]
}