{
  "loss": [
    0.008851912652788696,
    0.008240912706403272,
    0.002688932845455712,
    0.001336935918030645,
    0.0011271523426600758,
    0.0009195562900444637,
    0.0009087003455672851,
    0.0008464555668555811,
    0.0008176230520377568,
    0.0007807772598093058,
    0.00074457904107625,
    0.0007277048659870224,
    0.000721341371174877,
    0.0007007408634957728,
    0.0006733927117121673,
    0.0006850666526298218,
    0.0006941389714774496,
    0.0006346182103946127,
    0.0006161582399368237,
    0.0005839785443775835,
    0.0005802120197979432,
    0.0005741928050247023,
    0.0005804777435004348,
    0.0005579753336445026,
    0.0005702233863240749,
    0.0005589466263486399,
    0.0005716677532869984,
    0.0005277029776578138,
    0.0005292127538728477,
    0.0005518912120893631,
    0.0005398629829772808,
    0.0005800531696716113,
    0.0005327403234336484,
    0.0005234173403024476,
    0.0005180475377671817,
    0.0005175445383949466,
    0.0005485273887451838,
    0.0005989312783591944,
    0.0005095660074989822,
    0.0004998442659592318,
    0.0005076179772351111,
    0.0005046566519545528,
    0.0005244109998229982,
    0.0005122521563336055,
    0.0005046971614535551,
    0.0005244352152424465,
    0.0005093373252030363,
    0.0004893721329763804,
    0.000501227348928284,
    0.0004908045212156913
  ],
  "val_loss": [
    0.023728426944621853,
    0.00876861616811702,
    0.0032499415550748226,
    0.002441198096453199,
    0.001782001294261238,
    0.001604488171623941,
    0.001468306445044426,
    0.0014402524140191225,
    0.0014622104211552986,
    0.0013153785952812874,
    0.0012706085729648844,
    0.0012596047452231214,
    0.0011888291398194474,
    0.0011715295399919571,
    0.0011372449829138186,
    0.0010866399354327629,
    0.0010176039049992155,
    0.000999139016494155,
    0.000968970772547936,
    0.0009729372801482153,
    0.0009884723634327906,
    0.0010093715514095736,
    0.0009257602641477027,
    0.0008689525838888867,
    0.0008669291137599609,
    0.0008632849424775743,
    0.0009405996916081075,
    0.0009066357572471172,
    0.0009084909378787057,
    0.0009479475766748295,
    0.0008779119885474129,
    0.0008997524414591911,
    0.0008415343146443262,
    0.0009468254629968547,
    0.0008486003700224027,
    0.0009195194499317924,
    0.0012406318645242233,
    0.0009903369061517674,
    0.0008465137622896319,
    0.0008384567988760979,
    0.0009598060722567771,
    0.0008899180918708968,
    0.0009634910817061302,
    0.0008897639146979741,
    0.0009978986717432633,
    0.0008536898517902469,
    0.0009037509665522777,
    0.0008818486639836304,
    0.000913688376329472,
    0.000963892189385763
  ]
}