{
  "loss": [
    0.00981807376597452,
    0.007233278335622296,
    0.0029646411622968275,
    0.0013715339842848926,
    0.0010943470224204874,
    0.0010065544586840734,
    0.0009469720392626009,
    0.0008762784014322456,
    0.0008698837923384539,
    0.0008397058771000956,
    0.000788306717118484,
    0.0007808809516125942,
    0.0007597793873231667,
    0.0007330951600168537,
    0.000736458603695946,
    0.0007148613163296512,
    0.0007088298657882166,
    0.0007174537245649637,
    0.0006986045730938904,
    0.0006972224013636007,
    0.000680110665793455,
    0.0007042956679922608,
    0.0006856720581344014,
    0.0006805539912278808,
    0.0006809895943167805,
    0.0006776302353790236,
    0.0006622756576918717,
    0.0006577382573894694,
    0.0006528176615098173,
    0.0006544075778932912,
    0.0006373834433672719,
    0.0006498073811743688,
    0.0006395217974602439,
    0.000640095669656944,
    0.000650233680751717,
    0.0006259156988757587,
    0.0006285418988155061,
    0.0006255476640818886,
    0.000621412449677157,
    0.0006703094630330616
  ],
  "val_loss": [
    0.01598989132181399,
    0.011304319916440353,
    0.003500006463520734,
    0.0028401282484416908,
    0.0023829210556170106,
    0.0021233985563582284,
    0.0018793377738530184,
    0.0018516304694894848,
    0.001936273963064334,
    0.0016858263288514089,
    0.0016833951987462949,
    0.0017136422105628133,
    0.001579569408664806,
    0.0015571094275909966,
    0.0015400270280286166,
    0.0015307917229378711,
    0.0015148123874892034,
    0.0016486304845018996,
    0.0014755640101308625,
    0.001488826901252029,
    0.0015233759334216178,
    0.0014496529685322848,
    0.0014859968993686519,
    0.0015104509038997994,
    0.0015018165741631456,
    0.0014391459497007525,
    0.0015528544482359358,
    0.0014945408237287722,
    0.0014774435401057541,
    0.0014137383879262344,
    0.0014332478325340455,
    0.0014761378212521474,
    0.0014588833434012651,
    0.001426460293100589,
    0.0014294216752652141,
    0.0014524684125810103,
    0.0014930744451539075,
    0.0014950243465465594,
    0.0015123454080421036,
    0.0014772874718837145
  ]
}