{
  "loss": [
    0.008944671509370308,
    0.0035945126206042067,
    0.001570710204407457,
    0.0011563178226960918,
    0.0010320656523500837,
    0.0010201308372670046,
    0.0008213955015119603,
    0.0007783108909445053,
    0.0007250329480091412,
    0.0007407403164883939,
    0.0006950766793163101,
    0.0007250943809423489,
    0.0006560233708661041,
    0.0006943524113810826,
    0.0006172325037225684,
    0.0005843789679124258,
    0.0005705834746860513,
    0.0005739702067199574,
    0.0005480759544039926,
    0.0005884478952293749,
    0.0005967387373036727,
    0.0005633907289628328,
    0.0005367190017599298,
    0.0005502920217570455,
    0.0004923774719087535,
    0.00047573522765792395,
    0.0005174204658875924,
    0.0005077679414780162,
    0.0005727375489959035,
    0.0004961332113573952,
    0.00046455005938579597,
    0.00045169239495664075,
    0.00045118227358669985,
    0.0004520956794948146,
    0.00047830600044204794,
    0.0004987959999089313,
    0.000456009184768188,
    0.000436239472606907,
    0.0004335759952302997,
    0.0004404217643640572,
    0.0004410960721347621,
    0.00044403326297034313
  ],
  "val_loss": [
    0.01307424068529631,
    0.0033791308133849798,
    0.0022877101835624223,
    0.002074414640533882,
    0.0027538263921061874,
    0.0017580298139569415,
    0.0015995594443307375,
    0.0015654831800058903,
    0.0014175354227633544,
    0.001444475675447726,
    0.001358436955086572,
    0.001388021251580245,
    0.0013520557643242285,
    0.0013144813756733923,
    0.0011826757095675443,
    0.0011791990948578632,
    0.0012530852012454308,
    0.0010651534328132237,
    0.0012421678033539317,
    0.001003924159916826,
    0.0010746861362016537,
    0.0011115220909885747,
    0.001045199542988459,
    0.0009680340187886441,
    0.0009263838542966356,
    0.0011353220652893816,
    0.0009511826720587174,
    0.0010487712052335936,
    0.0010172620661635424,
    0.0008983581876185474,
    0.0008508438751114612,
    0.0008204220056297703,
    0.0008855171568862254,
    0.001024188241973834,
    0.0009106309563052696,
    0.0008769141634742558,
    0.0008545158168589565,
    0.0008817409363601514,
    0.0008346654478014565,
    0.0008960399522551034,
    0.0008302875459981217,
    0.0009430186295042365
  ]
}