{
  "loss": [
    0.01077284431520964,
    0.009428259724775198,
    0.009352237366080098,
    0.008877442595169007,
    0.004334659426403741,
    0.0029155455286375017,
    0.0025135143835436366,
    0.0023120234510103574,
    0.0021676566343624983,
    0.0021192709542374945,
    0.0019348248046010274,
    0.0018837439571849825,
    0.0019228906851619769,
    0.0019247197849481693,
    0.0018098449035133706,
    0.0017741349270601345,
    0.0018200563866648419,
    0.0018390067680720181,
    0.0017831047761868112,
    0.001760336210607828,
    0.0017971830975888792,
    0.0017836708017025763,
    0.0016930555287732797,
    0.0017070673808673039,
    0.001668090223873676,
    0.0016380078284874578,
    0.0016124869812121328,
    0.0016293718668599407,
    0.0016110846007760153,
    0.0015942919392631161,
    0.0015540174545422927,
    0.001555399070180391,
    0.0015672726624753664,
    0.0015874275113167378,
    0.0015438616427755282,
    0.0015383842822128588,
    0.0015111678385088985,
    0.001529124800484948,
    0.00150180303356085,
    0.0014724680060637858,
    0.0014801405398677527,
    0.0014509874172537781,
    0.001465053000338741,
    0.0014690787617488367,
    0.001453421756924544,
    0.0014378695565637498,
    0.0014458728567113735,
    0.001438880116814549,
    0.0014194355764485665,
    0.001460017512684893,
    0.0014254188460804027,
    0.0014483364416963977,
    0.0014164401012245686,
    0.0014390955386704937,
    0.0014307625808496057,
    0.0014459823284794775,
    0.0014316881088684453,
    0.0014117707524737622,
    0.0014084089479196983,
    0.0014112656281051084
  ],
  "val_loss": [
    0.017768194796223952,
    0.017982709396998784,
    0.01766025182526868,
    0.012073007072015187,
    0.006595006826357719,
    0.005702589869360442,
    0.004978468662987124,
    0.004800102581406135,
    0.004436592194505228,
    0.004017759478760398,
    0.003860415671992097,
    0.003895138477757146,
    0.004118312994167635,
    0.0037635949648447057,
    0.003606506830807188,
    0.0036690998622309684,
    0.0036539837089567353,
    0.00374139987271183,
    0.0034876280206717273,
    0.0034376859453434717,
    0.003839568275008297,
    0.0035702236701219336,
    0.0035575150510824597,
    0.003457294323382883,
    0.0034719210416265366,
    0.0032866820506217828,
    0.0033849570733417668,
    0.003246904031258813,
    0.0032059665689949364,
    0.003238612449031462,
    0.003148956427465388,
    0.0033528545413054204,
    0.0031228178450277335,
    0.003126793726811714,
    0.0030510051610924964,
    0.0030918291607807606,
    0.0030022473811681643,
    0.00301438118471233,
    0.003008197422971933,
    0.0029990307694530505,
    0.0029961936686849783,
    0.0029899442053391975,
    0.0029362039046794347,
    0.0031737384004758558,
    0.002947007244543565,
    0.0030471761133868706,
    0.002919520232105964,
    0.0029205727600425824,
    0.0030870117513292113,
    0.002912581453291982,
    0.0029818422780145378,
    0.00297076077091062,
    0.002947584329637296,
    0.0029295942076297747,
    0.003086335670181622,
    0.0029225420196111016,
    0.0029351450149290113,
    0.0029418966836325376,
    0.002933015344386926,
    0.0029485498859885984
  ]
}