{
  "loss": [
    0.011816676782304919,
    0.00925402190814663,
    0.00918666147411506,
    0.008965314236665111,
    0.005294129660094548,
    0.0026610852563024577,
    0.0020720709311639975,
    0.0018513918203033268,
    0.0017368190447895977,
    0.0016458189177900235,
    0.0015090877663350773,
    0.0014573214625363037,
    0.0014208218569989942,
    0.0014251132182498526,
    0.001481803747232062,
    0.001370842461275381,
    0.0012592552971340107,
    0.0012264868958763698,
    0.0012204858604520294,
    0.0012201177204041029,
    0.0012425968769003116,
    0.0012101507405965883,
    0.0012327203600836446,
    0.00114460748780247,
    0.0011237542156554308,
    0.001136228094396125,
    0.001113140320047418,
    0.0011058245869220841,
    0.001096319414267575,
    0.001094211285247789,
    0.0010623511256736262,
    0.0010439298969935427,
    0.0010797741464123767,
    0.001025882614627348,
    0.0010110172517663963,
    0.0010096496658804047,
    0.001011021821378495,
    0.0010298146684803201,
    0.0009968281096739038,
    0.0009835204407837891,
    0.0010047053681683205,
    0.0009860900196319718,
    0.00100168026942309,
    0.000988126972282564,
    0.000998219690580597,
    0.0009672033908740481
  ],
  "val_loss": [
    0.018302310135276462,
    0.017616181047487564,
    0.01703652830669924,
    0.01686678981609844,
    0.005956323770342519,
    0.005070913137250698,
    0.004456620769387119,
    0.004236375604680664,
    0.003503472961559574,
    0.003421649796845839,
    0.0032192929111325725,
    0.0030737947232115106,
    0.0031300313819788003,
    0.003102624858762661,
    0.0031952305235217722,
    0.0030114517936676443,
    0.0029694006803470687,
    0.0029564088021350726,
    0.002754829367251794,
    0.003137419373525643,
    0.0027797749169319232,
    0.002764374348911249,
    0.003087806206721161,
    0.00265471398456825,
    0.002973672906884057,
    0.0031675016534002034,
    0.0027330816543898193,
    0.0027588223859635985,
    0.002856556952110946,
    0.0027647855970478626,
    0.0027535220826373223,
    0.00256598875281609,
    0.0027889740553314916,
    0.0025054792185336522,
    0.0026700534211315354,
    0.002444545034607965,
    0.002598328055690704,
    0.002545443981830269,
    0.0025962060872150076,
    0.0024617788770036034,
    0.002647331224258984,
    0.0026975508022836145,
    0.0025250024975649746,
    0.002527917426438528,
    0.0027826562705005956,
    0.0024549083374864602
  ]
}