{
  "loss": [
    0.0097813492057894,
    0.008255429063914107,
    0.006936046131896922,
    0.002990940629641226,
    0.0022339426209723283,
    0.002063258250862214,
    0.0019536357644133226,
    0.0018583317184501058,
    0.0018385352901707482,
    0.0018933868551368538,
    0.0018553809379383164,
    0.0016765147433053607,
    0.0017170912671894021,
    0.0016641750555141692,
    0.0016511945970828976,
    0.001604560718994556,
    0.0015886282234615014,
    0.0015543429250008875,
    0.001582908006005049,
    0.001602858705346473,
    0.0015812011869421633,
    0.0016285493198970713,
    0.0015319621713493208,
    0.001493047218337137,
    0.0015065026415239586,
    0.001521956647974217,
    0.0015232642975312376,
    0.0014636353956019763,
    0.0014975566693718246,
    0.0014099360264487302,
    0.0014314466392010205,
    0.001393561471991467,
    0.0013700233567593269,
    0.0013842141589256126,
    0.001334429652950379,
    0.0013726359301043664,
    0.0013275599839789457,
    0.001299080354571791,
    0.0012799806047809766,
    0.001255802104745361,
    0.0012831573452525642
  ],
  "val_loss": [
    0.017799734946521782,
    0.014427695508758113,
    0.008931991357334962,
    0.006549284383147571,
    0.004801669551652021,
    0.004786785634602807,
    0.0039164122216734385,
    0.0038544807908656264,
    0.004045520634270329,
    0.004198567710288488,
    0.0038877680736265673,
    0.0035144025713397475,
    0.003598934236945942,
    0.0036557376902433044,
    0.003625070199872071,
    0.003863346263937076,
    0.003453991856201843,
    0.0036503131452008527,
    0.00347068180219353,
    0.0034314181634297,
    0.0035416015372464814,
    0.0034308594606154968,
    0.0034519747509367572,
    0.003945000027373091,
    0.003415317264623022,
    0.0033197822002560586,
    0.003491281579784985,
    0.00418715150479793,
    0.0036448092802953413,
    0.004409204195467035,
    0.003294258472512351,
    0.0034701853742380028,
    0.003938305990925235,
    0.0036769047023242816,
    0.0042959786291076755,
    0.0033902777939298348,
    0.003871439381724058,
    0.0036455518472672875,
    0.0038211144264093614,
    0.004012718461827511,
    0.0042317108428612735
  ]
}