{
  "loss": [
    0.009497144825829303,
    0.00405970316018977,
    0.0014337452813276929,
    0.0010600354712823538,
    0.0008953790813047874,
    0.0008594535264170853,
    0.0008276639684176596,
    0.0008119366858892401,
    0.0007952402616696845,
    0.0008088250004194918,
    0.0007653838644683431,
    0.0007474093995953233,
    0.0007557884687539215,
    0.0007559408015869988,
    0.0007308785438765365,
    0.0007221563350280298,
    0.0007187323249988936,
    0.0007095926505479592,
    0.0007033138747510566,
    0.0006984811112864619,
    0.0007089698067450829,
    0.0007098349150438879,
    0.0006976509283334381,
    0.0006883762054435935,
    0.0006943371846959411,
    0.0006886973854602235,
    0.0007010083502969554,
    0.0006941248567126315,
    0.0007001232281736484,
    0.000679779787122322,
    0.0006643412222652135,
    0.0006587139107171187,
    0.0006808005021186443,
    0.0006717845758371951,
    0.0006623855588194586,
    0.0006568895504490381,
    0.0006476876739947033,
    0.0006651675284278397,
    0.0006526928448564296,
    0.0006552826474657174,
    0.000657320285202126,
    0.0006451846793921449,
    0.0006578079700412926,
    0.0006470605814201146,
    0.0006557094836489765,
    0.0006410162066077649,
    0.0006468130096669578,
    0.0006473845125044148,
    0.0006723547401051361,
    0.0006568399069099524,
    0.0006450262165147211,
    0.0006322892618568551,
    0.0006352411905752931,
    0.0006539127038396181,
    0.0006321177971499727,
    0.0006324368335977957,
    0.0006316270214400911,
    0.0006262203887757285,
    0.0006357437785649966,
    0.0006273290653393926,
    0.0006254081075849434,
    0.0006277191379205503,
    0.0006236660927879267,
    0.0006304137018667117,
    0.0006288237514706387,
    0.0006283561280193581,
    0.0006266294620115569,
    0.0006239520968403048,
    0.0006213373679434571,
    0.0006340102927016877,
    0.0006273331435443151,
    0.0006227484256065506,
    0.000635171461078643,
    0.0006317367444052148,
    0.0006361353272645327
  ],
  "val_loss": [
    0.01415352218147725,
    0.003611671782393366,
    0.002193932427424874,
    0.001905606036195479,
    0.0017748238284688042,
    0.0016920533350874055,
    0.0016310314284795422,
    0.0016056384758413428,
    0.001649576090644561,
    0.001513006366226338,
    0.001459157087782261,
    0.0014652172935532017,
    0.0014536018364294564,
    0.0014491197755060416,
    0.0014104683295492145,
    0.0014086601046166556,
    0.001387105749243881,
    0.0013629039805408798,
    0.0013630144501310159,
    0.0014522750332483254,
    0.0013693253234118266,
    0.0013449697884846752,
    0.0013408045495576146,
    0.0013295249292616454,
    0.001326182084013366,
    0.0013558241561065706,
    0.0012902410251698798,
    0.0013519166320914897,
    0.001287397746678105,
    0.0012827149117470714,
    0.001287936303688287,
    0.0012531999862321396,
    0.0012568081834348245,
    0.001295366339611763,
    0.0012421345441486413,
    0.001247866554080514,
    0.001260381317921088,
    0.0012374102673361784,
    0.0012336495999341547,
    0.0012669888243479076,
    0.0012369751233060314,
    0.0012102626052969215,
    0.0012126468538995938,
    0.001261217755102421,
    0.0012046219863255355,
    0.0011974118651932705,
    0.0012588097156804201,
    0.0012051087944231675,
    0.00122823169531227,
    0.001231059011421824,
    0.001195114926766541,
    0.0011805093914301972,
    0.0011748146745218437,
    0.001194615955898633,
    0.0011847667612456376,
    0.0012192163125764432,
    0.0011763454873330555,
    0.0011661022896273326,
    0.0011649475298758786,
    0.0011790086874359491,
    0.001210498225962017,
    0.001164936231999095,
    0.0011692436321212327,
    0.0011610313312750372,
    0.0011536882477312606,
    0.001176994070634351,
    0.001167759600182269,
    0.0011556184190288606,
    0.0011631614781158455,
    0.001157630716403157,
    0.001161197850567494,
    0.0011604995431252203,
    0.0011656468590763582,
    0.0011543065715991592,
    0.0011565952853162874
  ]
}