{
  "loss": [
    0.01087317160567154,
    0.0072961155084606735,
    0.003013937485814474,
    0.0011058465061762103,
    0.0007698219344046711,
    0.0006935391954724431,
    0.0006583978445815912,
    0.0006230325999475379,
    0.0006215304916444588,
    0.0005891937831873516,
    0.0005739165416258062,
    0.0006363959739793061,
    0.0005944321708124227,
    0.0005304621938027204,
    0.0004950276009302493,
    0.0004918817371289061,
    0.0005016862527092016,
    0.00047088230720586664,
    0.0004584954667891721,
    0.0004517444763060265,
    0.00043517700177264564,
    0.0004484315761439271,
    0.0004203536005205432,
    0.0003977049806648985,
    0.0004270976867936725,
    0.0004112363191046882,
    0.0003901708301789745,
    0.00039792615653328866,
    0.0004156721398492472,
    0.00037698279178049787,
    0.00038913821564895694,
    0.0003776555026693234,
    0.00038527350708061155,
    0.00041113426671016796,
    0.0003955793610277165,
    0.0003501654722355224,
    0.00034418467897096526,
    0.0003307067667435125,
    0.0003385667404527976,
    0.0003250718078101289,
    0.0003430397342034278,
    0.0003683752128783214,
    0.0003465823841037367,
    0.0003303821797430677,
    0.0003175145845501661,
    0.0003218384138002598,
    0.0003135436893088803,
    0.0003023090211324448,
    0.0003109339698247519,
    0.00031207544076579136,
    0.0003032229412863391,
    0.0003090426528248251,
    0.00030126772888983144,
    0.0002904330385496281,
    0.0003089770792449004,
    0.00029124822461633874,
    0.00030208645595911657,
    0.00030285728374565427,
    0.00030141354737829953,
    0.00030019435902940266,
    0.00029769949593596115,
    0.00028571585078589,
    0.0002865932928795415,
    0.00033689241717690434,
    0.0002975111787563737,
    0.00029063131458417535,
    0.00030028799253812585,
    0.00027917233920832755,
    0.00028578840141922423,
    0.00028687542131785253,
    0.0003016986319508262,
    0.00028392976208923795
  ],
  "val_loss": [
    0.014625545857955566,
    0.010393486196028718,
    0.003393053398938494,
    0.001425859140326384,
    0.0012355375305090224,
    0.0010856024625323965,
    0.0010274643656598885,
    0.00120834096627875,
    0.0009367700700198164,
    0.0009169981427741854,
    0.0012346358245154947,
    0.0010141235484553272,
    0.00091274079259778,
    0.000841613660116544,
    0.0008153467337088136,
    0.0007957908445236723,
    0.0008448669935440582,
    0.0007663116413639502,
    0.0007215888884305703,
    0.0006839486494335985,
    0.0007715313629969285,
    0.0007345878010291314,
    0.000681591921962086,
    0.0006522737153062827,
    0.0006987461388592472,
    0.0006448142995712546,
    0.0006557994690891147,
    0.0006877159865918371,
    0.0006316960285668878,
    0.0005963850567598691,
    0.0006000311117164079,
    0.0005812375234659719,
    0.0006470924833255788,
    0.0006943803275359815,
    0.0005321899089527975,
    0.0005836580069657164,
    0.0005141315789464234,
    0.0005170048732477963,
    0.0004969701449533276,
    0.0005216408959783488,
    0.0005555750927730892,
    0.0006297522936058179,
    0.0005089713308274788,
    0.0004891560853097922,
    0.0005078285404747833,
    0.00046134546884398365,
    0.00046751893183028095,
    0.000450128359128878,
    0.0004595383188132657,
    0.000495984531635565,
    0.0004816327013174763,
    0.00046687472704536374,
    0.00043805404612009695,
    0.00044063555718964657,
    0.00045641753175086603,
    0.0004264982512058544,
    0.00046487002904275744,
    0.0005392966781523121,
    0.00043265956383345,
    0.0005151786046165428,
    0.0004702630554838629,
    0.0004223650589512054,
    0.000516135726919335,
    0.000523511177776486,
    0.0004589901746543689,
    0.00044143062478632487,
    0.0004239437210221848,
    0.0004414252628143249,
    0.0004574711466590047,
    0.00044692700187246617,
    0.0004338942271306734,
    0.00043354854458587224
  ]
}