{
  "loss": [
    0.10928911591514516,
    0.015069225734046055,
    0.006367319134454307,
    0.003620820525030042,
    0.0029751523781956033,
    0.0024751685590724856,
    0.002288857418857928,
    0.001969621737462834,
    0.001773970363663712,
    0.001618286558094449,
    0.0015344319980232222,
    0.0014788131607477522,
    0.0013702563736009558,
    0.0012736248438393165,
    0.0011971288806698936,
    0.001174608550598213,
    0.0011114068251379876,
    0.0010499404563657328,
    0.0010546426478248842,
    0.001026452848576257,
    0.0010008212141000858,
    0.000927151303414148,
    0.0008950902331835216,
    0.0009027785942177319,
    0.0008563500850981808,
    0.0008596594362290464,
    0.0008342157522507606,
    0.0008787179319549377,
    0.0007958096088098151,
    0.0007738056788045475,
    0.0008020826293250542,
    0.0008203192179074755,
    0.00079288505672884,
    0.0007903938543592516,
    0.0008244059880794812,
    0.0007443238356658681,
    0.0007700417609730459,
    0.0007966155046906875,
    0.0007361555253640809
  ],
  "val_loss": [
    0.040996469935061224,
    0.010972912370843786,
    0.0024792028630388455,
    0.001498967749853684,
    0.001223501510603327,
    0.001117539137575618,
    0.0011077112080463746,
    0.0011042614575659095,
    0.0010261204703645387,
    0.0010704856652858287,
    0.0010110280396167556,
    0.0009774355293238456,
    0.0009541732180391399,
    0.0009324811544912067,
    0.0009351892157418417,
    0.000960595726074887,
    0.0009001791157471148,
    0.0009266111740685055,
    0.0008819224526056312,
    0.0009960827757079732,
    0.0009267350593188279,
    0.0010024219700528808,
    0.0008704615343676906,
    0.0008628315921925323,
    0.0009638051920517964,
    0.0008535319727740552,
    0.0009252757507927296,
    0.0008965109212612602,
    0.000837250902238761,
    0.0009192951174426667,
    0.0008698884159995531,
    0.0008731441385388164,
    0.0008762257316307178,
    0.0008602982145917772,
    0.0008570698450621165,
    0.0010286862030625342,
    0.0009511816218613424,
    0.0009476932232976485,
    0.0008656955096201682
  ]
}