{
  "loss": [
    0.07050614668142541,
    0.010478588996050727,
    0.004366609654008175,
    0.0030844737353048607,
    0.002658681943184063,
    0.0024194370083563906,
    0.002223863045177903,
    0.0020783811267399066,
    0.0020030975454483593,
    0.001895997805845695,
    0.0018423249277210003,
    0.0017264692222175861,
    0.0017167515352573843,
    0.0016833689470619653,
    0.0016669070967920523,
    0.0016020619802614442,
    0.0015964070098885596,
    0.0015411266242568232,
    0.0015485895220919436,
    0.0015114442896084642,
    0.0014858920010323786,
    0.0014637269185743297,
    0.0014565432397814408,
    0.0014566158228702976,
    0.0014472858387035619,
    0.0014028307149895993,
    0.001387358310025888,
    0.0013815689412711247,
    0.0013662284700816424,
    0.0013707168843577289,
    0.001363298748006706,
    0.0013293522613925125,
    0.0013442901315273603,
    0.0013245862955890357,
    0.0013116354937250875,
    0.0012975297851680224,
    0.0013133858055459646,
    0.0012818629425880748,
    0.0012598413906931825,
    0.0012926700383298815,
    0.0012915816391715481,
    0.001268543565258039,
    0.0012631448403372036,
    0.001240107479001465,
    0.001219621000668942,
    0.0012309969895025483,
    0.001242404562102969,
    0.0012353150678626212,
    0.0012364322079338956,
    0.0012086939374879799,
    0.0012055485665937388,
    0.0011954740890437652,
    0.0012314551210799835
  ],
  "val_loss": [
    0.01986515692900204,
    0.004978483082768991,
    0.002604583692624317,
    0.0023363147218742144,
    0.002336341487296763,
    0.002281930560913801,
    0.0022548043477424494,
    0.0022511541686758697,
    0.0021863405476489858,
    0.002197262426807809,
    0.0022042174340036313,
    0.0021523199753589388,
    0.0021651649717135545,
    0.0022092717280743873,
    0.0021488826503648635,
    0.002171478179915362,
    0.002246011929536188,
    0.0021304754595965103,
    0.002182160500187962,
    0.002126499154846082,
    0.0021083919380448365,
    0.002094275795836081,
    0.0021043806358347853,
    0.0021698891700564714,
    0.0020990264375136364,
    0.002078743777032491,
    0.0020762970101400936,
    0.002117214248493144,
    0.002125555765815079,
    0.0021468266372133052,
    0.0021089330702426592,
    0.002097611324821902,
    0.0020762412642575216,
    0.0020726230520434455,
    0.0020571834873739274,
    0.0020975212095925323,
    0.0021037606682739675,
    0.0020777152877388414,
    0.002058694755478337,
    0.0021267440065722994,
    0.00207419195119689,
    0.002139950243479295,
    0.0020361130573266157,
    0.002088078308935313,
    0.002044975084443424,
    0.0020518722971450873,
    0.0020561160063993712,
    0.002043596322974124,
    0.002065097137154272,
    0.002044777067445727,
    0.002049359251681456,
    0.0021008174617378676,
    0.0020482077262964455
  ]
}