{
  "loss": [
    0.05204272480923192,
    0.004106838045503929,
    0.001708229721681187,
    0.0015440312521660894,
    0.0016495479238429242,
    0.0014623619615616434,
    0.0015945886203112365,
    0.0015542575505296805,
    0.0015289511583908243,
    0.0015663595666060065,
    0.001692002261071198,
    0.0015252570506343905,
    0.001568036290673299,
    0.0015231174150273383,
    0.0014911945503910092,
    0.0014649088155250702,
    0.001527304147115634,
    0.0014792663072527776,
    0.0014722474153779324,
    0.0016027081497133981,
    0.0015491308114809871,
    0.0015900844322040849,
    0.0014910058551158621,
    0.0014997059831767777,
    0.0015223436101164953
  ],
  "val_loss": [
    0.01272116662843692,
    0.0037986045352378086,
    0.003143095052774387,
    0.0030768500553593468,
    0.0031166609595489705,
    0.0030984641022761394,
    0.002974216572414646,
    0.0029579681276949523,
    0.003001114910262981,
    0.003010639379783013,
    0.002898320489974004,
    0.0029701511679153174,
    0.002933816069318115,
    0.0029617023466149595,
    0.002882035898463667,
    0.002926255992605727,
    0.002926239754836526,
    0.0028979505137420314,
    0.003269347691118589,
    0.0032601650927034354,
    0.003367548686369485,
    0.002894490912228417,
    0.0029249314597693077,
    0.002925243108255794,
    0.0029637264598155644
  ]
}