{
  "loss": [
    0.07534989884449479,
    0.02600062841801448,
    0.016465681229620974,
    0.011034232705930649,
    0.0075693125122055374,
    0.005716859388006169,
    0.004399964101757119,
    0.0036888392702025875,
    0.003168669206290578,
    0.0029753582308403403,
    0.002467297798615288,
    0.0023557860260734337,
    0.0021391265672484946,
    0.0019961126980902483,
    0.0018257882868346579,
    0.0016660832662131232,
    0.0016772969588203699,
    0.0015160488842897728,
    0.001449753341787472,
    0.0013825161485290548,
    0.0013080047878711392,
    0.0013918632623365773,
    0.0013443413513976907,
    0.001210349932015603,
    0.0011665936624486734,
    0.0011446689524762168,
    0.0010740835944958807,
    0.00103940267346597,
    0.001033538693826472,
    0.0009871793782571846,
    0.0009605526623673357,
    0.001007526578431218,
    0.0009526776611400219,
    0.0009708697281152159,
    0.0009169977813950861,
    0.0009645457367129838,
    0.0008988025486717071,
    0.0009227016881085568,
    0.0008936745931080516,
    0.000882913385251508,
    0.0008487241580140696,
    0.0008650733869390649,
    0.0008018438455477324,
    0.0008285519895154133,
    0.0008049211811486987,
    0.0008205174881202931,
    0.0008094154355351601,
    0.0007884825551169955,
    0.0008420750215348112,
    0.0007703685953370616,
    0.000764152832239445,
    0.0007381682849474697,
    0.0007910877436517166,
    0.0007542270715833702,
    0.0007060020521103493,
    0.000733583964724424,
    0.0007119232489254548,
    0.000746299814563988,
    0.000730153672064669,
    0.0007751338168392227,
    0.0007076719145965814,
    0.0006922344252273043,
    0.0006963851406835763,
    0.0007837674788048619,
    0.0007334340998217332,
    0.0006935203453100507,
    0.0007079188501309529,
    0.0007249623602627881,
    0.0006961987954264966,
    0.0006608751258645578,
    0.0006346123104351274,
    0.0006621990458959272,
    0.0006425279362732235,
    0.000667444978450361,
    0.0007047088570250591,
    0.0007111186964670712,
    0.0006714042330866973,
    0.0006526222884109834,
    0.0007019791220874421,
    0.0006249740413656487,
    0.0006483333513136549,
    0.000630344835573605,
    0.0006895373918698427,
    0.0006304221961878554,
    0.0006129900168290903,
    0.000638666690560574,
    0.0006078090008911977,
    0.0006292650918786036,
    0.000640601995235883,
    0.0006748094636443052,
    0.0006841706530193069,
    0.0006110111635308424
  ],
  "val_loss": [
    0.018705775336900227,
    0.011897060412808623,
    0.010848008108023607,
    0.008818228071896543,
    0.007072611444328033,
    0.00615822115886799,
    0.004532581091609219,
    0.004485627938009483,
    0.003952369656623669,
    0.004391481954289574,
    0.003021125899772094,
    0.002793915028369028,
    0.0031217609056678245,
    0.002537972301008626,
    0.0024718513105615554,
    0.002295906933575449,
    0.002118518840337933,
    0.0021020750833255514,
    0.0018626637176387536,
    0.0018605269265400482,
    0.0018407967430211498,
    0.0016957175471937992,
    0.0016977784112358178,
    0.001670133050295039,
    0.0015879586420979508,
    0.001556580606520071,
    0.0014896614919744538,
    0.0013860169945704476,
    0.0013957634345221686,
    0.0014059701737698534,
    0.0013903773524208177,
    0.0014211992274077846,
    0.0012955770034238066,
    0.001268271195479262,
    0.0012537444144828428,
    0.0013534788471895834,
    0.001252741756206247,
    0.0013667619829787546,
    0.0013936363665623145,
    0.0012574534764854422,
    0.0013559868424789796,
    0.0011887058405809,
    0.001176080502845137,
    0.0011451867910784105,
    0.001170829602543422,
    0.0011607732086009544,
    0.001145854527065137,
    0.0012806362708584523,
    0.001159841366584452,
    0.001103278332796525,
    0.001091165961304181,
    0.0011061342787259901,
    0.0011811067615832452,
    0.0010936126899971088,
    0.0010511594670365603,
    0.0011446181688011742,
    0.0011033615868040164,
    0.0010610934389545254,
    0.001114957785220738,
    0.0011095105394930906,
    0.00114985617651591,
    0.0010490584744691429,
    0.0010578748481479328,
    0.0010114924077101997,
    0.0010282466273335085,
    0.0010539658433219917,
    0.0010119476949166453,
    0.0010489337110209842,
    0.0011284589491994449,
    0.0009973717991157737,
    0.0009797282274287772,
    0.0009838564778861761,
    0.0009849693681913572,
    0.0010141363852775433,
    0.0011172134232458094,
    0.0011101440621644888,
    0.0010170929386398532,
    0.0011787913670815843,
    0.0009795019950743923,
    0.0009860389518328535,
    0.0009799578732115702,
    0.0009418433846932062,
    0.001063352970826164,
    0.0009696866313494007,
    0.000994440293083833,
    0.0009544888786761693,
    0.0009620180911004124,
    0.0010129210699848096,
    0.0009462405553638516,
    0.0009799326507663223,
    0.0009972011804921736,
    0.0009456718066694136
  ]
}