{
  "loss": [
    0.07603864366142245,
    0.00995076878254842,
    0.008245020909268024,
    0.005689733597910648,
    0.002897818459303937,
    0.0017247386512866914,
    0.0014527518815092503,
    0.001357204729883378,
    0.0013370323206175424,
    0.0013389587331914552,
    0.0015529457585773433,
    0.001183759310494883,
    0.0011688249253624806,
    0.0011845048938735365,
    0.0011594064137649812,
    0.0011493143811159075,
    0.0011957894183788117,
    0.0011541753608793072,
    0.0011258394386142068,
    0.0011520117261940846,
    0.001131459017900677,
    0.0011101985206078487,
    0.0011523190164504393,
    0.0011459578978713085,
    0.0011143116775512352,
    0.0011921202663657026,
    0.0014614201759011402,
    0.0012034920646620125,
    0.001224979464945738,
    0.0011234161231892176,
    0.0011025495264593021,
    0.0012351342926822683,
    0.0011774589323349217
  ],
  "val_loss": [
    0.01936479928144181,
    0.01673091976548337,
    0.015470901527011484,
    0.0064716145974500466,
    0.005449116706601735,
    0.004704793144791131,
    0.003717129866083869,
    0.0036047556948255893,
    0.0033313691186166207,
    0.003064659161487883,
    0.0030510042135631545,
    0.0028603028313615815,
    0.0032234770218692033,
    0.002898737980790733,
    0.002877153410837266,
    0.0025620176731761157,
    0.003110080650394218,
    0.0026292143209743317,
    0.0029352499123405703,
    0.002734053276537535,
    0.0027517628272105098,
    0.0025425136061504503,
    0.002464083309025685,
    0.0028276834482920607,
    0.002476299366387797,
    0.0034756747797756835,
    0.002491616352347347,
    0.0032136853943959113,
    0.0025752845704144827,
    0.0025587049119140037,
    0.0029939649769689246,
    0.003069044696895742,
    0.002576859031173309
  ]
}