{
  "loss": [
    0.135263942846763,
    0.009920799384440085,
    0.00489512568379389,
    0.0022462660467328197,
    0.001451106117939088,
    0.0012229361816396614,
    0.001054878042019983,
    0.0010543818013005527,
    0.00104575983270973,
    0.0009906050054454838,
    0.0009345049229196301,
    0.0008450875855179126,
    0.0008595557891132531,
    0.0008529823824132496,
    0.0008436864826049452,
    0.0008911407606449281,
    0.0009565891573888477,
    0.0009101680154931602,
    0.0007539019064566048,
    0.000810748202411257,
    0.0008992469421615993,
    0.0007920900707600636,
    0.0007529712133928043,
    0.0007897635963017884,
    0.0007188932589762479,
    0.0007396536976435084,
    0.0007410474760278884,
    0.0007986674529942198,
    0.0008448775747058855,
    0.0008201065626308732,
    0.0008047648812346557,
    0.0007873835712346785,
    0.000928972285989915,
    0.0008273432736328021,
    0.0009918283792619774,
    0.0008290235195864906,
    0.0007784919646583891,
    0.0007259963581549756,
    0.0007929647678732161,
    0.0007308561735072607,
    0.0007775562565641034
  ],
  "val_loss": [
    0.02999846578317847,
    0.012490937531015461,
    0.00710909129094101,
    0.003757998709024935,
    0.0032541263785402655,
    0.003111308490552303,
    0.0026702363883266173,
    0.0028197769684674967,
    0.002082504969390141,
    0.0021023024886446654,
    0.0017344277111371442,
    0.0017614559050765162,
    0.001738565784515971,
    0.0020082619943587623,
    0.0016504871319600585,
    0.0017507064108878878,
    0.0021707753592965294,
    0.001745627717493828,
    0.0017037628465831954,
    0.0017251509865272349,
    0.0015398410713236969,
    0.0015301119436188942,
    0.001596392216529213,
    0.0015576424078468634,
    0.0015634737387930943,
    0.0014987588731182665,
    0.0016610042184149309,
    0.002144183586667276,
    0.001739915900358583,
    0.001708315420332812,
    0.0014239800929507546,
    0.0016078848732467004,
    0.001738932301385044,
    0.0017470416118322456,
    0.0015378726243783357,
    0.0014408625008559411,
    0.00162777049785301,
    0.001556328263680982,
    0.001516994224377187,
    0.0015673562147691426,
    0.0016775761131134074
  ]
}