{
  "loss": [
    0.05220182356869003,
    0.007171727310786751,
    0.0035539743699475666,
    0.0028259662651492854,
    0.0024677329561129525,
    0.002290926829246656,
    0.002106402399199463,
    0.001998778891758361,
    0.0019217340918538924,
    0.0018223031761709235,
    0.0017002770562808758,
    0.0016304357651653347,
    0.0015629897623902036,
    0.0015081803128784675,
    0.001424723115898057,
    0.0013257129059664663,
    0.0012873488765034644,
    0.001267610771021001,
    0.0012688538473168917,
    0.0011560054910540766,
    0.0011693610357309957,
    0.0011048716775799328,
    0.0010755161399392124,
    0.001044988746292264,
    0.0010346006942045685,
    0.000998236907995771,
    0.0009904989875672006,
    0.000991359749952347,
    0.0009563847511504102,
    0.0009326464918190328,
    0.0009234964590138539,
    0.0009209262663407579,
    0.0009135647397447019,
    0.0009048351389883005,
    0.0008855183645826588,
    0.0008627298511577132,
    0.0008643699385791263,
    0.0008548136848685175,
    0.0008522418911618011,
    0.0008330203707642437,
    0.0008729738795365501,
    0.0008259855208300877,
    0.000821025142378161,
    0.0008230461374514674,
    0.0008249359109101646,
    0.0008120579936256805,
    0.0008038164879006482,
    0.000793283817445536,
    0.0008223625372258613,
    0.0008009170846851552,
    0.0007917498211980716,
    0.0007769930726425666,
    0.0007940484089421375,
    0.0007921393205384036,
    0.0007867633203208641,
    0.0007719652688441178,
    0.0007718099905948886,
    0.0007739810023375791,
    0.0007520450250800787,
    0.0007479272202689481,
    0.0007418674520750957,
    0.0007458210273683435,
    0.0007418618519193978,
    0.0007321627866299026,
    0.0007487781825043423,
    0.0007611748211251558,
    0.0007373274192517839,
    0.0007211047945927731,
    0.0007213991114121928,
    0.0007217317084106793,
    0.0007093407340954181,
    0.0007515778331870616,
    0.0007385878360826527,
    0.0007427332019499519,
    0.0007174061233319567,
    0.0007030247840391703,
    0.0007160805987392185,
    0.000716254153470577,
    0.0007249414593211173,
    0.0007284003933525822,
    0.0007192602167346238,
    0.0007090914602913508,
    0.0006980652584211923
  ],
  "val_loss": [
    0.015135421575504845,
    0.003162897731266958,
    0.002211117857177926,
    0.0021706322177792083,
    0.0019630886374914884,
    0.001896397578977259,
    0.0018303547814846207,
    0.001779553912564228,
    0.0017532264599366123,
    0.0016340879726060534,
    0.0015605151847973046,
    0.001523595688388404,
    0.0015063459450894662,
    0.0014348572362109092,
    0.0014476025796700586,
    0.0013560958122466244,
    0.0013655740550671846,
    0.0013523476012840363,
    0.001423270517228813,
    0.0013161028385435963,
    0.0014108131195044956,
    0.0013861373253692846,
    0.0012621623792785541,
    0.0012880863587629828,
    0.0012440315318178112,
    0.0013035498391757957,
    0.001229263981870023,
    0.001271280784970202,
    0.0012211528531733459,
    0.0012262171511880338,
    0.001212970367146098,
    0.0012536005743142575,
    0.0012412141034469052,
    0.0012168250122965225,
    0.0012597076079839747,
    0.0012125586334479142,
    0.0012219668363384103,
    0.0012263173134181922,
    0.001206743200427963,
    0.0012749206862743881,
    0.0011905367682835267,
    0.001195268894579935,
    0.0012122553623265635,
    0.0012418836069761612,
    0.0012589124794970504,
    0.0012258119771972635,
    0.001186967142370903,
    0.001197845710896608,
    0.001195106179174562,
    0.0012018933387783666,
    0.0011922601981372652,
    0.0011869191891240155,
    0.0012232835613727822,
    0.0012227492591124134,
    0.0012877809921658394,
    0.0011719369634033555,
    0.0011850982436799776,
    0.0011817152920379013,
    0.0011788713673424333,
    0.0011867190452061046,
    0.0011711705668098003,
    0.001221377171357662,
    0.0011728934520766096,
    0.001183640656106195,
    0.0011852634084111048,
    0.0011698494617311589,
    0.0011914142599529296,
    0.0012135740348511496,
    0.0011761087485546993,
    0.0011809368362639752,
    0.0011878826748842827,
    0.0011855196799704078,
    0.0011687298127092253,
    0.0011691902984475643,
    0.001183629131647048,
    0.001220787732301564,
    0.0011877379735989633,
    0.001170167185124115,
    0.0012332897207115666,
    0.001231491463429868,
    0.0012185772042984596,
    0.0011783257208364663,
    0.0011770564343880252
  ]
}