{
  "loss": [
    0.08073424003815682,
    0.015917558298993075,
    0.00935309194360548,
    0.004075164118917876,
    0.00300604720735724,
    0.0024453347166431333,
    0.0023318757265170923,
    0.0020202912303660192,
    0.0019557246478707118,
    0.001988686426039046,
    0.0017939295396134025,
    0.0017351909539347985,
    0.001820940247496463,
    0.0017027177862869514,
    0.0016864937564255974,
    0.0016988247873907642,
    0.0017877974156315206,
    0.0015869091294591269,
    0.0016775116185536022,
    0.0017031179201248178
  ],
  "val_loss": [
    0.019223701314237448,
    0.017582805247518388,
    0.008916048663281396,
    0.006304354838530578,
    0.005290716713732028,
    0.005440773763947381,
    0.004493427262067752,
    0.004412805518791891,
    0.004208518937363537,
    0.004147066755412429,
    0.00414881310265586,
    0.005241183341910428,
    0.004475632019976106,
    0.0043739795259181355,
    0.004882783390165315,
    0.005410207869127435,
    0.0048562197400294355,
    0.0047800389630853445,
    0.005033301837998509,
    0.005193974461171637
  ]
}