{
  "loss": [
    0.007125097817589324,
    0.0031368641172127214,
    0.0015269303165043892,
    0.0008357417587603877,
    0.0007174691622540047,
    0.0006596321398121896,
    0.0006437334859179512,
    0.0006185854436922695,
    0.0006028754772164429,
    0.0005964119527861804,
    0.0005899250395036742,
    0.0005737577741557967,
    0.0005553057115735815,
    0.0005482059488946951,
    0.0005511582525446192,
    0.0005494288053200488,
    0.0005532125959822681,
    0.0005555239984582498,
    0.0005349741812391404,
    0.0005312602417418562,
    0.0005307188629151436,
    0.0005305913541939444,
    0.0005269575198081613,
    0.000520649467976178,
    0.000505696659557582,
    0.0005100772105244649,
    0.000500903668516556,
    0.0005041733323568761,
    0.0005016652486018478,
    0.0004829367210132222,
    0.0004925285542328067,
    0.0004846450696636632,
    0.00047418972908509375,
    0.0004748953111726648,
    0.0004758688100247762,
    0.00046613395064630785,
    0.0004604541689386527,
    0.0004592905633922443,
    0.0004599131304078055,
    0.00045714881871894555,
    0.00046751801536526667,
    0.0004703405042923823,
    0.00046225922106452993,
    0.00045008329671579776,
    0.0004542721426080637,
    0.0004553554970756734,
    0.000447818842610804,
    0.0004471788749233375,
    0.0004598166889436682,
    0.0004614875178270532,
    0.00044127428707299164,
    0.0004431181739904298,
    0.0004453381050607125,
    0.0004420737287320944,
    0.0004470985868533527,
    0.0004523005598367901,
    0.0004436637759455543,
    0.000447030503416411,
    0.0004485441265831379,
    0.0004500343872613638,
    0.00043859742704251993,
    0.0004464864457184691,
    0.00044740362180842704,
    0.0004531756936702787,
    0.0004565048346260511,
    0.00043907112318934737,
    0.00044440785322024485,
    0.00044828629188226873,
    0.000441073300885434,
    0.00044022913793217863,
    0.00043871892667420574,
    0.0004453241833272807,
    0.00046222307383821554,
    0.0004527138363675686,
    0.0004498517194446717,
    0.00044511445222612594,
    0.00044923276718119155
  ],
  "val_loss": [
    0.008366267237864383,
    0.003245809414730101,
    0.002155351275382759,
    0.0015748260853733946,
    0.001522540675078916,
    0.001522326559134453,
    0.0013997480380707062,
    0.00138390489586896,
    0.0013166431068944242,
    0.001296406628082057,
    0.001229857776470326,
    0.0011687083593146367,
    0.0011645571799245435,
    0.0011337559334803503,
    0.0011350113494725494,
    0.0011190459457831783,
    0.001094108050643512,
    0.0010588993883359579,
    0.0010405809962894064,
    0.0010869395779934223,
    0.0011077081633184653,
    0.0010750211706104969,
    0.0010284617604277508,
    0.0010160431011019835,
    0.0010532610912944054,
    0.0010103505098267452,
    0.0009862723447695062,
    0.0010149373577653684,
    0.0009728922117078169,
    0.0009860822746132897,
    0.0009603360053998503,
    0.000956645190481331,
    0.0009553866650603086,
    0.0010421387948115336,
    0.0009410417182826912,
    0.0009390984888195054,
    0.0009449208661640336,
    0.0009504167806728372,
    0.0009185853078017024,
    0.000950179658455683,
    0.0009123438717699707,
    0.0009182501014426246,
    0.0009540923946810613,
    0.0009259139238921861,
    0.000924840337153967,
    0.0009258444719765518,
    0.0009351287777958946,
    0.0009656790258864371,
    0.0009459970685835745,
    0.0009031899822908421,
    0.0009008391420812821,
    0.0009017117836812212,
    0.0009037757765377996,
    0.0009041776160963557,
    0.0009207923343027388,
    0.0009118691620814217,
    0.0009176739558277951,
    0.0009045661741320591,
    0.0009222619319367189,
    0.0009128554829174874,
    0.0008976205690907172,
    0.000911744623738048,
    0.0009055339141058494,
    0.0009288665954140829,
    0.0009072032201891909,
    0.0009076602389006973,
    0.0008972705839286473,
    0.0009182722093635141,
    0.0009056776676528885,
    0.000913542154948455,
    0.0009145087293036594,
    0.0009215690839508144,
    0.0009108560730481742,
    0.0009006236666012425,
    0.0009237709828046756,
    0.0008985392509152058,
    0.000908039211233674
  ]
}