{
  "loss": [
    0.006456961790406769,
    0.00293350701885564,
    0.0010799713724978515,
    0.0007744871037449319,
    0.0007052244537172246,
    0.0006008098444614846,
    0.0006082978755092392,
    0.0005139361824430935,
    0.0005014621645242877,
    0.0004809358362671356,
    0.00047840512347417874,
    0.0004560457824238136,
    0.0004186792469552749,
    0.0003981675837281068,
    0.00044948059062545115,
    0.0004611900034565274,
    0.0003918613796762017,
    0.00035271443251346413,
    0.00035059707953113614,
    0.00036711607404708206,
    0.0003452239493496593,
    0.0003225482757469373,
    0.0003212431612025414,
    0.00034834496914869646,
    0.00032598943312672876,
    0.00031164202829541456,
    0.0003136989040361656,
    0.0003302559661320769,
    0.0003194256708061752,
    0.00030351129190351526,
    0.00031032513115800673,
    0.0003030405532834785,
    0.00032268926901691646,
    0.00033584136126312214,
    0.00031292508001910053,
    0.0002989340243236786,
    0.0002954123361396941,
    0.0003113383614038537,
    0.0003230091632640624,
    0.00035872556279403165,
    0.00031165302496986814,
    0.0003042466121797378,
    0.00029390711576555046,
    0.0002977422513784124,
    0.0003007620635665032,
    0.00029779232566367713
  ],
  "val_loss": [
    0.009626917887837568,
    0.00280914816409843,
    0.0019606086414117713,
    0.001640777356404359,
    0.0014785259287944648,
    0.0013830239333815072,
    0.0012166008529074053,
    0.0011054998515543984,
    0.0010290246446632535,
    0.0009844530782320718,
    0.0010119216338662505,
    0.0009030143879230603,
    0.0009168470269452256,
    0.0008438710320411014,
    0.0008271529888532889,
    0.0007980665133719175,
    0.0007460824795349175,
    0.0007411576076047015,
    0.000745148420469599,
    0.0007233044571461444,
    0.0007084598206243422,
    0.0006491804728933936,
    0.000669798746947303,
    0.0006469617101897692,
    0.000649967103725042,
    0.0006421731951038615,
    0.0006321329637505296,
    0.000657363184578353,
    0.0006647987258419228,
    0.0006636704780639381,
    0.0006362686467969419,
    0.0006389819515701461,
    0.0006327273546896013,
    0.000649738375097838,
    0.0006390448573686448,
    0.0006179055546487018,
    0.0006725526952400357,
    0.0006398197427142614,
    0.000698027311972988,
    0.0006645939872139673,
    0.0006336777077596816,
    0.0006545506923678987,
    0.000630133031205647,
    0.0006457439317228986,
    0.0006384158129005003,
    0.0006689037393773367
  ]
}