{
  "loss": [
    0.006378618916545911,
    0.003909979771159103,
    0.0030088379933553002,
    0.00129607749829394,
    0.0010789392154246596,
    0.0010189416631891982,
    0.0009898602727610073,
    0.0009688749811669558,
    0.0009582978298573884,
    0.000934351882071939,
    0.0009205795178186589,
    0.0009159881190841974,
    0.0009053351655906326,
    0.0008789258916670131,
    0.000868336827086853,
    0.0008703126300847391,
    0.0008623908392754851,
    0.0008657931980908548,
    0.0008615160159104729,
    0.0008600981209207017,
    0.0008401597518025449,
    0.000843799049572648,
    0.0008334045659141316,
    0.0008346777958746152,
    0.0008249329989225763,
    0.0008268380724263214,
    0.0008260475424803281,
    0.0008313623339108584,
    0.0008252886265830007,
    0.000816489412466547,
    0.0008117969273515637,
    0.0008107819796681102,
    0.0008073578031431404,
    0.0008033095493319739,
    0.0008364073813907684,
    0.0008076905281935051,
    0.0007964489877641175,
    0.000803232442454568,
    0.0007985882789374541,
    0.0007944315586919113,
    0.000806022950159008,
    0.000789063579112955,
    0.0007931988263778665,
    0.0007849914668336497,
    0.0007920153629990719,
    0.0007907007293236923,
    0.0007805332194067656,
    0.0007810421483886857,
    0.0007973040849942799,
    0.0008078359399644602,
    0.0007775557020882792,
    0.0007730195111130254,
    0.0007732906118051742,
    0.000802949158806597,
    0.0007954560287175223,
    0.0007718561856343856,
    0.0007700024972788044,
    0.0007686210736489446,
    0.0007723755804974606,
    0.0007716069359133575,
    0.0007628937359863147,
    0.0007647671198843596,
    0.0007771444930924953,
    0.0007708335421179509,
    0.0007668468849470664,
    0.0007716195481891762,
    0.0007695940098761395,
    0.0007723173486090198,
    0.0007576893724959403,
    0.0007665935879970721,
    0.0007579185441670187,
    0.0007660817552022834,
    0.0007727830397701006,
    0.0007718314796134278
  ],
  "val_loss": [
    0.008649913548216434,
    0.005581906453614504,
    0.00323593068579343,
    0.0024756525584142394,
    0.0025523919205535464,
    0.0023766923387548034,
    0.002317598182708025,
    0.002280629210790593,
    0.0022589967697596467,
    0.002140147821702273,
    0.0021331360625942617,
    0.0021623654966570543,
    0.0020256901051665488,
    0.002018451979908515,
    0.0020344210611525134,
    0.0019306341455068807,
    0.001924503998319343,
    0.0019362693350814598,
    0.001954227239614956,
    0.0019342472622643264,
    0.0019037941369083775,
    0.0018830528958293964,
    0.0018952011786611148,
    0.0018599208821476975,
    0.0018497992628319583,
    0.001830303320057795,
    0.001825086937062967,
    0.0018033146356481692,
    0.0017918756103772722,
    0.001845785192358242,
    0.0018199852582487003,
    0.0018089290744375806,
    0.0017932360024440666,
    0.0018627757708292822,
    0.001750698820425486,
    0.0017855216325982147,
    0.001736188176560255,
    0.0017605945717176082,
    0.001744035265447808,
    0.0017620823444457541,
    0.0017428564058590522,
    0.0017481300192819516,
    0.001745355731322312,
    0.0017265288857743143,
    0.0017147277875370543,
    0.0017445481379031085,
    0.0017326516112391378,
    0.00169728468729734,
    0.0017273099833942005,
    0.0017453126009212624,
    0.0017121706994145478,
    0.0017333050124006162,
    0.0017186052356125184,
    0.0017243746323773348,
    0.001686815594480386,
    0.0016919524448228555,
    0.0017160302274007823,
    0.0016837311934837153,
    0.0017848674837552326,
    0.0017060129411361168,
    0.0017065694686812414,
    0.0016778666686765116,
    0.00166079966567824,
    0.0016502438608268406,
    0.0017093377312461676,
    0.0017176459910689106,
    0.0017108096304992344,
    0.001675842661397453,
    0.0016577677850440984,
    0.001679959156366826,
    0.0016781333630615976,
    0.0016606857334460381,
    0.001673721053808088,
    0.0016669143607813707
  ]
}