{
  "loss": [
    0.007995673713794156,
    0.005515065660956244,
    0.0026063076113086877,
    0.0009543015353187761,
    0.0005684272639670597,
    0.0005092835775581644,
    0.00047716684915537655,
    0.0005032954542547117,
    0.0004359013443918253,
    0.0004405995385861822,
    0.0003903736696784296,
    0.0003659957871074164,
    0.00036404991249312953,
    0.0003655417246232157,
    0.0003354370465799086,
    0.0003142303116109343,
    0.0003261536880741718,
    0.0003554083679276725,
    0.0002945192411886941,
    0.0002943919438078957,
    0.000273746615593237,
    0.00027087906925752107,
    0.0002701723908996422,
    0.0002504156044374319,
    0.00025615344796406223,
    0.00025086127251800156,
    0.00023057150764059116,
    0.00023413695003286203,
    0.0002317182896362755,
    0.00024048947088119152,
    0.0002141223233485092,
    0.00020248923950803459,
    0.00020749967327190306,
    0.00020610621694249842,
    0.0001989108121165123,
    0.0002088900733603959,
    0.0002076914057600425,
    0.00019168688176609012,
    0.00018867421838898477,
    0.0001892134275546704,
    0.00018496210030907888,
    0.00018327364473580965,
    0.00018414629616110586,
    0.00017904110929160185,
    0.00018864987677344206,
    0.00017896429497159022,
    0.00017592598747708055,
    0.00017887323602653024,
    0.00020127070556207326,
    0.00017942814387761049,
    0.00019440995985087862,
    0.00017897121754837324,
    0.000168420571000894,
    0.00018179902634862566,
    0.0001755404729111534,
    0.0001741395453396051,
    0.0001753775972096257,
    0.0001689837858993781,
    0.0001715469282232638,
    0.00017981385395174612,
    0.00017447847312803636,
    0.00021721428468752672,
    0.00018090282500355244,
    0.0001778607775326217,
    0.00017331545726624373
  ],
  "val_loss": [
    0.00961474622554445,
    0.00802412947901474,
    0.002166052840802927,
    0.001633746703790037,
    0.001210967165266419,
    0.0010606523534226048,
    0.0010047891309681726,
    0.0009044799387004221,
    0.0008657454791179597,
    0.0008301237370250215,
    0.0008060433724551865,
    0.0007121791642629419,
    0.0006752971515075015,
    0.0006343567195336784,
    0.0006316726987142639,
    0.0005801507177593002,
    0.0006003742665181944,
    0.0005409996879678245,
    0.0005227059136991297,
    0.000513535264987299,
    0.0005090239357238218,
    0.0004901420960953441,
    0.0004570011154509516,
    0.0004384243629386413,
    0.00046794834090636394,
    0.0004263506694347112,
    0.0004097786868024768,
    0.000426946925235749,
    0.00043775714993456145,
    0.0004244706251332083,
    0.00038078383428286836,
    0.000378549613608423,
    0.0003776330627861753,
    0.0003685807533658036,
    0.0003670681211226315,
    0.00039378406737558026,
    0.00036292971543007906,
    0.00035046597757157827,
    0.00034534153493295485,
    0.00034433768812249,
    0.0003448775454158137,
    0.0003538487726776836,
    0.00033422423523325496,
    0.00033994062138790646,
    0.0003422072243441857,
    0.0003305205248179036,
    0.0003314406671702165,
    0.0003317296408636234,
    0.00033172999053461,
    0.0003303098332637828,
    0.0003533568815732963,
    0.0003467378927386976,
    0.0003361270406731289,
    0.0003451974585049064,
    0.00032859140826047234,
    0.00035108914101750216,
    0.00033116330588492274,
    0.00033795517800966476,
    0.00035434639136733097,
    0.0003429347020913931,
    0.0003643645937340813,
    0.00033468733014155474,
    0.00034377241379423363,
    0.00035188827937778465,
    0.00032872314994681305
  ]
}