{
  "loss": [
    0.007897449467607119,
    0.00644229008032689,
    0.006074509845399405,
    0.0039950161683660595,
    0.0022022201606964388,
    0.0017975605638267398,
    0.0014085940855704708,
    0.0013213360218521752,
    0.0012557084267265845,
    0.0011264600284312189,
    0.0010794339922455517,
    0.0010482394425986856,
    0.001062339826526426,
    0.00101660388563735,
    0.0009895350513659496,
    0.0009578272231774013,
    0.0009433416158167853,
    0.000929827436006495,
    0.0009504293138407683,
    0.0009355259067756723,
    0.0009118046577054041,
    0.0009224253562500789,
    0.0009529660617057201,
    0.0009044583584428346,
    0.000879052898421969,
    0.0008787727616834118,
    0.0008318492782596216,
    0.0008241093566196083,
    0.000831515031186716,
    0.0008106788198834834,
    0.0008015274291946774,
    0.0008107408409161293,
    0.0008255790625871332,
    0.0008309710532881819,
    0.0008520804541891792,
    0.0008123089802472785,
    0.000817571652620354,
    0.0008205767017518165,
    0.0008122518583080966,
    0.000786340713843447,
    0.0007792522082010012,
    0.0007615111523095972,
    0.0007533165224831111,
    0.0007423841960340528,
    0.0007487129514693649,
    0.0007631972220043013,
    0.0007398937326014975,
    0.0007566603441021325,
    0.0007493047467046918,
    0.0007354772345424093,
    0.0007390937110083917,
    0.0007465383828604492,
    0.0007489300294979632,
    0.0007237114785879693,
    0.0007290892670303912,
    0.0007304359313447153,
    0.0007283930266169236,
    0.0007124855590621223,
    0.0007119952947208478,
    0.0007585777017834877,
    0.0007469103896638914,
    0.0007095699885538147,
    0.0007046689907650626,
    0.0007031765176973764
  ],
  "val_loss": [
    0.01062184892280001,
    0.010456233500489886,
    0.01014399001322372,
    0.005036570694507428,
    0.005107986752245523,
    0.003548160053028817,
    0.0033749078164323114,
    0.0030946494053891846,
    0.0029667559184763633,
    0.0027485893560494756,
    0.0026905953523401224,
    0.0026962975636911643,
    0.0025758195497935085,
    0.0025280202155224456,
    0.002451367634938846,
    0.002463028883613961,
    0.0022636722773313523,
    0.002346804852820408,
    0.0024014461155928354,
    0.00215008468137608,
    0.002258128720716062,
    0.0022049046452747474,
    0.002215853676488492,
    0.0021865809093636105,
    0.0020769220445646156,
    0.00207952810189044,
    0.002014491933030667,
    0.001989497496536605,
    0.0019335494593153118,
    0.00191870723247633,
    0.0019494601407311332,
    0.0019755235702638894,
    0.001968508041267034,
    0.0020058178956108823,
    0.00194148313136063,
    0.0018811765753231208,
    0.0019019417002351141,
    0.0018861694812354907,
    0.0018250196129345978,
    0.0018079104508653702,
    0.0019463678556297657,
    0.0017758070268261601,
    0.0018108635727630954,
    0.0017597491679135972,
    0.0017744482435863203,
    0.001767737372174964,
    0.0017936908466164286,
    0.0019199569640733617,
    0.0018106045817930093,
    0.0017941441652561787,
    0.0019241152236133185,
    0.001774603919401555,
    0.0018643118464060024,
    0.00172575172561575,
    0.0017776919086135818,
    0.0017546803749520594,
    0.0018505131799570272,
    0.0018178322237693298,
    0.001779656629012504,
    0.0019030413114872408,
    0.0017833841620275462,
    0.0017961902353702717,
    0.0018106629029178702,
    0.0017569788344676646
  ]
}