{
  "loss": [
    0.007362177131470942,
    0.0052706779518234635,
    0.002351339129073775,
    0.0008222044599823306,
    0.0006067495112915572,
    0.0005476188460539996,
    0.000527184823036912,
    0.0005003482603724043,
    0.0004971830170390146,
    0.00045635419435345934,
    0.0003970748800428508,
    0.00040875260183535723,
    0.0004039329944872148,
    0.00036730743224986577,
    0.00039178718083493535,
    0.00036547510768082376,
    0.00033957162986173703,
    0.000319981807837738,
    0.0003236992973893583,
    0.00031912411414524464,
    0.00030942174714055775,
    0.0003242225741890255,
    0.00036375935903511496,
    0.00034405119389603974,
    0.0002860603825237539,
    0.0002913494889600285,
    0.0002914763697291441,
    0.00035289650705792695,
    0.00027324206224504856,
    0.00026950378479362623,
    0.0002518897446373058,
    0.0002610678118241515,
    0.00025109315908937907,
    0.0002535317185621988,
    0.0002588556268208259,
    0.00026292666861839386,
    0.00024381764850721948,
    0.0002464616970065245,
    0.0002274861115160397,
    0.00022679176511065883,
    0.00021752352164795463,
    0.00024616207552605033,
    0.0002298404625959516,
    0.0002200487505959602,
    0.00020552400893794121,
    0.0002085145763277993,
    0.00020513574197662598,
    0.00020611043283109482,
    0.00020529221045134527,
    0.00020669695587155316,
    0.00021118252701570842,
    0.00019263732998615944,
    0.00018247717137247666,
    0.00018631062160242394,
    0.00020183145437106576,
    0.00019441002729328593,
    0.0001794343972707995,
    0.00020699927542537785,
    0.00020783752830873736,
    0.00018802762143803678,
    0.00019063059643764158,
    0.00019202629326350683,
    0.00019609476652980665,
    0.00018165027794932688,
    0.00018347321084520967,
    0.00018492510288263675,
    0.0001843638976407125,
    0.00018377926093620257,
    0.00017368098580872342,
    0.00018430772897984536,
    0.00017965305487306884,
    0.0001893750109732704,
    0.0001784906716712885,
    0.00017129995407663215,
    0.00017692367113729122,
    0.00017920519760160532,
    0.00018435995060785685,
    0.0001808773152660873,
    0.0001671114330633278,
    0.00017157666304572675,
    0.00017814171385545805,
    0.00017359678751971454,
    0.0001800478633069243,
    0.00018602742057467075,
    0.00018919951925333345,
    0.00018099155252984265,
    0.0001751376350730233,
    0.00017957431722060582,
    0.00019083369041827405
  ],
  "val_loss": [
    0.009540672500790078,
    0.007306846787425093,
    0.0017094805184816515,
    0.001151028311693515,
    0.0010867760991431533,
    0.0009796491480673377,
    0.0009183442444826822,
    0.0008766635819610275,
    0.0009196957247687947,
    0.0008053766853034869,
    0.0008072168341227736,
    0.0007499850386095017,
    0.0007649535765471157,
    0.0007291679611472965,
    0.0007287844702548326,
    0.0006862805616460295,
    0.0006337334116210356,
    0.0006308237812271334,
    0.0006071664662937788,
    0.000588609102882849,
    0.0005901130706849683,
    0.0006079177341960832,
    0.0006209158486594681,
    0.0005514304354312144,
    0.0005374527784059231,
    0.0005434831166873078,
    0.0005725408041744813,
    0.0005198513809850592,
    0.0005045960832488242,
    0.00046831937382122053,
    0.0004543315450274237,
    0.0004564954717342401,
    0.00044429606607641057,
    0.00042768185710539633,
    0.00044415025284995683,
    0.000419904326910596,
    0.0004530379081388446,
    0.0004026366534392882,
    0.000417790673043312,
    0.00039484895912636334,
    0.00039435447994664945,
    0.00043661244746598106,
    0.0003976501755255128,
    0.00039087260839893963,
    0.00037233746321243654,
    0.00037440960319785297,
    0.000399075189735857,
    0.00035499301897711606,
    0.0003805664737620786,
    0.0003582934535420027,
    0.000349117266824592,
    0.00035027536116372045,
    0.0003449942759616736,
    0.0003746542451797657,
    0.0003420737438355294,
    0.0003516567226237668,
    0.0003429407823430271,
    0.000425513488684505,
    0.00035499099269881715,
    0.00033884601786448356,
    0.0003412867226668339,
    0.0003526754249764868,
    0.0003403283802215049,
    0.0003468992355707398,
    0.0003460014324322128,
    0.00035174211330280507,
    0.00034797507469294274,
    0.0003400877821945711,
    0.0003345209966097623,
    0.00037907022483010876,
    0.00035995311038267456,
    0.0003474284030352324,
    0.0003320724865567698,
    0.00034199282385296187,
    0.00033475960499117403,
    0.0003550252014787619,
    0.00034593459419026627,
    0.00035538336817305977,
    0.000331930160709956,
    0.00034728628484161783,
    0.0003400725582196806,
    0.000355610120002056,
    0.00034864624357142424,
    0.00033677735738569587,
    0.0003555115540513525,
    0.00035814853219211137,
    0.0003568150375874827,
    0.0003678052115331175,
    0.0003487237624738881
  ]
}