{
  "loss": [
    0.007907171996447809,
    0.00672012204394877,
    0.006651921397370545,
    0.006463554852621131,
    0.0036475990297642367,
    0.0022897262778915086,
    0.001977307423912203,
    0.0018589021538236515,
    0.0017475513288161915,
    0.0017070358743482869,
    0.001679469200494809,
    0.0015629009007041268,
    0.001570339096418713,
    0.0014379304927644961,
    0.001408053031154191,
    0.0013681397996279047,
    0.00137089140158866,
    0.0013889831206232467,
    0.0013292869610586,
    0.00131521524740667,
    0.0012977186260066706,
    0.0013399440825020074,
    0.0013089549857476942,
    0.0012835761574061997,
    0.0012458011385965376,
    0.0012344563362084516,
    0.0012219881696397725,
    0.0012309490404162973,
    0.001246721468642815,
    0.0012123283775896986,
    0.0012206859049464236,
    0.0011799892084899395,
    0.0011975802600522037,
    0.0011844641563593288,
    0.001147918760934141,
    0.0011490811713178153,
    0.0011309476333069054,
    0.001132993667877855,
    0.001117309279059987,
    0.0011092897199408715,
    0.0011289703235926516,
    0.0011054453347619068,
    0.001101908505076507,
    0.0011139448328413666,
    0.0011258507602186763,
    0.0011032324961201016,
    0.0011066176251179473,
    0.0011048609874109601,
    0.0011133509289653963,
    0.0010979006811708929,
    0.001080410319602284,
    0.0010656777917894308,
    0.0010677939955284223,
    0.0010798770799151352,
    0.0010822941162271595,
    0.0010711699789015463,
    0.0010736240271064879,
    0.0010676044028110792,
    0.0010691519770680725,
    0.0010911237074052351,
    0.0010905793865536016,
    0.001065582106008441,
    0.0011135095629492924,
    0.0010988013358445945,
    0.0010840312793689985,
    0.0010713697145160056,
    0.0010580912096486799,
    0.00106820029737362,
    0.0010779351166550727,
    0.0010650690443940556,
    0.0010654595806827202,
    0.0010649084658421646,
    0.0010592752054290064,
    0.0010553481696927497,
    0.0010722927614685166,
    0.0010609818478223962,
    0.0010545389626238544,
    0.001071718308288181,
    0.001080645498152126,
    0.0010760192044484262,
    0.0010614686355840907,
    0.0010736984909864794,
    0.001072965122583819,
    0.0010896178510392325,
    0.001075899752862735,
    0.0010627011731583864
  ],
  "val_loss": [
    0.010806174749336766,
    0.010635503777798186,
    0.010540163918589869,
    0.008946360655604524,
    0.00572203964107267,
    0.004595220612745124,
    0.0043212909492538545,
    0.00418749245755533,
    0.0039914941101447275,
    0.00372595551080262,
    0.0038410422372374127,
    0.003396679707703755,
    0.0034885937344705594,
    0.0032855880866157457,
    0.0032123498909228236,
    0.003322314946905624,
    0.003168664823107897,
    0.0031188412685052933,
    0.0030211452269226524,
    0.0031806160818045656,
    0.002983873458381029,
    0.0031793566846704865,
    0.002882916469734611,
    0.0030005879082604715,
    0.002885747440687731,
    0.0029401040272721162,
    0.002826603317091651,
    0.0028293051862600424,
    0.0027369201401288203,
    0.002827815710507492,
    0.0027238966398443103,
    0.0027092954401481658,
    0.002693809996233553,
    0.002695931480695487,
    0.0026791201224088245,
    0.002593948604235201,
    0.002602287688034963,
    0.0026532618319021263,
    0.0025584383600173476,
    0.0025822340715544443,
    0.002703107220074492,
    0.002603623525285763,
    0.0024814038593586243,
    0.0026442045679461235,
    0.0026496724185949947,
    0.002663378238823291,
    0.002514091338830214,
    0.0025313544632034734,
    0.0025472803080969666,
    0.0025680481446312465,
    0.0024413044052528786,
    0.002428620035515715,
    0.002566212059348716,
    0.0025138216225285056,
    0.002460108459629911,
    0.002403179696160005,
    0.002580474092169328,
    0.0024768454821925637,
    0.0024773151144808067,
    0.002623133751041923,
    0.0024627691844861348,
    0.0024637295227127928,
    0.0024561992856337034,
    0.002606425291350019,
    0.0024707407977907583,
    0.0023979778084507646,
    0.002489287826952571,
    0.0024484842332040376,
    0.002527411668462322,
    0.0026313592095245073,
    0.002440991454447309,
    0.0025198895362014257,
    0.0025093384916028867,
    0.0024708949267230134,
    0.0026098741073134943,
    0.002379225285604913,
    0.002557663020763731,
    0.002533585980125036,
    0.0024837951364114564,
    0.002508198745641197,
    0.0025736269514664268,
    0.0025041346154208726,
    0.0024140826340579816,
    0.002501095617388157,
    0.002459568908794763,
    0.0023855918364480456
  ]
}