{
  "loss": [
    0.0062260935571720145,
    0.00454006825430462,
    0.0020046067262416358,
    0.000982043451046223,
    0.0007792675929594334,
    0.0007247636790622721,
    0.0006745271766711805,
    0.0006702000640363402,
    0.0006026055124731592,
    0.0006023727922577533,
    0.0005493622552603483,
    0.0005402595122795101,
    0.0005198881882856918,
    0.0005220558763875697,
    0.0004886891905750547,
    0.0004713985292947145,
    0.0004500472542809343,
    0.0004317154539339654,
    0.0004288781687852691,
    0.0004205870123421466,
    0.0004044659099807697,
    0.0003913847674938062,
    0.0003698359438919227,
    0.00037470771734101266,
    0.0003781938939457657,
    0.00038082692550833,
    0.00038877768741388404,
    0.0003635922108283062,
    0.00034728802244209653,
    0.00036426662971460064,
    0.0003545614503385438,
    0.000355472022432138,
    0.0003672019346453413,
    0.00035708222479385497,
    0.00035466114572085605,
    0.00034901371449590305,
    0.0003627957545660927,
    0.00033418985312692,
    0.0003413490030356775,
    0.00033673080469860314
  ],
  "val_loss": [
    0.006931424022079387,
    0.008321559369028904,
    0.002128791791254413,
    0.001804543190831877,
    0.0015397116621745804,
    0.0013207654698298545,
    0.0012232570685225446,
    0.001120739001417052,
    0.0011131002233562423,
    0.001037704705090536,
    0.0009636068813252097,
    0.0009041052405667885,
    0.0010029870389689232,
    0.0008685398608838394,
    0.0007991545078327757,
    0.0008249822159712119,
    0.0007376316657180754,
    0.0007337194054310873,
    0.0007269083797630323,
    0.0007299812683690147,
    0.0007115103443370122,
    0.0006991032404809504,
    0.0006568712053100892,
    0.0006973167701632127,
    0.0006796613915575307,
    0.0006974734965227336,
    0.0006325629918421703,
    0.0006282347894333448,
    0.0006307353730108251,
    0.0006160599722593861,
    0.0006484825502122483,
    0.000681343631357126,
    0.000627395680945138,
    0.0006277867347863211,
    0.0006245174979796891,
    0.0006225031919581257,
    0.0006295627558953291,
    0.000619167961343224,
    0.000618905961842145,
    0.0006307364300034961
  ]
}