{
  "loss": [
    0.006801025026901351,
    0.005430926612223994,
    0.0025621477855674816,
    0.0021227631523260304,
    0.0016880106440487256,
    0.0013939268575093148,
    0.0013810411950394715,
    0.0013486967449641524,
    0.0013004391422985805,
    0.0012317355086354492,
    0.0012742569579027175,
    0.001273042009382044,
    0.0012637167201174561,
    0.0011883592372986525,
    0.0011872123600009678,
    0.0012003575810537869,
    0.0011907363491741117,
    0.0011722727672440147,
    0.0011894873416354165,
    0.0011803783979258652,
    0.0011530466515293498,
    0.0011171907208834405,
    0.001130297821962904,
    0.0011495766924921353,
    0.0011257595333039852,
    0.0011329156856624211,
    0.0011085825817415864,
    0.0010829926865056842,
    0.0010811937341184228,
    0.0010932530686477387,
    0.0010902533421154623,
    0.0010830509180361112,
    0.001042363286901955,
    0.0010912319232404752,
    0.0010492289246961646,
    0.0010607011513704277,
    0.0009843859136801326
  ],
  "val_loss": [
    0.010907856410646692,
    0.007509901522203012,
    0.003797418574624239,
    0.004564957601407953,
    0.0034440096338933454,
    0.0034167785441886027,
    0.00321896846789259,
    0.003075635676926121,
    0.00308746917681861,
    0.0029836876403725315,
    0.002947812450138178,
    0.0028131773325462714,
    0.0028874867757557768,
    0.0028212017092378214,
    0.00269337398237846,
    0.0026641211000185275,
    0.003034454506841746,
    0.002883337195368206,
    0.0030631364138255304,
    0.002674087824907603,
    0.002853069342144415,
    0.002837140170579895,
    0.002977605752897918,
    0.002657571306835252,
    0.002742500699633825,
    0.0026346356812732437,
    0.00259924523288001,
    0.0028862821509572844,
    0.0027291102374487736,
    0.002728365785409267,
    0.0027307909857217515,
    0.0026188569467065605,
    0.002660458469234988,
    0.002688780036946455,
    0.002645951816614004,
    0.002863251383858898,
    0.003013223508069067
  ]
}