{
  "loss": [
    0.13585565629953192,
    0.00841808427138327,
    0.004759365342618071,
    0.003267030316879059,
    0.0019354283585025877,
    0.0013229047104003776,
    0.0010777326948169226,
    0.0009397124095987472,
    0.0008642125953733758,
    0.0008459150564227478,
    0.0007571489395243081,
    0.0006888929388911561,
    0.0006718757923979688,
    0.0006509453415324902,
    0.0006398525958375991,
    0.0006351644456543494,
    0.0006357414140482792,
    0.0006136914826925471,
    0.0006838647907182289,
    0.0005913554684939563,
    0.0006560099487511701,
    0.000558009410905539,
    0.0006250117964490681,
    0.0005648645864913524,
    0.0005949300693504158,
    0.0005858720196260437,
    0.0005594688680409538,
    0.000671675192639625,
    0.0005662075199946447,
    0.0006159552555271903,
    0.0005653889844942022,
    0.0005269392811303186,
    0.0005521063921140123,
    0.0005497053634894465,
    0.0005693417092430001,
    0.0005532636152275334,
    0.0005771468020494153,
    0.0005358113874294097,
    0.0005635743022398933,
    0.0005723143276994908,
    0.0006814597645615507,
    0.000592284221788053,
    0.0006551726922149874,
    0.0006098929013433308,
    0.0005400147909091419,
    0.0005315654984263771,
    0.0005314186323544537,
    0.0005882306274010653,
    0.0005451680255143789,
    0.0005475445754999796,
    0.0005614334742796353,
    0.0006285001035391288,
    0.0007011561002239161,
    0.0006559924209724785,
    0.0006290272254325954,
    0.0007441752460200111,
    0.0009273451021741346
  ],
  "val_loss": [
    0.020492336613783885,
    0.008965748129086895,
    0.006354498462035106,
    0.003702027363363992,
    0.002408016231920492,
    0.0018177975643217771,
    0.001602251698276015,
    0.0015522066461430355,
    0.0014893389627715194,
    0.0013515156648167363,
    0.0012439783003956235,
    0.0011778525164728606,
    0.0011714610969647764,
    0.0011690705283577522,
    0.0011534945883013151,
    0.001111374872938528,
    0.0011451463852488026,
    0.001083140926341155,
    0.0010720408496355729,
    0.001407594666848858,
    0.0011242618191648613,
    0.0010602473370060065,
    0.001088819233700633,
    0.0010489276985611792,
    0.0011560165789792432,
    0.0010510249487515149,
    0.00123591743771091,
    0.0010111904208926106,
    0.001108036221044099,
    0.0010797071308907044,
    0.001039448906862913,
    0.001047888624081323,
    0.001029967133222812,
    0.0010568220608776525,
    0.0011388452531496337,
    0.0010324440924190245,
    0.0010051309849930133,
    0.001055790209927811,
    0.001117504478946745,
    0.001020795980979643,
    0.0010189834250287004,
    0.0012656769237376854,
    0.0010224182366302328,
    0.0010965676685156939,
    0.0010220157057437655,
    0.001033836191477762,
    0.0010003784762604253,
    0.0011043120419828,
    0.0010715984837054372,
    0.001067198438478725,
    0.001188558213888192,
    0.001183811218438709,
    0.001172515386275921,
    0.001103637941096994,
    0.0010235369612521432,
    0.0021091998798994124,
    0.0012285164101505197
  ]
}