{
  "loss": [
    0.09763612420676829,
    0.013315960046026733,
    0.005792074297442214,
    0.0032672195843738185,
    0.0025807703582181054,
    0.0021590753069536373,
    0.001972991564403196,
    0.0017247167713735458,
    0.0015356189992974747,
    0.0013961816256210862,
    0.0013308529250303303,
    0.0012364952136752205,
    0.0011659807756358941,
    0.0010752529509948914,
    0.0010083193604701333,
    0.0009670299254767187,
    0.0009210382692597725,
    0.0008611592532207186,
    0.0008445207786664449,
    0.0007850200911871271,
    0.0008103153612567009,
    0.0008420169090463238,
    0.0007313869853892906,
    0.0007280745555564843,
    0.0007010171506912089,
    0.0006765267928898498,
    0.0006701363282851302,
    0.0006235969887667714,
    0.000656033734698872,
    0.0006232580298220146,
    0.000600965528308854,
    0.0006152104663376052,
    0.0005916842992755247,
    0.000585552310228225,
    0.0006002101809768886,
    0.0005711129271415073,
    0.0005653524090239143,
    0.000572857329913589,
    0.0005122630500265366,
    0.0005375770350232475,
    0.0005224503568312215,
    0.0005346179247710976,
    0.0005168105618117356,
    0.0005029417909835312,
    0.000568065481314149
  ],
  "val_loss": [
    0.027386854068899586,
    0.008861791900056447,
    0.002404257614390257,
    0.0011918191137857412,
    0.0008254778557463525,
    0.0007773841706246159,
    0.0007935581951904808,
    0.0007919270961384342,
    0.0007356087294974815,
    0.0007303310821230317,
    0.0007468021144854058,
    0.0007179353711379736,
    0.0007018722969089795,
    0.0006842280679117405,
    0.0006831012003940778,
    0.0006684473980539005,
    0.0006587117773349522,
    0.0006856178334554348,
    0.0006672918335505406,
    0.0006535016630650881,
    0.0008717273841605546,
    0.000663878021619219,
    0.0006686830447468454,
    0.0006472854900600537,
    0.0006335621960366968,
    0.0006374747302731294,
    0.0006190588936629229,
    0.0006402433034639177,
    0.0006442057919289755,
    0.0006231465936665043,
    0.0006281108748621724,
    0.0006390956944540517,
    0.0006390768850583978,
    0.0006296692288291057,
    0.0006070458572137077,
    0.0006559181956326227,
    0.0006524440174859999,
    0.0006105289148294069,
    0.0006099002995311361,
    0.000674494308214297,
    0.0006174949744509759,
    0.0006395898344686236,
    0.0006087182075966597,
    0.0007210778856859121,
    0.0006304878379105274
  ]
}