{
  "loss": [
    0.30053582214404734,
    0.011601616601882192,
    0.005728453765249024,
    0.004654837238079213,
    0.003818287432347545,
    0.0031744698313059556,
    0.002348072232566463,
    0.0014494999985611022,
    0.0009859028875829426,
    0.0008658615726399652,
    0.0008006075434047249,
    0.0007104383930637549,
    0.0006195439261862444,
    0.0005615088946239586,
    0.00048296576324211444,
    0.00045631540905775034,
    0.0004476350672201727,
    0.00047298048035563555,
    0.00042024878180697465,
    0.00041151721462033536,
    0.00043241455673741577,
    0.00041241441748483734,
    0.00041020721326274145,
    0.0005707630056078633,
    0.000457622250150926,
    0.00033813971669961637,
    0.0003272703881295734,
    0.0003399947271868423,
    0.0003293854620673853,
    0.00032929550428115255,
    0.000359080047896774,
    0.0003936726121105324,
    0.0004275088452019916,
    0.0003238708280293998,
    0.00030467395891988023,
    0.00028231429124346514,
    0.000269226290922216,
    0.00027019578278702583,
    0.00028301253076228625,
    0.0002528888822811728,
    0.00028118146459839305,
    0.0003111970024724312,
    0.00026770825533978156,
    0.00025719365898620373,
    0.00031141322410837646,
    0.00036594527788257996,
    0.000284032292253402,
    0.00030826302709105577,
    0.0003026269692777287,
    0.0003684663796402902,
    0.00027951780235716727,
    0.0003183006449149256,
    0.0002775089491691361
  ],
  "val_loss": [
    0.02697171672391129,
    0.010181730819065564,
    0.009013234449858791,
    0.007192866263395598,
    0.006460095843188828,
    0.00506954490542619,
    0.0029831603490028617,
    0.0016766918407978492,
    0.0012363573560239915,
    0.001134205607859928,
    0.00100654490992831,
    0.0009161285307680636,
    0.0008051829592788511,
    0.0007056347095285787,
    0.0006728439228492627,
    0.0006062252671582176,
    0.0006448286469337325,
    0.000749086446267383,
    0.0005673169729465642,
    0.0008934650306883935,
    0.000597203986590368,
    0.0005925291459761322,
    0.0007710103123670285,
    0.0009632098146225941,
    0.00052508904766395,
    0.0004968085289500157,
    0.0005139053709512274,
    0.0004699281462168992,
    0.0004636935567676306,
    0.0006047806181842578,
    0.00044591061208107,
    0.0004402942628753844,
    0.0004988556538490898,
    0.0004889559000244776,
    0.00043171090315133646,
    0.0004514571724871435,
    0.00042402251645105323,
    0.0004414488219086765,
    0.00042815656907680305,
    0.0004517905337519695,
    0.0005012481532970207,
    0.00041670217812650673,
    0.0004072253894603582,
    0.0004511650075526553,
    0.0004915955915408512,
    0.0005894366052534084,
    0.0004418156326632501,
    0.0004727969494821848,
    0.0006385726983087741,
    0.0005833573118600248,
    0.0004291537037101135,
    0.0005179728555877762,
    0.0004103787473525323
  ]
}