{
  "loss": [
    0.07306717291336369,
    0.008308607087892725,
    0.006227624557445867,
    0.005584111064343961,
    0.00477116847594763,
    0.002773152284670746,
    0.0014023241957376927,
    0.0012389070389716766,
    0.0011607732813118758,
    0.001166548335294829,
    0.0010394173724793646,
    0.0010845919383601064,
    0.0009619071572522979,
    0.0009326433616721546,
    0.00094062369871175,
    0.0008902770245975012,
    0.0008734594711276655,
    0.0008626119248040113,
    0.0008635932780437605,
    0.0009085036859588084,
    0.000976763916164111,
    0.0008866259264817208,
    0.0008864396689476107,
    0.0008581318816365559,
    0.0008396815281316993,
    0.0009957646211523831,
    0.0009201609803038457,
    0.0008892318855139971,
    0.000875208683302084,
    0.0008433424017467656,
    0.0008328700021551544,
    0.0008601018946660548,
    0.0008226214270345617,
    0.0008636650147254873,
    0.0008575385410750919,
    0.000866578894234517,
    0.0008703931094134125,
    0.00082187741835531,
    0.0008558554129717737,
    0.0008074863067691788,
    0.0008427662484600772
  ],
  "val_loss": [
    0.014723239445560416,
    0.010843410478039106,
    0.009811081944531957,
    0.009181313269155127,
    0.006968272658406009,
    0.003313257292070439,
    0.0023502594607711677,
    0.0021500977995792324,
    0.002291745827598891,
    0.0021525418418656354,
    0.0020127551938394004,
    0.001978573686128456,
    0.002126490098791538,
    0.0019933374864246015,
    0.0019165474078683576,
    0.0018489772444066238,
    0.0018780009220944534,
    0.0018331796530975213,
    0.0018493543598722194,
    0.0021446295863043674,
    0.0020101632916329193,
    0.0018574970006995219,
    0.001807986209037858,
    0.0018794878845063733,
    0.0018125757420907767,
    0.0018731472148022182,
    0.002145961926541698,
    0.0017974192807844408,
    0.0018033514812614926,
    0.001790602445851644,
    0.001787467109052543,
    0.0018223201131290744,
    0.0017950494383448656,
    0.0017957245209582254,
    0.0018090575097233687,
    0.0019134489517711418,
    0.001876900390997319,
    0.001791055333918669,
    0.0018064363498870336,
    0.0018473973123907623,
    0.0018476622061095608
  ]
}