{
  "loss": [
    0.0499652302735479,
    0.003945371273524773,
    0.0014644708391093788,
    0.001159340132194951,
    0.0011021727216098717,
    0.0010943536520526109,
    0.0011186570107012534,
    0.0012084416764958296,
    0.001080279561737902,
    0.0011025282191244332,
    0.001105354939319088,
    0.0011618500695799667,
    0.0013170735612165938,
    0.0011587523745901314,
    0.0010898032925446433,
    0.0010722104947268303,
    0.0010884685719746254,
    0.0011232302677346426,
    0.0011417799478234626,
    0.0011254628336034845,
    0.0011482833844736725,
    0.001172699410364631
  ],
  "val_loss": [
    0.009502918409276093,
    0.0044256581772937845,
    0.002665864610846372,
    0.0024470712223374253,
    0.002482421468969778,
    0.0024699188950504606,
    0.0026323791322503108,
    0.0025084623119113504,
    0.002494005153470851,
    0.0024259072814321685,
    0.002423686153050644,
    0.0023822746794433035,
    0.0024966946964858905,
    0.002513600734280462,
    0.0024353662657663755,
    0.0024176215089144223,
    0.0024368651105579754,
    0.0026037208613748034,
    0.0025905195633543934,
    0.0025091925368426328,
    0.002679234334921583,
    0.0025512701537829976
  ]
}