{
  "loss": [
    0.07828192822997332,
    0.014669766777593822,
    0.008946078505994232,
    0.00700739190131393,
    0.005384461880364001,
    0.003054442109788677,
    0.0022216839764194773,
    0.0018823136790757204,
    0.001766099466697794,
    0.0015483654045116715,
    0.0015453276356334016,
    0.0015880152911533837,
    0.0014250236688390823,
    0.0013762258821040708,
    0.0013553854240614047,
    0.0013696258312310995,
    0.0012998320443689054,
    0.0013184768639663766,
    0.001265794996639703,
    0.0012362052032570106,
    0.0011836046395577256,
    0.0012530403514608734,
    0.0012708273095354912,
    0.0012931911095975183,
    0.001414565339444145,
    0.0012188034342112983,
    0.0012827230498776616,
    0.0012649951907124995,
    0.0012317972805188872,
    0.0011890897156639412
  ],
  "val_loss": [
    0.014303855376040682,
    0.010788889163246392,
    0.010366883430075137,
    0.009554047864062566,
    0.005346458869596534,
    0.003715282035925498,
    0.003505395751789952,
    0.0033045589778545902,
    0.0028294130116172716,
    0.0027009150280835146,
    0.0029924780173319664,
    0.0026141429594090434,
    0.0027628041618893333,
    0.0026437022819031848,
    0.0025416934403676723,
    0.002575883215808488,
    0.0027648312878524157,
    0.002531888859729606,
    0.0025493596621016237,
    0.002482743050691718,
    0.002523353040310825,
    0.0024975329300666108,
    0.00262204055403564,
    0.0028215791775798756,
    0.002580598971297872,
    0.0028015463903599174,
    0.0026053248891435192,
    0.002852871977882658,
    0.002512519217446341,
    0.0029111077047963728
  ]
}