{
  "loss": [
    0.06683253573263606,
    0.0101293209435934,
    0.004562204671659009,
    0.0028738901244946204,
    0.0024060375201704746,
    0.002117460979579092,
    0.001962429195859287,
    0.0017905964670502424,
    0.001658803368409409,
    0.0015726720237105795,
    0.0015317011762959012,
    0.0014548497348432503,
    0.0014165991026582935,
    0.0013999427591550708,
    0.001357058097437563,
    0.0013053156901561577,
    0.0012796874773217204,
    0.0012468939235005232,
    0.001226423020397413,
    0.001221512842839633,
    0.0011882645148222173,
    0.0012073702401870852,
    0.0011997368891774373,
    0.0011587324831470506,
    0.0011383769339742222,
    0.0011253104948831271,
    0.0011245432789018623,
    0.001101088806936711,
    0.0010749565910078203,
    0.001082685503597836,
    0.0010783019185319175,
    0.0010434376707011456,
    0.001054576158316599,
    0.0010403379430621534,
    0.0010408547663169287,
    0.0010272042618036218,
    0.0010253783652962988,
    0.0010053364795507827,
    0.0010001630765817916,
    0.000997817809130944,
    0.000976151179105891,
    0.0009745524020132985,
    0.0009927253589539983,
    0.0009601582053184798,
    0.000973030019139237,
    0.0009678299114809452,
    0.0009613452872221983,
    0.0009489312223479073,
    0.0009569478825077979,
    0.000927681883762556,
    0.0009187635892962731
  ],
  "val_loss": [
    0.016489687218317683,
    0.004959258908064853,
    0.0024538571297020558,
    0.0018353321733818927,
    0.0017604446589526996,
    0.0017527869561503471,
    0.001727793892701222,
    0.0017372057753497025,
    0.0017004222599264812,
    0.0017115860173977178,
    0.0016969862390755557,
    0.0016983381213462898,
    0.0016978399221404968,
    0.001672760308982516,
    0.0016924929936272157,
    0.0016836992478076842,
    0.0016786087160064302,
    0.0016815611571204705,
    0.0016634378585518455,
    0.001652566807239618,
    0.00167592435412791,
    0.0016649292106412246,
    0.0016771997269374175,
    0.001666728786888047,
    0.0016566550988756435,
    0.0016606507740888586,
    0.0016600579348012385,
    0.0016614464075553794,
    0.0016510942144135775,
    0.0016578294307282063,
    0.0016518452791759455,
    0.0016597347471758095,
    0.0016351803871606228,
    0.0017150660452078766,
    0.0016642522398041377,
    0.0016563061765775505,
    0.001637078992838801,
    0.001640642461576827,
    0.0016584332809376884,
    0.0016537860714712404,
    0.0016319245801792598,
    0.0016532278344245023,
    0.0016546009190406808,
    0.0016430922406791171,
    0.001707996569022956,
    0.0016564398354680186,
    0.0016448488035960727,
    0.0016474627755241286,
    0.001647423983315452,
    0.0016647037754858463,
    0.0016530247821643109
  ]
}