{
  "loss": [
    0.04761903270098983,
    0.00710335302523518,
    0.0031896198139305925,
    0.002502466935879115,
    0.002149185752602654,
    0.0019451072719193965,
    0.0018200058219306995,
    0.001745998776383416,
    0.001620982044431337,
    0.0014700318721593824,
    0.0014286617832127229,
    0.0013367735156547679,
    0.0013133938692356888,
    0.0012428037634998677,
    0.0011994730485738426,
    0.0011146065166070106,
    0.0010836480172943886,
    0.0010144174160633286,
    0.0009863349257014098,
    0.0009550890557302405,
    0.000883033386137856,
    0.0008481076236439765,
    0.0008408686376512346,
    0.0008427337501855674,
    0.0008788916838414364,
    0.0008076776416095042,
    0.000754387784762381,
    0.0007371187781762648,
    0.0007312841681366909,
    0.0007210129446508195,
    0.0007293774749482606,
    0.0006931053681819041,
    0.0006849780925664292,
    0.000690867480854891,
    0.0006866791589083982,
    0.0006971363449361449,
    0.0006727812863409837,
    0.0006447030420140992,
    0.0006413727106181909,
    0.0006405130046957778,
    0.0006406730442394753,
    0.0006177938230890081,
    0.0006116213003178388,
    0.0006076863650773401,
    0.0005939926781469945,
    0.0006010060617454379,
    0.0006197713151030419,
    0.0006016974499601964,
    0.0006035277751584575,
    0.000589975383163631,
    0.0005782920152169775,
    0.0005785497983171265,
    0.0005814466533313386,
    0.0005819743827304541,
    0.0005751879915447141,
    0.0005568170600576475,
    0.0005566029991695205,
    0.0005598150899609591,
    0.0005543682452482186,
    0.0005543415775863487,
    0.0005452790416595213,
    0.0005460295927247014,
    0.0005432020215876073,
    0.0005455074774839305,
    0.0005544741515648333,
    0.0005409399478123071,
    0.0005322723972157965,
    0.0005292917256154615,
    0.0005415811695765295,
    0.0005478690478189045,
    0.0005424126304171445,
    0.0005266126367923985,
    0.0005289570924873495,
    0.0005272627728306957,
    0.0005434686457605118,
    0.00051457886062206,
    0.0005115538155010607
  ],
  "val_loss": [
    0.011922444341951733,
    0.0027272370790450513,
    0.0016987176533866596,
    0.0014955077129839495,
    0.0014243265459235835,
    0.0013862261288942626,
    0.0013382142057179935,
    0.001303602846085348,
    0.0012643603540442468,
    0.001226146609711272,
    0.0011995701624855555,
    0.0011631261830875924,
    0.0011091536703076656,
    0.0012118173102112291,
    0.0010617842937663353,
    0.001072878966602933,
    0.001042399313414821,
    0.001017642939150646,
    0.000993944880702383,
    0.0009976845166248666,
    0.0009775765182391798,
    0.0010047559908076705,
    0.0009555745610179237,
    0.0009782759194307915,
    0.0009778535036676257,
    0.0009541940740211964,
    0.0009505153556315267,
    0.0009311444962143221,
    0.0009279749884556692,
    0.0009405532226591677,
    0.0009324512559223685,
    0.0009200502687680919,
    0.0009275506859501967,
    0.0009287852723919949,
    0.0009482141891071065,
    0.000992426097594931,
    0.0009113713835164175,
    0.0009182119365924827,
    0.0009203236031515355,
    0.0009108471728932972,
    0.0009125241062154511,
    0.0009270971274602559,
    0.0009058302278969098,
    0.0009229948504834429,
    0.0009101010187385747,
    0.0009167353948252602,
    0.0009163280127576546,
    0.0009036132162990426,
    0.0009853144736400434,
    0.0008958359353954194,
    0.000926403200312459,
    0.0008932806439925689,
    0.0009035130698149177,
    0.0008986234204140264,
    0.0008934035911094528,
    0.0009086176118051464,
    0.0009130537521315517,
    0.0009045551807808501,
    0.0009365720301540894,
    0.0008906351362511359,
    0.0008960868473737859,
    0.0008991626941214699,
    0.0009107705230101735,
    0.0008982077447723571,
    0.0009136749141673734,
    0.0008981074698243317,
    0.0008863282020340537,
    0.0009016923809104918,
    0.0008931039852884734,
    0.0009066150076785027,
    0.0009010762385730925,
    0.0008902858258094769,
    0.0008952232598737404,
    0.000899563556605416,
    0.0008995692560716265,
    0.0008943726534147623,
    0.0009246743554444789
  ]
}