{
  "loss": [
    0.032626862535854416,
    0.012162025699283164,
    0.006403087488415279,
    0.003949792326281161,
    0.002488534701546367,
    0.001678851561323888,
    0.0012517043299499373,
    0.0009798639515094987,
    0.000791225959829083,
    0.0007445812670399055,
    0.0006614580887893757,
    0.0006179529313334674,
    0.0006322091990387739,
    0.0005378831090983518,
    0.0004963167889454133,
    0.00048250573005021715,
    0.00048619203880342557,
    0.00047159043859447473,
    0.0004314912785407848,
    0.00040501604559367094,
    0.00042321342497583043,
    0.0004052699774858118,
    0.00039482974931172337,
    0.0004066351550023023,
    0.00038723242467086883,
    0.00036479993921704183,
    0.0003584730759068553,
    0.00035591747628735133,
    0.0004015224523593655,
    0.000335226464772934,
    0.00035752973026762885,
    0.0003304171867282725,
    0.00032982863816602393,
    0.00030736628180344375,
    0.00031864600562129364,
    0.00032895921647344576,
    0.0003229888147825018,
    0.00030519276828796317,
    0.0003698029462508833,
    0.00035167951691551336,
    0.00030674801366724775,
    0.0002919542968110989,
    0.00031334470105645823,
    0.00032148218588849556,
    0.00032175543577083886,
    0.0002990028030309805,
    0.000269300942081176,
    0.0002769696382742513,
    0.0002825581983486857,
    0.00027470743723267255,
    0.0002635827383357168,
    0.00026740577053192794,
    0.00026197649151641836,
    0.00026953413539153407,
    0.0002571312256203821,
    0.00027152105190287695,
    0.0002782603804628231,
    0.0002638370743199085,
    0.0002531954748256416,
    0.0003046545831885473,
    0.0003077692666433982,
    0.0002695311695872285,
    0.00024918325791514995,
    0.0002726781206774731,
    0.0002607166660189028,
    0.00026408491356735565,
    0.00027261089941199996,
    0.0002738437523051432,
    0.0002502364546395339,
    0.0002302654268864058,
    0.00024244085206929554,
    0.00023558909017820694
  ],
  "val_loss": [
    0.005452949692325483,
    0.0006819819792783242,
    0.0006903308582646314,
    0.00058620641276309,
    0.0008125701042116259,
    0.0005478106509707609,
    0.0005133799104808838,
    0.0006068887671773738,
    0.0005171919937853693,
    0.000596012481762244,
    0.0004833491642713956,
    0.0005408640611629871,
    0.000555193905138329,
    0.00048730059319450385,
    0.0005328287379408154,
    0.0005870276567171897,
    0.00045735846462715234,
    0.00047000445508409773,
    0.0004991934225834279,
    0.0004695388526925804,
    0.0005014606108545729,
    0.00045715417994331354,
    0.00044444109046357647,
    0.00044127781245590644,
    0.00044095066374573227,
    0.0004381850598297718,
    0.0004041957657950022,
    0.00041395173398700125,
    0.0004335002452235472,
    0.0004940130290046194,
    0.00041128434384110873,
    0.00043049129357584784,
    0.0003861119059595812,
    0.00038550784745802833,
    0.0003885551398200331,
    0.0004120165021845265,
    0.00038432263079784574,
    0.00040455112490065976,
    0.0005122792047464,
    0.00038522175077338583,
    0.00041919284746612997,
    0.00037593068542853984,
    0.0004191594128318841,
    0.00039664411815971403,
    0.0004319969319135484,
    0.0003598080424207194,
    0.00037133317166791714,
    0.0004524321878854812,
    0.0003767956098402696,
    0.00039297938252953355,
    0.0003562126082123059,
    0.0003868374660719958,
    0.00037423712203845186,
    0.00036851423178486633,
    0.0003604178945679653,
    0.00035482055036595896,
    0.00035011282171493836,
    0.00041020834179412475,
    0.0003941314232112096,
    0.00044221912663053043,
    0.00043104311228038094,
    0.00034270162625100347,
    0.000429725636845009,
    0.00037924506441173203,
    0.0003666272044058122,
    0.0003451839287251089,
    0.0003560844403872932,
    0.000342852971755371,
    0.0003544410211362802,
    0.00035176675271091307,
    0.0003727741880061931,
    0.0003601087628491676
  ]
}