{
  "loss": [
    0.012250542195716252,
    0.0037969284159493142,
    0.0015364332952558359,
    0.0012564945300599314,
    0.0011395243272263995,
    0.0010807691891773965,
    0.0010306675914507825,
    0.0009717839815653041,
    0.0009386447890613718,
    0.0009573766146018262,
    0.0009208876673970904,
    0.0009251537716288236,
    0.0008799051475664868,
    0.0008687699092035803,
    0.0008561566077788175,
    0.0008524595308078644,
    0.0008774801481923263,
    0.0008697807470281652,
    0.0008471530273776326,
    0.0008393338359484684,
    0.0008078979855191062,
    0.0008146603674403717,
    0.0008048776878692206,
    0.0007940516214050743,
    0.0007872546954521745,
    0.0007977508505485916,
    0.000789455642271828,
    0.0007801947871592262,
    0.0007680886538471458,
    0.0007686540898258498,
    0.0008069576474920315,
    0.0007716967968618046,
    0.0007576757494830991,
    0.0007714752484915235,
    0.0007618143446735294,
    0.0007562363055525237,
    0.0007614585595011622,
    0.0007482021215285334,
    0.0007405872235473719,
    0.0007393555836295205,
    0.0007453119312402794,
    0.0007390684495148201,
    0.0007375807673361003,
    0.0007433028104688417,
    0.0007441061796981872,
    0.0007385839508660794,
    0.0007492470722434509,
    0.0007248023737992664,
    0.000741353304969623,
    0.0007456990159241654,
    0.0007398256727963853,
    0.0007299215529151704,
    0.0007188405672164475,
    0.000719625166664658,
    0.0007406387975323885,
    0.0007252716293904293,
    0.0007320115550624405,
    0.0007203271912090854,
    0.00072126807233694,
    0.0007171306832717282,
    0.0007166577414429209,
    0.000715151133144408,
    0.0007125623529310655,
    0.0007197000072479045,
    0.0007257349042660727,
    0.0007172897095206897,
    0.0007138607064852047,
    0.0007192986025831433,
    0.0007422997501403834,
    0.0007160662284321277,
    0.0007139846596863159,
    0.000721375069029267,
    0.0007266494582455935,
    0.0007364515959489247,
    0.0007413937352221579,
    0.0007248019792010055,
    0.0007249327698176308,
    0.0007119799793937178,
    0.000713013426195445,
    0.0007110699969050883,
    0.0007085896503680959,
    0.0007181339764820466,
    0.000714554795274225,
    0.0007148321814879323
  ],
  "val_loss": [
    0.01566309161383294,
    0.0029397225588677334,
    0.0020733569975017563,
    0.001908789566307739,
    0.0019425492194787293,
    0.0017903404028669417,
    0.001628405273032303,
    0.001617718373435074,
    0.0015384358273317607,
    0.0014997563011442813,
    0.0014968645193132123,
    0.001437372527202474,
    0.0014155825595957572,
    0.0014336600972964734,
    0.0014009831828990025,
    0.0015144203781391253,
    0.0013466980597297367,
    0.0014276902122957098,
    0.0013194021122478001,
    0.0013062080900002454,
    0.00133313923191696,
    0.0013054005784581748,
    0.0012809398762354224,
    0.0012728815089090616,
    0.0012870939200177423,
    0.0013208083196224033,
    0.0012750618643342301,
    0.0012605744995294022,
    0.0012428159941105055,
    0.0012738479883410037,
    0.0013173101140166652,
    0.001258949341555289,
    0.001217801729787037,
    0.0012842973117827327,
    0.0012363907198056944,
    0.0012191181577468565,
    0.001235211168340948,
    0.001198477157997293,
    0.0011955016897502843,
    0.001188526896212797,
    0.0011910415525626314,
    0.0011978700781449466,
    0.0011926673990153298,
    0.0011830659830695265,
    0.0012033945817331022,
    0.0012106338032306387,
    0.0011802973498433985,
    0.0012839532015239494,
    0.001170498170968067,
    0.001188254408079193,
    0.0011635701246950384,
    0.0011751107795821777,
    0.0011640306723375733,
    0.0011753949415674628,
    0.0011763316273064046,
    0.0011614414864916588,
    0.0011783855390845688,
    0.001190277124865801,
    0.001168199445257758,
    0.001170300312545411,
    0.0011883916225043367,
    0.0011564173290369239,
    0.0011693148820016246,
    0.0011771096321233137,
    0.0011638378590130463,
    0.0011526490109842402,
    0.001154421913759926,
    0.0011864735928878605,
    0.0011653147522242857,
    0.001180963182473438,
    0.001166807691130292,
    0.0012102834469234975,
    0.0011887392555884496,
    0.0011519216058834398,
    0.0012082970729651308,
    0.0011758410753649692,
    0.0011662157882539022,
    0.0011599734222835542,
    0.0011544418154069438,
    0.001172314465316208,
    0.0011734852380887767,
    0.0011787673556148172,
    0.0011798652982293674,
    0.0011758267856691476
  ]
}