{
  "loss": [
    0.012762961433492814,
    0.007714416642665542,
    0.002348926660290244,
    0.0013435989098650389,
    0.001148875814079903,
    0.000985708161560695,
    0.0009223866685660499,
    0.0008160849749104503,
    0.0007514943179359916,
    0.0007544831061896491,
    0.0006780257979708531,
    0.000666830282028254,
    0.0006633746556802311,
    0.0006118829999234385,
    0.0005814127899505129,
    0.0005572928549483792,
    0.0006427137412715312,
    0.0005538430611000077,
    0.0005479539824006723,
    0.0005148773049493147,
    0.0005469166685325627,
    0.00048622138198317047,
    0.0004957191776395291,
    0.0004958144788289599,
    0.0004649814503952709,
    0.00044909603518231817,
    0.00045233850857824966,
    0.0004878938539871078,
    0.0004509334164044992,
    0.0004292697226025367,
    0.00044305447757846995,
    0.00039592945504361796,
    0.0003859011354909569,
    0.00040101208199011095,
    0.0003771428444181873,
    0.0003724160541574355,
    0.0003942962430460893,
    0.0003733694956943247,
    0.00036620958103398724,
    0.00038876976721932753,
    0.0003930720632478021,
    0.00037165859400590845,
    0.0003545357513451703,
    0.00037491750949390437,
    0.000337481209801712,
    0.00039121630983960927,
    0.0003422546912341341,
    0.00038928435911388874,
    0.00036032304984648687,
    0.00036675603327647726,
    0.00032891817058851313,
    0.0003124946401598481,
    0.0003372417366848731,
    0.0003267613977829234,
    0.0003265086338657159,
    0.0003309249401940822,
    0.0003280131109679534,
    0.00032065203473441054,
    0.00030842492530266783,
    0.00034890458201034484,
    0.00038981944126183134,
    0.00032973353960418395,
    0.00032390134134417794,
    0.00031808898220804825,
    0.0003129615876524062
  ],
  "val_loss": [
    0.01901422977422899,
    0.004972698931842628,
    0.00245467871793459,
    0.0017021605515041712,
    0.0015192834752863105,
    0.0015405055623008029,
    0.0013287818407923533,
    0.0011270258099492251,
    0.0011024410978153281,
    0.0009828871074349585,
    0.0010723044931216965,
    0.0008964296743650668,
    0.0008683628760477702,
    0.0008769829690965444,
    0.0007757295714982725,
    0.0008475804531115195,
    0.0008108207775585571,
    0.0007623493208265598,
    0.0007030761390905024,
    0.0006890809854009397,
    0.0008115825427955817,
    0.0006577087989577606,
    0.0006665282309011936,
    0.0006670177013481163,
    0.0006270150723073746,
    0.000644182572296726,
    0.0006280620219312241,
    0.0006772549265136836,
    0.0005963862804315145,
    0.0005805126671217543,
    0.000595832935455728,
    0.0005595327797151522,
    0.000562377824620972,
    0.0005501871813209766,
    0.0005356164725066029,
    0.0005162153702688447,
    0.0005309759547398976,
    0.0005191945868284572,
    0.0004983891124441385,
    0.0005295491939759004,
    0.0005705746562512894,
    0.000482723518013721,
    0.0005079617570653061,
    0.00047147473327974855,
    0.0005813957869527947,
    0.0004789634845015542,
    0.00056287125537466,
    0.0005020705863793921,
    0.0004760035890804135,
    0.0004503502570719605,
    0.000472342098547568,
    0.00046115037788421964,
    0.0004685574262749445,
    0.0004694722762434343,
    0.0004338402032419218,
    0.00047786328243739354,
    0.00047323977422022284,
    0.0005477193247294377,
    0.00043896236566221794,
    0.0006342890880200805,
    0.0005024598877160047,
    0.0004345787017272982,
    0.00044785465434972737,
    0.0004458189255027528,
    0.0004352193943819715
  ]
}