{
  "loss": [
    0.011380323718537342,
    0.004125053306202312,
    0.0021225315019242712,
    0.0015502914121620112,
    0.001257797403537392,
    0.0011119341309908982,
    0.001054891709207588,
    0.0011535216874064326,
    0.0009336696775466368,
    0.0008490067953243851,
    0.000857317853555247,
    0.0007691663612386437,
    0.0007508933220498755,
    0.0006935440130265696,
    0.0006954034797304852,
    0.0006657019343513709,
    0.0006106719957756718,
    0.0005985678547154088,
    0.0006202356988860929,
    0.0005494752817705355,
    0.0005838700723680821,
    0.0005775158006984454,
    0.0006086681017928481,
    0.0005753513150029703,
    0.0005362059567430681,
    0.0005485054183045177,
    0.0005109979603234883,
    0.0005359315462308107,
    0.000559603727402186,
    0.0005296486044804065,
    0.0005684079942395808,
    0.0005199169484990557,
    0.0005168105534707698,
    0.0005346500184796341,
    0.0005008504300117288,
    0.0004964706943892352,
    0.0005038196814712137,
    0.0005141971351010828,
    0.0005490162998059212,
    0.0005141216314622907,
    0.0004987932365658887,
    0.0004836548368477232,
    0.0004901944236333513,
    0.00047287032604319875
  ],
  "val_loss": [
    0.016637150629461226,
    0.0032956006815280333,
    0.003508902900440507,
    0.00237262107232505,
    0.0019570389685235304,
    0.0018428691943413792,
    0.002548016202824406,
    0.0016745349706145396,
    0.0014044452018450006,
    0.0015480153262128111,
    0.0013050732988347214,
    0.0011755916785359164,
    0.0012094308064459476,
    0.0011984546944197668,
    0.001086460517942152,
    0.001087345785024281,
    0.0009643350623293444,
    0.0010809473524674138,
    0.000994380118375361,
    0.0009321404326800647,
    0.0009275870702120331,
    0.0009056914104486463,
    0.0009121000814651668,
    0.0008652041023408778,
    0.0008447582067433366,
    0.000873904247333736,
    0.0008438840532247393,
    0.0008888743106487521,
    0.0008709174574377481,
    0.0008890272526984912,
    0.001046910639342461,
    0.0008958957097629499,
    0.0008491486044031681,
    0.0008154933283126925,
    0.0008474611216114322,
    0.0008609186436359432,
    0.0008191807406049773,
    0.0008520585079053924,
    0.000897427809923482,
    0.0008259068861083521,
    0.0008695752219806166,
    0.0008560260409938049,
    0.0008416474525520586,
    0.0008554395095096457
  ]
}