{
  "loss": [
    0.011147658894923362,
    0.007079546222524656,
    0.0022485497932123776,
    0.001469793060671661,
    0.001279411892621563,
    0.0011746240511618473,
    0.0010979342328097958,
    0.001037609461173006,
    0.0010292423658768881,
    0.0009622092069648616,
    0.0009236302981562503,
    0.0009095161703957633,
    0.0008218094729306688,
    0.0008400533446059614,
    0.0007636348281444593,
    0.0007602509971360093,
    0.0007382378062223095,
    0.0007397625732726858,
    0.0006867318452274488,
    0.0006784510813336206,
    0.0007127017644234002,
    0.000649253584644092,
    0.0006446269797263565,
    0.0006276213651482057,
    0.0006367622383430109,
    0.0006547512603248213,
    0.0006353710575674016,
    0.0006036792974023578,
    0.0005846741933958953,
    0.0005826683358192076,
    0.0005932635893267426,
    0.000568183722066601,
    0.0005864909880763881,
    0.0005916827953814601,
    0.0005718650442425284,
    0.0005937186579711244,
    0.0006057971842320902,
    0.0005837750222001756,
    0.0005756124609487725
  ],
  "val_loss": [
    0.018133877713565755,
    0.004677687403375758,
    0.0028255897808093914,
    0.002223085127806621,
    0.0020210980633345163,
    0.0017258349670983093,
    0.00157922570271524,
    0.001623529886451486,
    0.001565723827467891,
    0.0014589971046364831,
    0.001472002288798777,
    0.0012803780617363844,
    0.0012509506292390472,
    0.0012549401493580697,
    0.0012471929247422219,
    0.0012426600631016646,
    0.0010915549258952194,
    0.001035650072769019,
    0.001085426701824447,
    0.0009983649048801626,
    0.0009866751763077306,
    0.0009415023508394005,
    0.0009953956647968955,
    0.001122154909425715,
    0.0010570118459402044,
    0.0011126869471777476,
    0.001000590787955652,
    0.000999751672039271,
    0.0008670176083311008,
    0.0009582734025343915,
    0.0008676043413095618,
    0.0010782770411958307,
    0.0010091970750030696,
    0.0009155126999364842,
    0.0009469490639074359,
    0.0010155093214572687,
    0.0009420680391506098,
    0.0009921420730648477,
    0.0010458106107521423
  ]
}