{
  "loss": [
    0.012389969854324898,
    0.005493430651533803,
    0.002295655784988858,
    0.0019171497728297819,
    0.0017442585866753754,
    0.0016748939611664867,
    0.0016295442698897903,
    0.0015939044422425685,
    0.0015603677013222082,
    0.0015521920095173218,
    0.0015100891729800368,
    0.001507169224578079,
    0.0015054633976428439,
    0.0014627748645342743,
    0.0014762020968820577,
    0.0014444453254953105,
    0.0014499524906786845,
    0.0014595242288633786,
    0.0014310492476944465,
    0.0014290199212637948,
    0.0014006694761553296,
    0.0014368541741158938,
    0.0014158075378067805,
    0.001380597509984157,
    0.0013694857153548766,
    0.0013772726267973713,
    0.001359422029837033,
    0.0013655610591981303,
    0.0013556526522143914,
    0.0013382921812109768,
    0.0013425410807303545,
    0.0013316447702458217,
    0.001322175696823989,
    0.001330104938008522,
    0.0013264581855514613,
    0.0013171659580906573,
    0.0013095274579101874,
    0.0013301352930470407,
    0.0013421912455021336,
    0.0013205163623083126,
    0.001319113409646,
    0.0012957925353498188,
    0.0012924953401203692,
    0.001290487972042167,
    0.001329311681541777,
    0.0013060784858455997,
    0.0012926401726891675,
    0.0012804432328613032,
    0.0013050236297784475,
    0.001319231260551478,
    0.0012789971786066627,
    0.0012808260854869108,
    0.0012811475716337456,
    0.0012936323531698008,
    0.0013257725196323855,
    0.0012923588566038581,
    0.0012809047255766901,
    0.0012670909467266587,
    0.0012801136210481956,
    0.0013060232222398885,
    0.0012859652515720885,
    0.0012721566202503348,
    0.0012876481278528455,
    0.0012888989484798315,
    0.001260696134424885,
    0.0012852578519184858,
    0.001270505962063882,
    0.0012756909541062997,
    0.0012717970586964957,
    0.0012659077461549398,
    0.0012651290379076985,
    0.0012803069836126617,
    0.001274274077391288,
    0.001265072307304678
  ],
  "val_loss": [
    0.019748701990752574,
    0.004926619844996489,
    0.0032786451929419395,
    0.00303359568204311,
    0.002924895643348425,
    0.0028401566026601153,
    0.0027736902494363905,
    0.0026964686768339344,
    0.0026682855018650667,
    0.0025884969899443986,
    0.002563366011722984,
    0.0026419965040371555,
    0.0024631465237561455,
    0.002463886158337528,
    0.002406426956614768,
    0.0024869530292844374,
    0.002417614846654289,
    0.0023556802803847256,
    0.002391747319021485,
    0.0023191794175916993,
    0.002298665543506578,
    0.002404508853501732,
    0.0022951003062394513,
    0.002258764688601114,
    0.002279206877246394,
    0.002239810029523526,
    0.00226445408410091,
    0.002274191420046534,
    0.0022675174134324343,
    0.0022433141375970567,
    0.002205064514009151,
    0.0021900757679938743,
    0.0022328153624802723,
    0.002300649345360539,
    0.0021771196539933516,
    0.0021705060954612327,
    0.002180064751432133,
    0.0021741781518204322,
    0.0021740233423975363,
    0.002173303899151916,
    0.002162624551901515,
    0.002155345687675487,
    0.0021711462054362285,
    0.0021462222144768483,
    0.002191570563517301,
    0.0022071180722518812,
    0.0021344119486149766,
    0.002143760452138811,
    0.0021700664885788107,
    0.0021415469446547436,
    0.0021452607606655696,
    0.0021506034378880557,
    0.002203956525116949,
    0.00213615702265139,
    0.0021218128130167826,
    0.002118345592531677,
    0.0021262138234254655,
    0.0022519691614434124,
    0.0021357712886807784,
    0.00216557512643524,
    0.0021513747608840044,
    0.002156836686911665,
    0.002191106054413749,
    0.0021153913286160414,
    0.002167038236003579,
    0.002162909162112735,
    0.002130513810257519,
    0.00213015137771538,
    0.0021476860859916663,
    0.0021226871355344923,
    0.002179448239990628,
    0.002136425255522342,
    0.002188783023722837,
    0.0021584342745408205
  ]
}