{
  "loss": [
    0.015008473795111006,
    0.012630512491131375,
    0.011238384972173701,
    0.0075976076368341056,
    0.004143132994072988,
    0.002802286142683744,
    0.0024365207917061904,
    0.0023123538831981453,
    0.0021713880671769695,
    0.002075717849139538,
    0.0019597082369676683,
    0.001890379619313243,
    0.0018232467036523464,
    0.0018025281472785343,
    0.0017505167078841117,
    0.001746846668256325,
    0.0017631866084658122,
    0.001736359373663061,
    0.0017642413160880303,
    0.001651829755347636,
    0.0015970570036510706,
    0.0016267834014852237,
    0.0015890242185318806,
    0.001495994690303055,
    0.0015339823599865355,
    0.0014709030155657513,
    0.0014525764563073267,
    0.0014291941280668928,
    0.0013799482212866767,
    0.001348953096013733,
    0.0013334537542965493,
    0.0013432343241165687,
    0.0013321874243563709,
    0.0013969049265861143,
    0.0013138421162769093,
    0.0012998559776647592,
    0.0013264226226211645,
    0.0013148974554573812,
    0.0012568307299712243,
    0.001242616076911003,
    0.0012608932692974779,
    0.0012480636898056987,
    0.0012221582861357686,
    0.0012374399498850765,
    0.0012368939033047522,
    0.0011905972362123102,
    0.0011687977034171527,
    0.0012129345589286173,
    0.001255135493750505
  ],
  "val_loss": [
    0.024977267789326504,
    0.0241061996806308,
    0.02320152108596874,
    0.011316663333752626,
    0.0062960224960681415,
    0.004267169651903317,
    0.004354642188294568,
    0.003959366257472987,
    0.003855077004466783,
    0.003588981440776146,
    0.003529837562925589,
    0.0034716848192185585,
    0.003361148310785877,
    0.003361276947093052,
    0.0035045198673172525,
    0.0032915711468479163,
    0.003094475822274009,
    0.003179896074596425,
    0.0033786548540966823,
    0.002992389664959005,
    0.003142363980779765,
    0.0027639857185086316,
    0.0028546893660923544,
    0.0026725085245602777,
    0.002741384077948374,
    0.0026878272809586685,
    0.0026624323150903828,
    0.0026483592170644813,
    0.0026554862519358874,
    0.0027013507933998614,
    0.002573898506291788,
    0.0025881740615480175,
    0.002735064628297909,
    0.0026000453801956814,
    0.0026469529357174755,
    0.002634402338421943,
    0.002813995426560057,
    0.002575388983954531,
    0.0025663974898224567,
    0.0026186168984129606,
    0.0026684626241699912,
    0.0028127234078235397,
    0.002728009398069075,
    0.0025869099019934804,
    0.0027521765912214007,
    0.002715579678409431,
    0.002705654506833935,
    0.002874179537289999,
    0.002623166868292635
  ]
}