{
  "loss": [
    0.01435080714864091,
    0.008965253830774081,
    0.002228462482079844,
    0.0012186662112010933,
    0.0009124112434294214,
    0.000828096895783585,
    0.0007669847395152858,
    0.0007277152405542125,
    0.0006837289669229062,
    0.0006522794420950337,
    0.0006131054976430293,
    0.0005824179869428601,
    0.0005953571400434379,
    0.0005232624130699412,
    0.0005537725473374953,
    0.0005114287447991511,
    0.0005110338421836643,
    0.00048665417940918233,
    0.00046819047863297836,
    0.0004399441343329914,
    0.0004407804528661121,
    0.0004506182849597796,
    0.00043685168141787924,
    0.00043579796339365985,
    0.00040123165512960984,
    0.0003900331118645954,
    0.00039390862078510626,
    0.00039587866617532325,
    0.0004287901164008387,
    0.00038987840622946535,
    0.00039882469539314616,
    0.00035779304127495196,
    0.00035831661393160804,
    0.00036927520746461717,
    0.0003451658617831901,
    0.00035322212890611835,
    0.00034169588511221544,
    0.0003276994229172883,
    0.0003359403289202355,
    0.0003304507816108136,
    0.00031950065618046333,
    0.0003233902316328202,
    0.0003206766071483136,
    0.00030315047754040237,
    0.00031129986911120045,
    0.0003489751983584274,
    0.00035899918703871566,
    0.00031729357222096767,
    0.0003136081448396227,
    0.0002985781940449967,
    0.0002980502110779765,
    0.0003060014390513026,
    0.00034475231978117515,
    0.00033001661599801055,
    0.00028897223965862836,
    0.00029419206505280183,
    0.00030573782188497603,
    0.0002785580196618489,
    0.0002949491192845012,
    0.0003287663042448587,
    0.0003208324589017455,
    0.00030981946786831643,
    0.0003107507681133791,
    0.00029576563136365805,
    0.0003087120226009303,
    0.00028974121849784334,
    0.00029509536282435063
  ],
  "val_loss": [
    0.02102852159183633,
    0.007192704881967585,
    0.0020100459839691447,
    0.0016424620160716424,
    0.0014832297484785506,
    0.0012782188221052554,
    0.0012176998795245895,
    0.0011100618555521403,
    0.0010327795290589587,
    0.0009781659860633475,
    0.0008911219043304213,
    0.0009961093820292134,
    0.000844680241146222,
    0.0008197982076400702,
    0.0008591875944432954,
    0.0007744834580075291,
    0.0007342673089777499,
    0.000704192937502666,
    0.000697300403425211,
    0.0006654001570417467,
    0.000655546021022444,
    0.0006922846679852288,
    0.0006204632448724838,
    0.0006325528931448441,
    0.0005916008602384794,
    0.0005817428111909566,
    0.0005625661035338404,
    0.0005832559187292291,
    0.0005792435044497226,
    0.0005811201884529148,
    0.0005169172499018626,
    0.0005050813710826717,
    0.000514385797150086,
    0.0005256373434692171,
    0.0004984686090105753,
    0.0004935200991889757,
    0.0004691641439922719,
    0.00047789007348480593,
    0.00045245079205372086,
    0.0004480801643883053,
    0.00046038108730335074,
    0.0004335566788056272,
    0.00047573608213353005,
    0.00042880855851077444,
    0.0004526194914152473,
    0.0004879500080931087,
    0.00044660537556443305,
    0.0004205501852927843,
    0.00044288504143781126,
    0.0004166511311210363,
    0.00041547776941438006,
    0.0004673451869105739,
    0.0005264297441105968,
    0.00041849100480995354,
    0.00043105287149500606,
    0.00043387311042489816,
    0.00040925593910057494,
    0.00044052725356986673,
    0.0004449536975044744,
    0.0004640343523205754,
    0.0004494964168479884,
    0.0004171331843414042,
    0.00041176981560792645,
    0.00045217299912907237,
    0.0004510581937018829,
    0.0004207828140918616,
    0.00042947247581976117
  ]
}