{
  "loss": [
    0.013088668164045237,
    0.011239769086208799,
    0.007097819560362578,
    0.00341400517960677,
    0.0027784600107894795,
    0.0027239018204649546,
    0.0025047359494652912,
    0.0024790673492409675,
    0.002382726691477248,
    0.0023205217797723997,
    0.002192228548335742,
    0.002227882880876372,
    0.0022405099060544454,
    0.002188874149021754,
    0.002184950182987258,
    0.0020812737768441045,
    0.002108644416915451,
    0.0020136047234710175,
    0.0020280450660080194,
    0.0019734079569497507,
    0.0020778653979625747,
    0.0020055913672874254,
    0.0020445185980767383,
    0.0020610289421826404,
    0.0019721376759642543,
    0.0020640864049529363,
    0.0019306021628730983,
    0.0019974345124750123,
    0.0019474756041557334,
    0.0019091504980520671,
    0.001898306496116245,
    0.0019251388785525188,
    0.001926312501948875,
    0.0019067136981943066
  ],
  "val_loss": [
    0.02505866743769523,
    0.02603006747531447,
    0.008143467973944144,
    0.005244014061762826,
    0.005402940625641891,
    0.005121896967311647,
    0.004226734969395061,
    0.0040985042785776525,
    0.003998049593973139,
    0.004008913537692146,
    0.003736497803280751,
    0.0038205974583401746,
    0.003746793474935999,
    0.004007021741981202,
    0.003619048395028985,
    0.0042254095731950395,
    0.0034285308385320697,
    0.0035754077445306147,
    0.003742382144522424,
    0.003995228435593188,
    0.004013405091802966,
    0.0035875879186833054,
    0.003434882181075712,
    0.003392564676411397,
    0.0038260034401075426,
    0.003921111325356871,
    0.003449719359087659,
    0.003659951681079647,
    0.003894979038262568,
    0.003911640895662684,
    0.004080130144993359,
    0.003996570886885549,
    0.0041848231769160285,
    0.0040527193628727125
  ]
}