{
  "loss": [
    0.01447089740136491,
    0.01328598090969734,
    0.01282187656985478,
    0.006941592251249003,
    0.0043614868735594135,
    0.0037516861438127323,
    0.003356682931962355,
    0.003120214907782522,
    0.0029654813023144975,
    0.002698693633424402,
    0.002705676713341068,
    0.00277094570399269,
    0.0025890484890335502,
    0.0026179765569440397,
    0.0024729418185372044,
    0.0025044055790379082,
    0.002392014330030772,
    0.0023874939909888826,
    0.002353376878171968,
    0.0024520096335546916,
    0.002311191674524781,
    0.0023341149471266423,
    0.00235183012432662,
    0.0022155335760488943,
    0.002180251789925817,
    0.0022165878194166573,
    0.00214241721868594,
    0.0021212408813996502,
    0.0021293076446425568,
    0.0020935090075169206,
    0.002070732779658498,
    0.0020289440938509045,
    0.002002645927797007,
    0.002086851465377102,
    0.002037978209773267,
    0.002013465420577973,
    0.0019531032452018214,
    0.0019330598766431114,
    0.0019162533655281166,
    0.0019323206752052237,
    0.0018877926103769086,
    0.0019344459928800997,
    0.0018971397897345477,
    0.0018825616470550014,
    0.0019440829630515616,
    0.0018993937923814533,
    0.001839451652334635,
    0.0018679061887059006,
    0.0019536020396375255,
    0.0018781919196541074,
    0.0019170868687267476,
    0.0018072458295010844,
    0.0018291060252660838,
    0.0017801227954052097,
    0.0019031886757901692,
    0.0018758576921377886,
    0.001858902817694499,
    0.0017703949704056773,
    0.001919088409855547,
    0.0018525518619665695,
    0.0017840087497536911,
    0.0018234461756037087,
    0.0018294192991028916,
    0.0018007996879144351,
    0.001741468342793986,
    0.0017413070412633353
  ],
  "val_loss": [
    0.026163841478183125,
    0.02583656623523603,
    0.020524491468801143,
    0.009359520667146706,
    0.007445622553738455,
    0.005905338509688616,
    0.005422418357982756,
    0.005129476126237172,
    0.004911208397490864,
    0.00488819100923757,
    0.005385504170743656,
    0.004875170076695265,
    0.004969463827986772,
    0.004612325053787559,
    0.004814245172360159,
    0.004422316693119599,
    0.004676010745333125,
    0.00445058375303072,
    0.00447618582464279,
    0.004294926109921901,
    0.004314112361249719,
    0.004802586070380788,
    0.004360162917564207,
    0.004016304338278235,
    0.0040010684006352056,
    0.004139163563562993,
    0.003975462746568658,
    0.00381611851060512,
    0.003969515008680153,
    0.00393581836028619,
    0.0038584177897490086,
    0.0038818744391017983,
    0.0038543751517786306,
    0.003976277634996842,
    0.003734618828446994,
    0.003895918369715941,
    0.003738635801049676,
    0.0037191080708875723,
    0.0035141736698330295,
    0.003720883186906576,
    0.0035832455003607677,
    0.0036858297976936007,
    0.003699308131319464,
    0.0039026517330186692,
    0.0039018432999439272,
    0.0034954787017315203,
    0.0036575000812398627,
    0.0034243304809185525,
    0.0039634853783096615,
    0.003545312606564439,
    0.0035099082553746008,
    0.0035046070264256064,
    0.0035504505819317403,
    0.003462407524624826,
    0.003373700607541605,
    0.003293336155916835,
    0.0035024513147031582,
    0.0037446938872878963,
    0.003399041960352754,
    0.0034572883033530508,
    0.003543401601499752,
    0.0035571364101339526,
    0.0035170959429287,
    0.003614809935919095,
    0.003670313959637432,
    0.0035637436603057258
  ]
}