{
  "loss": [
    0.014577006287725288,
    0.010425499399892044,
    0.006922622095015813,
    0.002280302178837831,
    0.001618734503288217,
    0.001327416348835274,
    0.0012292719776572122,
    0.001165600726278511,
    0.0011412471679710851,
    0.0010391700491157565,
    0.0010270278758121088,
    0.0009586814337133873,
    0.0009569268768101773,
    0.0009603930569224771,
    0.0009092565283164533,
    0.0009282845722591718,
    0.0009075847797110526,
    0.0008500043172274544,
    0.0008413189052785651,
    0.0008298593604104618,
    0.0008373879297723313,
    0.0008531234814728878,
    0.0008073831628045183,
    0.0007977200185677657,
    0.0007921026939619619,
    0.0007885223876023595,
    0.000778961571076253,
    0.0007709537211404453,
    0.0007789080740361128,
    0.0007786220978005977,
    0.0008021713332256677,
    0.0007703562905898033,
    0.0007522707686778379,
    0.0007548520524205138,
    0.0007381085254933343,
    0.0007772731674485584,
    0.0007511465470673286,
    0.0007577836901484999,
    0.000769523498937168,
    0.0007501440252301566,
    0.0007422171962097962,
    0.0007469895171547318,
    0.0008258490254551425,
    0.0008003932900306409,
    0.0007644545822517001,
    0.0007425006819103082,
    0.0007231134771862306,
    0.0007116143867042402
  ],
  "val_loss": [
    0.0218989656619415,
    0.018976952595037077,
    0.004825980279112717,
    0.0031226131364937636,
    0.0023850177566136616,
    0.0021551053319777643,
    0.0020062674013604704,
    0.001977765733144943,
    0.001801560334112313,
    0.0017083151993778098,
    0.0017348394883060633,
    0.0016794754329000736,
    0.0016835934872465482,
    0.0015271730806476638,
    0.0016369896090159622,
    0.0015920275477106338,
    0.001453358246668053,
    0.001457004477449048,
    0.001441874137470642,
    0.0014410442409717797,
    0.0014355507055688259,
    0.0013981110087459112,
    0.0014171306110618935,
    0.0013977485347434983,
    0.0013438788131921442,
    0.0013532745809834842,
    0.0013389964767086965,
    0.001331739439433636,
    0.001339327198798423,
    0.0014218690979353093,
    0.0014010986144706555,
    0.0013178283959249413,
    0.0013115563983475411,
    0.0013261031510041362,
    0.0013035852278068245,
    0.0013270814419509126,
    0.0012894813923028435,
    0.0012870390313332314,
    0.001321570121705975,
    0.0013025946338771732,
    0.0013047753786016908,
    0.001357607608595928,
    0.0013139785227522097,
    0.001310233901404626,
    0.0012892998261637724,
    0.0013186924401312494,
    0.0013074622458576427,
    0.0013121589447593095
  ]
}