{
  "loss": [
    0.05377994995552699,
    0.004051260775575761,
    0.0022663389112108144,
    0.001968629221060287,
    0.0019293355146835348,
    0.002030754916845659,
    0.0020070392852447436,
    0.0019911745368900997,
    0.0018908712805413002,
    0.001944523920061028,
    0.0019355860848055508,
    0.0019800864666567847,
    0.0020987707595791546,
    0.0019382262019394438,
    0.0019531076618849283,
    0.00202570811952775,
    0.0019024172735038751,
    0.0019200825900678126,
    0.0019769596527122748,
    0.0019470368038905744,
    0.001874208086410186,
    0.0018946334297928861,
    0.0019901751717976432,
    0.0022287897475395503,
    0.0019053108337381793,
    0.0019872599873787277,
    0.0019059504569667403,
    0.0018955437698818403
  ],
  "val_loss": [
    0.012303052670223281,
    0.004462893141420387,
    0.0035026728439785486,
    0.0033673034401293447,
    0.0035438201522309306,
    0.003465036652876553,
    0.0032748791742541476,
    0.0032783296996238805,
    0.003291593643618708,
    0.003328311624639529,
    0.003241608678429315,
    0.003690547348786119,
    0.003273388147288075,
    0.0035716427417458794,
    0.0033306973012071765,
    0.0035241234965014754,
    0.003365334179351463,
    0.00321848008514164,
    0.004000560157430352,
    0.0032749693806065207,
    0.0034252809312736205,
    0.0034452041498788284,
    0.0037780981350703335,
    0.0035329490875270456,
    0.003689508775169862,
    0.0036957666221741877,
    0.0036449291401522907,
    0.003440780607415429
  ]
}