{
  "loss": [
    0.07558425030680525,
    0.01883256683637229,
    0.011237797781477724,
    0.005869641596549349,
    0.004169423687277947,
    0.003364215162448944,
    0.0029303244678480565,
    0.0026490106122873617,
    0.002568828099326182,
    0.0025267107518191457,
    0.00246247374827155,
    0.002421338489576285,
    0.0024585412679712557,
    0.0022670990202849186,
    0.0021196995550907334,
    0.0021785524159536537,
    0.0022943367516120687,
    0.002474723985151997,
    0.002314494479319202,
    0.002246750310335804,
    0.002326487356647059,
    0.0023270519491461225
  ],
  "val_loss": [
    0.025984559031137337,
    0.022507723619672636,
    0.010259561195097706,
    0.006870422422793423,
    0.00496802858096805,
    0.004724034651658161,
    0.00414295015371147,
    0.003725738184863424,
    0.004152234230051808,
    0.003959432617985769,
    0.004228872285845379,
    0.003310368602586818,
    0.00462369496805316,
    0.0037884352162335043,
    0.00361206568794074,
    0.004168005686101392,
    0.004108010565511988,
    0.004134091863355844,
    0.0038836819549084556,
    0.0041264719176205234,
    0.0048986608629834885,
    0.004123911722431105
  ]
}