{
  "loss": [
    0.0721804879114523,
    0.02792742281988427,
    0.01806361849327664,
    0.011745275555813051,
    0.007810727501758835,
    0.005720012790144799,
    0.0045587857688807855,
    0.003925412598956417,
    0.0033827704535080837,
    0.00340664820571604,
    0.0030169344898108596,
    0.0026632255743574964,
    0.0024541282070452697,
    0.002436785923296606,
    0.0021871533740700764,
    0.001982346378512435,
    0.0019737685361754273,
    0.001868237558609018,
    0.0018298508396761104,
    0.0017088332399214199,
    0.0016795598423354082,
    0.0016064912224045167,
    0.001589530327070791,
    0.0015603333627191055,
    0.0014453616182596146,
    0.0014862040843261958,
    0.0014053550394313348,
    0.0014728058554784773,
    0.001307423472210028,
    0.0013723412332135242,
    0.001300741149788047,
    0.0012202564469835425,
    0.0012566617695143917,
    0.0012326295791030093,
    0.0011930135818669103,
    0.0011748157912906218,
    0.0011291783107546987,
    0.0011217548236107597,
    0.0010690039229466692,
    0.0010941658394697767,
    0.0011552752379409886,
    0.0010597561886994638,
    0.001058448998457087,
    0.0010472788405092946,
    0.0010894137743225956,
    0.0010031209642497392,
    0.0010017959431202694,
    0.0010456993714855103,
    0.0010194729304370972,
    0.0010250848905275483,
    0.0009649902403579799,
    0.000989747478902995,
    0.000885139499448117,
    0.0008890287329412096,
    0.0009494667196810082,
    0.0009929612552706194,
    0.0008894943352021113,
    0.0009312949774807299,
    0.0009170700905711523,
    0.0009012512183891466,
    0.0008658697675135765,
    0.0008681963879492257,
    0.0008731768301759775,
    0.0008496772542923362,
    0.0008543139971168405,
    0.0009134010950379728,
    0.0007979165787736957,
    0.0008733654414702739,
    0.0008534762457238285,
    0.0007990825508598362,
    0.0008127065368283253,
    0.0007931573992943043,
    0.0008290375546030291,
    0.0009044298466939765,
    0.0007989334124447471,
    0.0007692515652544878,
    0.0007552390385951314,
    0.0007688069095128922,
    0.0008292838892449144
  ],
  "val_loss": [
    0.021625529366157005,
    0.015016780060818588,
    0.010447248855132917,
    0.006681515812494557,
    0.004686925554066128,
    0.0036442095419973904,
    0.0035352847799321055,
    0.002984630366439205,
    0.003227241122978252,
    0.003185649761914521,
    0.002307035101186666,
    0.002435843457501626,
    0.002058090511634764,
    0.002078246162646428,
    0.0019736358703658337,
    0.0019158468468243326,
    0.0018168834794372467,
    0.0017241861974343793,
    0.0017256800826824681,
    0.0017026373895724283,
    0.0016695452534016924,
    0.0018937860222954194,
    0.0018552732226897338,
    0.0016655680191582341,
    0.0014833928226471217,
    0.0015230630844314497,
    0.0014462547801822071,
    0.0014079478877009448,
    0.0015392853982189366,
    0.0014000414950075602,
    0.0013461388437131959,
    0.0013431229148348444,
    0.0012817747598368482,
    0.0013886807053551243,
    0.001345184734747115,
    0.0012664778700041243,
    0.0012509766122621108,
    0.0012517129548408371,
    0.00140436410810084,
    0.001432714759839135,
    0.0012241669056103845,
    0.0013125682525035394,
    0.0012024442616650755,
    0.0012442365300424677,
    0.0012232029041833266,
    0.00119633247212551,
    0.0012047352584116577,
    0.0013035283828410093,
    0.0011693765187663296,
    0.001303984670908901,
    0.0011651649173025063,
    0.0011244107887273553,
    0.0011198586959088536,
    0.001082739900533601,
    0.001289614704304415,
    0.0011346615758215336,
    0.0010935148125841715,
    0.001067773592424536,
    0.0013138988840158618,
    0.0010594827380090448,
    0.0011049108999466972,
    0.0011199401475448874,
    0.0010977964143618173,
    0.0011498555649822706,
    0.0012377839226332835,
    0.0010422533820042285,
    0.0010523079366636212,
    0.001124331675099035,
    0.0010152159000482576,
    0.0010566616158836977,
    0.0010889451482367016,
    0.0010561045699082627,
    0.001068500610493186,
    0.001142838712316656,
    0.001054942516955538,
    0.0010479231445151907,
    0.001078911438292721,
    0.0012468624052447443,
    0.0010371056590404626
  ]
}