{
  "loss": [
    0.11633062209594737,
    0.01216008826791978,
    0.007176627024346073,
    0.0034221211134661373,
    0.001955445701028173,
    0.0015136407146081198,
    0.001330065219892534,
    0.001372118999788622,
    0.001220978297120279,
    0.0012949838035064309,
    0.0012135860888456236,
    0.0010325155848892487,
    0.0011056837748414092,
    0.001052616084267185,
    0.0011644481746434798,
    0.0011956587065977413,
    0.001015817500373084,
    0.001175762193803575,
    0.0011476353174241427,
    0.0009610988535179547,
    0.0009033972762825825,
    0.0009258813081070325,
    0.0008940418456800715,
    0.0009370141787011155,
    0.0010963161694139136,
    0.0009245938741615525,
    0.0009531341454205118,
    0.0010361334076100035,
    0.0009350921596378724,
    0.0009088358938687034,
    0.000845638425244093,
    0.0008669328864367193,
    0.0009576077512053636,
    0.0007891849565460665,
    0.0008271521712437,
    0.0008095151198967665,
    0.000789060674995361,
    0.0008406342603176097,
    0.0010514017416277364,
    0.0011265189716739114,
    0.0011000293611745102,
    0.0009258545713027586,
    0.0008793732443221284,
    0.0009020577401553354,
    0.0008346725168592451,
    0.0008526812158496309,
    0.0008207166103320012,
    0.0009430138189831131,
    0.0010422148217938373,
    0.0008390383522482683,
    0.0008848293440273458,
    0.0008477410212961413,
    0.0008415859555223284,
    0.00084896155074669,
    0.0009416013066335247,
    0.00097698966487099,
    0.001141622759343616
  ],
  "val_loss": [
    0.028233990122700905,
    0.01757238571877246,
    0.00911323656979297,
    0.0036095933317877612,
    0.0025390444146762307,
    0.0020781357066829566,
    0.0019771812174312928,
    0.002042657735682633,
    0.001786293129606003,
    0.001708114784539814,
    0.001904787582189001,
    0.0016638800676853456,
    0.0016103134107111686,
    0.001965531741978822,
    0.0017997642269136605,
    0.0015890655623117163,
    0.0014802436216512917,
    0.0018482604513426761,
    0.0014646721671667548,
    0.0014856706309080176,
    0.0013806640178655515,
    0.0014071623668550038,
    0.001496342265037364,
    0.0016219527072312272,
    0.0015529540386962724,
    0.0014322582317249186,
    0.0021888179095605246,
    0.0013700345772891663,
    0.0014241171694666772,
    0.00131788375018933,
    0.0014247377580552773,
    0.0015621761687204137,
    0.0013393830489269556,
    0.0013051488320343196,
    0.0013109181704768142,
    0.001397038428878112,
    0.0013736977464180778,
    0.001380248374869018,
    0.0014106615679338574,
    0.0014767227192096725,
    0.0015709925230455721,
    0.0014547829910253104,
    0.0013436500579802567,
    0.0013049841319516925,
    0.0013277568514100634,
    0.0014664288299236368,
    0.0012884313729103212,
    0.001488402501233834,
    0.001519266478033489,
    0.001381185669468234,
    0.001478340461934832,
    0.0013746198037984435,
    0.001393917604378861,
    0.0013847495290821978,
    0.001406138070038409,
    0.0020261636655126416,
    0.0014972688263881352
  ]
}