{
  "loss": [
    0.07104006346735636,
    0.012656152928395876,
    0.009510008375139043,
    0.005648091515917101,
    0.0029796351107064063,
    0.0022668182587898228,
    0.0019954913131551033,
    0.0018839255530498857,
    0.0017526655027156654,
    0.0017522204740423007,
    0.0016682568764662274,
    0.0016321770477681905,
    0.0015625630462676864,
    0.0016102301286586036,
    0.0016403115755669786,
    0.0015834672349822137,
    0.0015127701394102246,
    0.0016675092780065756,
    0.0015641447050723607,
    0.0015074307159758855,
    0.0016476315523397565,
    0.001615955909907923,
    0.0017085502411171504,
    0.0017282937259562774,
    0.001512968683175125,
    0.001474424784574362,
    0.0014484596645666494,
    0.0015435960095349496,
    0.001540166773871113,
    0.0015077095986319282,
    0.0016406724148149054,
    0.0013645788838649974,
    0.0013577816543880541,
    0.0014682598126644836,
    0.0014177837716645482,
    0.0013598649909578567
  ],
  "val_loss": [
    0.023953786481853943,
    0.021813298212233143,
    0.016594019681739975,
    0.005104783982117201,
    0.004199593345647757,
    0.003196007550798986,
    0.0030082536195601586,
    0.0031054193737693656,
    0.002701193348399665,
    0.0026489076465302684,
    0.002707002885987274,
    0.002537978811412525,
    0.00245520419811725,
    0.0024899384311833223,
    0.0028585322637399526,
    0.00238287714391973,
    0.0024605202560745915,
    0.0024920827664867778,
    0.002634057608879053,
    0.002532034647375555,
    0.0027836943386306224,
    0.0025115026775944294,
    0.002435775312372077,
    0.0028123784623384266,
    0.002757218929702862,
    0.002350509108181938,
    0.002711212613068941,
    0.0024954336624868003,
    0.002611335074942244,
    0.0027066190877903097,
    0.0024853517140694696,
    0.0026076785836395035,
    0.0025053622568367235,
    0.0024959384986776596,
    0.0024263032056181365,
    0.002351244384895118
  ]
}