{
  "loss": [
    0.10977794614139494,
    0.014003703874627968,
    0.005361087488440367,
    0.0034612015577463002,
    0.0029498215890643035,
    0.0025267722057485645,
    0.002337921976040189,
    0.002039700225149128,
    0.001843882874677797,
    0.0016819469219810524,
    0.0016240900305642203,
    0.0014957809888829405,
    0.0014612845576542255,
    0.0013141843278452264,
    0.0012718331533392053,
    0.0012069057965917247,
    0.0011613054376525375,
    0.0011163493242769779,
    0.0010949798947159242,
    0.001035275911262443,
    0.0010459998841806837,
    0.0010329462335045849,
    0.000986604759428691,
    0.0009455630795999461,
    0.0009008580060921364,
    0.0009102153084189682,
    0.0009536074487246818,
    0.0008709260159694067,
    0.0008885657800627606,
    0.0008321580883361154,
    0.0008281759159373386,
    0.0008529939092081654,
    0.0007959574680765169,
    0.0008224856403175291,
    0.0008510416089864141,
    0.0008087879290630284,
    0.0007765494111239664,
    0.0007810486399486742,
    0.0007497523173147423,
    0.0007556822520916115,
    0.0007313279495421019,
    0.0007419689797929356,
    0.0007345959970441002,
    0.0007230895852342575,
    0.0007046599522908474,
    0.0007423888285552244,
    0.0007249445628098489,
    0.000711744539695536,
    0.0006858204166497011,
    0.000692567461461934,
    0.0006796159845224204,
    0.0006869261474143918,
    0.0007283700594760395,
    0.0006761800774608503,
    0.000674739382152988,
    0.0006793165902586675,
    0.0006639083872989312,
    0.0006528561720931595,
    0.0006650822847099095,
    0.0006460337726921253,
    0.0006688499976471476,
    0.0006298527505842375,
    0.0006169709430465086,
    0.0006326561619189906,
    0.0006335063163283189,
    0.0006195754466762582,
    0.000625586962291541,
    0.000647862186517239,
    0.0006678121608866194,
    0.0006213892707831462,
    0.0006483729337700285,
    0.0006233518850570033,
    0.0006037775181223649,
    0.0005973286867899062,
    0.0005951934453652619,
    0.0006077873835514126,
    0.0006209258071484638,
    0.000648027232919748,
    0.0006304798939439294,
    0.0005786217404222423,
    0.0005964756144497256,
    0.0005951267781227335,
    0.0005689310508135419,
    0.0005704058975155291,
    0.0005776912738456503,
    0.0005847738634099018,
    0.0005849766733309069,
    0.0005751789034252147,
    0.0005663953758878531,
    0.0005582448421301996,
    0.0005727486976084637
  ],
  "val_loss": [
    0.04024327380096896,
    0.0077686840583891135,
    0.0015958827251965906,
    0.001530193959978491,
    0.0012481444810547658,
    0.001228280702495111,
    0.0011982153982607287,
    0.0011562694487911409,
    0.0011526014346280623,
    0.0011373116757614848,
    0.001183746356250474,
    0.0011164696203662288,
    0.0011062851457205839,
    0.0010871609373828669,
    0.0010829272075095753,
    0.0010718768100871873,
    0.0010861569672635909,
    0.0010251212716794274,
    0.0010394978643777537,
    0.001010209719525102,
    0.0011205510985634888,
    0.0010415925552196296,
    0.001050532408614904,
    0.0009767486014198173,
    0.0010085595863649811,
    0.0011192073061934969,
    0.0009870691306683179,
    0.001079804038809485,
    0.0009490599427706688,
    0.0009689152527245274,
    0.0009753400099598848,
    0.001021216749276958,
    0.0009169239555537503,
    0.0008938384705987555,
    0.0010412081849898993,
    0.0009532586533889289,
    0.0008777305069788667,
    0.000936403092694426,
    0.0008972266847978904,
    0.0008967235384264122,
    0.0008801829621973194,
    0.0008719189566134045,
    0.0009304650387752053,
    0.0009013344624259664,
    0.0008832431089271359,
    0.0009182252465894075,
    0.0008834657493739738,
    0.0009798592748347737,
    0.0008848591833398125,
    0.0008631979741709439,
    0.0008521464393448833,
    0.0008860927313742211,
    0.0009538644805097253,
    0.0008639883430385014,
    0.0009530263365882175,
    0.0008434240494866439,
    0.0008758002512366089,
    0.0008578963402068994,
    0.0009025120698539033,
    0.000930083856003481,
    0.0008649786820114334,
    0.0008665799172861421,
    0.0008951893878868174,
    0.0008593965677763342,
    0.0008397086053752863,
    0.000851554447097244,
    0.0009660226310930647,
    0.0008706480878482558,
    0.001000819637179063,
    0.0009142162275128456,
    0.0008662228792064111,
    0.0008430116288471094,
    0.0010308092492509172,
    0.0008251199681351463,
    0.0008220752752145734,
    0.0008330318479762365,
    0.0008627472864187906,
    0.001047123353515922,
    0.0008678404965686042,
    0.000853935161779532,
    0.0008131575516900476,
    0.0008457473421084852,
    0.0008640754190202142,
    0.0008443023427714291,
    0.0008963998959976478,
    0.0008502306686642851,
    0.0008398194442489515,
    0.0008607183760382765,
    0.0008604852127098326,
    0.0008694702249804234,
    0.0009389543670263386
  ]
}