{
  "loss": [
    0.07208898034754885,
    0.01082704205483172,
    0.004449165979321435,
    0.0034442864714857237,
    0.003020956495126325,
    0.0027478410997074853,
    0.0025762957434549375,
    0.002422476026789668,
    0.0022688103532599287,
    0.002156632598834457,
    0.0021519382127825125,
    0.0020330570241094714,
    0.002001491282463757,
    0.001977153862801888,
    0.0019302737746778645,
    0.001900384722054136,
    0.0018630781017138739,
    0.00182259617770843,
    0.0017888818151355315,
    0.0017874183213729181,
    0.0017834419460155766,
    0.001752558565489961,
    0.0017407072711706397,
    0.001732887886012896,
    0.0016909492562641596,
    0.0016954078357929538,
    0.0016751679697778648,
    0.00164958788143599,
    0.0016397768567928902,
    0.0016210733118715056,
    0.0016210435276171045,
    0.0015898181673310158,
    0.0015807736408773553,
    0.0016147810243056985,
    0.0015564133418063638,
    0.0015734262658509785,
    0.0015587451988075592,
    0.0015435536856873114,
    0.001533054656963434,
    0.001547148551814902,
    0.0015394326719920261,
    0.0015499399253454658,
    0.0015397678150728055
  ],
  "val_loss": [
    0.022587665752835676,
    0.004450219714174598,
    0.0025671199911838057,
    0.0025097953754109922,
    0.0024660588104382787,
    0.0023804219260903626,
    0.00235088061144523,
    0.002364486034198756,
    0.002319961353565868,
    0.0023694749919920635,
    0.002361843965678725,
    0.0023309469928073003,
    0.0023325720695372095,
    0.002283648653021476,
    0.0023254140086708145,
    0.002344012004323304,
    0.0022717435040812885,
    0.0023500575292134053,
    0.0022992870512969373,
    0.002250344812227282,
    0.0022652005962043686,
    0.0022500633063699893,
    0.0023181859056242335,
    0.0022556273970083976,
    0.0022260461986379726,
    0.0022822043202607566,
    0.0022692462435962867,
    0.0022241718419434005,
    0.002275852920015303,
    0.002262630428574507,
    0.0022115158107341593,
    0.002249670991818355,
    0.0021792964581859257,
    0.0022595283388435632,
    0.002198809687979519,
    0.002248751302413695,
    0.002191768531379303,
    0.00223249109186442,
    0.0022272429801195753,
    0.0021972740733090944,
    0.0021827019965866396,
    0.002251158968519262,
    0.0022056838964820435
  ]
}