{
  "loss": [
    0.31970350628945327,
    0.01369608186028299,
    0.008942482011375534,
    0.006400742592207423,
    0.0033224934030943467,
    0.001701957831154326,
    0.0013209102226887104,
    0.001251431621000053,
    0.0010561508544363642,
    0.0009439508236378601,
    0.0008496933946055497,
    0.0007936566520073698,
    0.0007666148807522978,
    0.0007983387512210912,
    0.0007529868484590469,
    0.0006922412722289307,
    0.0007875813663616894,
    0.0006319890268358452,
    0.0005950923781775733,
    0.0005950709533870308,
    0.0006252492800089917,
    0.0006475029862690332,
    0.0005961339062215375,
    0.0005885259484061149,
    0.0005851136567541445,
    0.0005072966358797411,
    0.000617602176979212,
    0.0006066501580999217,
    0.0005468588584067106,
    0.000704061163012241,
    0.0005609903080273562,
    0.00046534571995742726,
    0.0005215482769707209,
    0.0004598297801263038,
    0.00044215223401233546,
    0.0004946410777247693,
    0.00045431778205560293,
    0.0004457480763908325,
    0.0004638545707223604,
    0.00046830354919996593,
    0.00050344343052696,
    0.00047553891103522877,
    0.0004370982221257781,
    0.00047151529899731664,
    0.00043150134532183546,
    0.0004048900449502073,
    0.0005137814839077491,
    0.0004455863150388009,
    0.0004797118590323792,
    0.0004912576834283864,
    0.00047908412636119463,
    0.00046388144240277785,
    0.0004381724267030895,
    0.0003956339163435758,
    0.00044693820840138395,
    0.0003778647429865634,
    0.00043853275819872185,
    0.00043897039334088906,
    0.00040295250694090347,
    0.00043354771279132336,
    0.0003637839165264348,
    0.00038170712923002827,
    0.00038969290567411467,
    0.0003652367724892452,
    0.0004190235140724832,
    0.0004677116085140613,
    0.0004387479848977911,
    0.0004031654418890721,
    0.0004400240719081367,
    0.000428140392929044,
    0.0003809685093031883,
    0.0003508476877728617,
    0.00034572323941446507,
    0.00038354774325252477,
    0.00039895535987111846,
    0.0003757422947810311,
    0.00045950503171256755,
    0.00038795857743446406,
    0.0004160154012844153
  ],
  "val_loss": [
    0.027681067607965272,
    0.01882832548004654,
    0.017116606635752655,
    0.010033215006543984,
    0.003288078606284129,
    0.0021509067129514728,
    0.0018311865622584445,
    0.0015055621360196773,
    0.0012900299553015246,
    0.0012624523474838746,
    0.001124170041071207,
    0.0010855725526152974,
    0.0011800770889964442,
    0.0010882549754360766,
    0.001050085474026839,
    0.00124279592296799,
    0.0009977617568607793,
    0.0009075468156330666,
    0.0008660342263560406,
    0.000880883679919849,
    0.0008575475599596689,
    0.0012494384355503697,
    0.0008133626041055679,
    0.0009618952546705218,
    0.0008158592806134233,
    0.0009649004934547321,
    0.0009971386922221575,
    0.0008994249096486758,
    0.0010867968348330288,
    0.0010126136500460921,
    0.0007465947706395467,
    0.0008193773972984501,
    0.0008133679367044891,
    0.0007118156141898127,
    0.0008047922550890367,
    0.0007205350516661574,
    0.0006972749606258999,
    0.0007271742983454041,
    0.0006888035942832078,
    0.0008303222191579619,
    0.0008414686578232018,
    0.0007170751997365543,
    0.0008294947501009664,
    0.000698097180772666,
    0.000661052956421677,
    0.0006617702109930566,
    0.0007666507338757221,
    0.0006878216596212114,
    0.0012615320443723646,
    0.0009116401474664483,
    0.0007999310795277984,
    0.0007147135604279808,
    0.0007811632622710153,
    0.0006975012229721843,
    0.0006357749044229386,
    0.0006671845258805533,
    0.0010294272252345544,
    0.000638064600803186,
    0.0010431642749836416,
    0.0007168299083222968,
    0.0006949704738935489,
    0.0006342807039310858,
    0.0006109586371946303,
    0.0006200087647587164,
    0.0007220540376317264,
    0.0007220663268152127,
    0.0006272841006276484,
    0.0006095753938825257,
    0.0005929920596837407,
    0.0006457012319877116,
    0.0007113927924861129,
    0.0006670221985578122,
    0.0006111479002946109,
    0.0007168733936952108,
    0.0007027994859309527,
    0.0006010534640060614,
    0.0009781758238461714,
    0.0006451477768302472,
    0.0006383158863112149
  ]
}