{
  "loss": [
    0.031647567015155975,
    0.01084287445885888,
    0.005672651542645958,
    0.0033091539857548332,
    0.002301756729509683,
    0.0015214729062692607,
    0.0012459598685036829,
    0.001060891005195854,
    0.000916765940169688,
    0.0008432334801754769,
    0.0008642876774698846,
    0.0007560048270494082,
    0.0008198720012970603,
    0.0006868913998257992,
    0.0007038346634806348,
    0.0006395958658345829,
    0.0005967238468594921,
    0.0006089976900386009,
    0.0005873860887315805,
    0.0005435881649295738,
    0.0005877703423871543,
    0.0005562065493511376,
    0.0005070989164064663,
    0.0005156010676710754,
    0.0005194446132235109,
    0.0005040017315434013,
    0.0004983861727644532,
    0.0005222719688948897,
    0.00047771113769359456,
    0.0005417787885327312,
    0.0004804709695513145,
    0.0005052364163801563,
    0.0004474761650478733,
    0.0004160878717906276,
    0.00045214192823171093,
    0.00048822025932524177,
    0.00043988458762746213,
    0.0004610373466478094,
    0.00041980252384020406,
    0.0004316835275164662,
    0.0003972407025615343,
    0.0003985959923040649,
    0.00042203838591521945,
    0.0004035742424974904,
    0.0004101487418907037,
    0.00039318078706760025,
    0.0003697577094527098,
    0.0003861034687585576,
    0.00039532361337387437,
    0.00040453131719450246,
    0.0004050485598894599,
    0.000426486515320206,
    0.00038159938402493153,
    0.00039382187775788166,
    0.0003981762933528454,
    0.0003818661133966502,
    0.0004097806206148905,
    0.00040944647190676816,
    0.00038271050674087813,
    0.00038601366715776896,
    0.0004000748086088371,
    0.00037701316270895454,
    0.00035372262861605016,
    0.0003920897519125754,
    0.0003716659619658817,
    0.00036789170566776117,
    0.00034600139604668717,
    0.0003628769879082429,
    0.0003753004848432912,
    0.0003521281420066094,
    0.0003763491832939552,
    0.00038964214337888255
  ],
  "val_loss": [
    0.001833083168946735,
    0.0022222339067159945,
    0.0016583204309077821,
    0.0010499266276274637,
    0.0012074730398119796,
    0.0008415183827497314,
    0.0008097647987647754,
    0.000807662576833521,
    0.0007450346876569196,
    0.0007251365422688927,
    0.0006787669966360023,
    0.0007281218701066846,
    0.0006919804267219031,
    0.0006833314973833778,
    0.0007003351996184206,
    0.0006572034794107657,
    0.0006255103994760939,
    0.0005768266234600979,
    0.0006342821785116695,
    0.0006117955611915728,
    0.000565301462032726,
    0.0005642930376835644,
    0.0005550670277585389,
    0.000561341325336645,
    0.000530914802309702,
    0.0005890565395458202,
    0.0005509009938280685,
    0.0005598546105604722,
    0.0005766570916844944,
    0.0005860463532318668,
    0.0005577408464305538,
    0.0005221848169211182,
    0.000513669345686562,
    0.000479493213661879,
    0.0005730470179457746,
    0.0005078226182093619,
    0.0005426961517226021,
    0.00048399874444251753,
    0.00048593120142346004,
    0.00047364543767769657,
    0.0004969502181353589,
    0.0004954544990226336,
    0.0004881906306295965,
    0.00045834136785167335,
    0.00046577965546015944,
    0.00045452779432177744,
    0.0004837209027213911,
    0.0004615608542004434,
    0.00045450143742336864,
    0.0005375427045870406,
    0.0005486238154748478,
    0.00043900250162545886,
    0.000443100837921181,
    0.00045111721349729196,
    0.00048097150002542093,
    0.0005024860570788829,
    0.00043128675910558743,
    0.0004546961760912958,
    0.0004867017277027772,
    0.000446354940665435,
    0.0004921011078524078,
    0.00042694616936596037,
    0.0004923840952643371,
    0.000462905020944927,
    0.0004442929455709951,
    0.00043253371077855225,
    0.0004407896118912773,
    0.00044541430089820917,
    0.00046169171582985803,
    0.0005254275988015412,
    0.00042874282643701547,
    0.0006189825782284881
  ]
}