{
  "loss": [
    0.008062336016056269,
    0.0057424762770598575,
    0.003317961340484065,
    0.0022463377942631823,
    0.002003849891175306,
    0.0017498971258060939,
    0.0016756396030399292,
    0.001649244595603468,
    0.0015993532419926364,
    0.0015726763780275928,
    0.0014941098597583346,
    0.001567573612271426,
    0.0015185339153658136,
    0.0014472044470035723,
    0.0014604579862109654,
    0.0014062430969655618,
    0.0013910034875812929,
    0.0013715066208730064,
    0.0013674452781423693,
    0.0013254821165602972,
    0.00136659914923484,
    0.0013172167727567685,
    0.001288952736019841,
    0.0012579345193904471,
    0.0012706169069469963,
    0.0012190782860812144,
    0.0012292195041216974,
    0.0011926834988789747,
    0.0011983224736074763,
    0.001169942077826286
  ],
  "val_loss": [
    0.007472285489533462,
    0.004535516139631178,
    0.003080795654708765,
    0.003325180838951523,
    0.002545104169675491,
    0.002367191391681381,
    0.002420094291384773,
    0.0025234114520867415,
    0.002197898943916339,
    0.0022310557160839565,
    0.002224907532063018,
    0.0024494256639033974,
    0.002190355905422977,
    0.002211006878710845,
    0.0021077914199992723,
    0.002134646539490263,
    0.0020598408424345052,
    0.0020500581714139434,
    0.002028296534650299,
    0.001999286157326872,
    0.00200948341950482,
    0.00217810516370883,
    0.002319103932524679,
    0.002676426234762041,
    0.002388755524797099,
    0.0023499596837897596,
    0.00230033050880817,
    0.0026269332135320546,
    0.00254282774860222,
    0.002709641181329051
  ]
}