{
  "loss": [
    0.010443493393706182,
    0.0064229398896370055,
    0.003939739547299136,
    0.0012261644692858076,
    0.0008411673621193959,
    0.0007329660347324222,
    0.0006671196865330831,
    0.000628925034949388,
    0.0006133210146597749,
    0.000637023328057937,
    0.0005692788856633085,
    0.0005157987504562642,
    0.0005523362752554594,
    0.0005383214006798766,
    0.0005276428753871984,
    0.0005342319944094691,
    0.00042500455963933405,
    0.0006081667221967108,
    0.00041767096286074153,
    0.0004157962484312699,
    0.00059240537858163,
    0.00042319458448467415,
    0.00040322089093543294,
    0.0003838523667252473,
    0.00036353087878615597,
    0.0003588113491867684,
    0.0004164683446015497,
    0.0003519420254626488,
    0.00034215178066092817,
    0.0003301961940037957,
    0.00032385440132054054,
    0.0003057763135062599,
    0.0003079232296182274,
    0.0002992100900160541,
    0.0002996745354225338,
    0.00030377355197164674,
    0.0002983975963302947,
    0.00028959103102807086,
    0.0002948804144229189,
    0.0003050918673721069,
    0.00029814930162000804,
    0.00028689949255062476,
    0.00028221011296090736,
    0.00032068846899626236,
    0.000282955829579955,
    0.0002957220786343614,
    0.00027731584058105234,
    0.0002781757493792663,
    0.0002939868471520595,
    0.00033757705662412356,
    0.0002949965171499181,
    0.000293028347922876,
    0.000264581017302598,
    0.000302737979514198,
    0.0002735055649331698,
    0.00026878227594177097,
    0.00027055517123250416,
    0.0002709246232074985,
    0.0003300513951799928,
    0.00025793348736588497,
    0.00027358899476741266,
    0.00027271738202185746,
    0.00027140700714434483,
    0.00027466184754047383,
    0.00026276615661690504,
    0.00026679851952475774,
    0.0002786008404885481,
    0.0002642648528004509,
    0.0003627012726223397,
    0.000297188296438696,
    0.0002593955714103111,
    0.00028167656038832067,
    0.0002741942143408659,
    0.0002623526975078598,
    0.0002565348058993654,
    0.00026239465065106606,
    0.0005042483097795278,
    0.0003374486028833488,
    0.000263383730218955,
    0.00031202309542793555,
    0.0002674127738513513,
    0.00027435588199043614,
    0.00025640929389198966,
    0.0002631348192104476,
    0.00026873995611364956
  ],
  "val_loss": [
    0.007991242836546767,
    0.006949598808864971,
    0.0014796019391064624,
    0.0010657964036339424,
    0.0009459684734683033,
    0.0008975068160977501,
    0.0008260522646686205,
    0.000743434703038944,
    0.0007212353514630225,
    0.0008647257588793533,
    0.0006437286917519357,
    0.0008392245137736529,
    0.0007461191194674389,
    0.0005686809494323865,
    0.0005779589755348042,
    0.0005817993654060986,
    0.0008195400580886629,
    0.0005706878133363776,
    0.0005737673465653763,
    0.0008688175457191991,
    0.0006814123672474135,
    0.0004947118475204231,
    0.0004981083732743103,
    0.00047793049444597993,
    0.0004288389854092192,
    0.0005561697474619435,
    0.0004301891089058839,
    0.000436365817402295,
    0.00039042555407242294,
    0.0003831162888833045,
    0.0003873728488183038,
    0.00038153311470523477,
    0.00037792813452472397,
    0.00036920180958746883,
    0.0003751606135475603,
    0.0003984791701941004,
    0.00034058814136577506,
    0.0004014596464572945,
    0.0004109569708816707,
    0.0003463864578497033,
    0.00035944992675098007,
    0.00033582969866744193,
    0.0004521759647804384,
    0.0003594726763517279,
    0.0003491015330847394,
    0.00034388111345214095,
    0.00033226710389839013,
    0.00040413268584665933,
    0.0004319659828280027,
    0.0004031614644790662,
    0.00043602195788420493,
    0.00033316867756094415,
    0.0003419848444237077,
    0.0003473026790543572,
    0.0003315598990481633,
    0.0003529737574293964,
    0.0003577092755841767,
    0.00037115251013476936,
    0.00032708168050253785,
    0.0003262960200407798,
    0.0003350001592240245,
    0.00034168236255696925,
    0.0003366931485508538,
    0.0003359255299054004,
    0.00033111683256760406,
    0.00037533795470013644,
    0.0003453780836835094,
    0.0005571517714677932,
    0.0004106296669655981,
    0.0003257583955348889,
    0.0003736975192153765,
    0.0003260407388302405,
    0.0003453148129155634,
    0.0003459373073892893,
    0.0003244669226530407,
    0.0007825225500830009,
    0.0003742134124347633,
    0.0003259501085427313,
    0.0003677363335385223,
    0.00032850734027266336,
    0.0003480350970966066,
    0.0003286864746689469,
    0.00032861319985905927,
    0.00035011153738526114,
    0.00048254023160232786
  ]
}