{
  "loss": [
    0.008111827312560055,
    0.004433278077331369,
    0.0016146130830217006,
    0.0010437343693779316,
    0.0009151315803054581,
    0.0009013013470716463,
    0.0008452856738434265,
    0.0008159935813527441,
    0.0008085219311502824,
    0.0008068439414357357,
    0.0008127610137456337,
    0.0007659201603807625,
    0.0007489333447610245,
    0.0007533907648993188,
    0.000737341944646935,
    0.0007282207900218076,
    0.0007259340822894116,
    0.0007232510343458598,
    0.0007193178447411694,
    0.0007117485564722348,
    0.0007045036418481587,
    0.0007036439613738525,
    0.0006986291531200717,
    0.0007036611790583509,
    0.0007007723954545866,
    0.0006864107223320671,
    0.0006883128101757034,
    0.0006799680683729469,
    0.0006944637644577199,
    0.0006805518670387884,
    0.0006780917533239645,
    0.0006834076284908315,
    0.0006759110806820563,
    0.000687537695975856,
    0.0006670732838833959,
    0.0006878457397168306,
    0.0006726921166250438,
    0.0006565492952988523,
    0.000651379286279808,
    0.0006498562066967912,
    0.0006532446186658607,
    0.0006542917692768415,
    0.000671777489787691,
    0.0006524645630856871,
    0.0006472737615164224,
    0.0006716571153334944,
    0.0006639482727562353,
    0.0006530027510679216,
    0.0006517124376247607,
    0.0006427317465814098,
    0.000635354539800636,
    0.0006468015844099463,
    0.0006362731800334517,
    0.0006346805525363482,
    0.0006506164007711764,
    0.0006370118244281678,
    0.0006430548640837056,
    0.0006580935558203048,
    0.0006360681469108809,
    0.0006341874225430844,
    0.0006385514633827151,
    0.0006497808785495761,
    0.0006378524014617047,
    0.0006324093632900085,
    0.0006335137413873731,
    0.000643147479501641,
    0.0006323614786894867,
    0.0006298480913359397,
    0.0006401471330013149,
    0.0006304358799321225,
    0.0006297898433696346,
    0.0006291200594469212,
    0.0006434623108323919,
    0.000637458419874529,
    0.0006491841397290284,
    0.0006460477929759761,
    0.0006288565878050772,
    0.0006294409620743908
  ],
  "val_loss": [
    0.007492722423736891,
    0.002132080649720371,
    0.0013977220932855296,
    0.0012104811847276822,
    0.001129625662286555,
    0.0010727546489746078,
    0.0010317010529730366,
    0.0010082963513189833,
    0.0010309037012794153,
    0.000995069278149418,
    0.0009559575913381346,
    0.0009609690972845693,
    0.0009391545163704217,
    0.0009384788813980204,
    0.0009793461376327753,
    0.0009578655619246278,
    0.0009502872608560883,
    0.0009154773266466324,
    0.000907031910555715,
    0.0009071522473373054,
    0.0009072789316482389,
    0.000900001945269927,
    0.0008874778842903386,
    0.0009054175162564407,
    0.0008851034294695526,
    0.0008826329342593845,
    0.000908786524859005,
    0.0008713443871608096,
    0.0009137640413905376,
    0.0008650081375618954,
    0.0008809069095652818,
    0.0008603765073525642,
    0.0008818261776870703,
    0.00086010078087871,
    0.000870030629319957,
    0.0009349923598893934,
    0.0008688876614391351,
    0.0008394680614969101,
    0.0008365199042520182,
    0.0008365276275403304,
    0.000845750231998175,
    0.00085836511879686,
    0.0008345835286485885,
    0.0008426796164471677,
    0.0008600572688834361,
    0.0008315387257832766,
    0.0008263969504485391,
    0.0008453781200696339,
    0.0008305450287153585,
    0.0008169027143132291,
    0.0008343816770225228,
    0.0008179169606149855,
    0.0008192536538821845,
    0.0008325932533943315,
    0.000815274434753318,
    0.0008166517971664955,
    0.0008128837641143338,
    0.0008142588268425213,
    0.000815834520765431,
    0.000808604915744692,
    0.0008094209723575915,
    0.0008066566989021325,
    0.000815411704175627,
    0.0008065895304773311,
    0.0008204798050127018,
    0.0008201706467597688,
    0.0008099992394200346,
    0.0008050151541057294,
    0.0008246746629435383,
    0.0008120807280084788,
    0.000816898633988358,
    0.0008377539211349016,
    0.0008339104679984282,
    0.000814449078099833,
    0.000844686079541355,
    0.0008144243462757305,
    0.0008052984810207883,
    0.0008162803206983851
  ]
}