{
  "loss": [
    0.010955467228208046,
    0.007359814493802186,
    0.007237808066300649,
    0.006350786672904276,
    0.004271441072888078,
    0.0026024968916178075,
    0.001953467607910108,
    0.0017176406090782326,
    0.0017662306000350038,
    0.0015720038534485494,
    0.0014749121135380484,
    0.001424408897077993,
    0.0014067134775021055,
    0.001408745047922579,
    0.00130133463034725,
    0.001287439589661943,
    0.0012728165440637623,
    0.0012205539163892126,
    0.0012164350336925991,
    0.0011905574981108207,
    0.001191732179870992,
    0.0012640866710353135,
    0.0011267916766280355,
    0.0011465458980535227,
    0.0011014282118738295,
    0.0010735166039557873,
    0.0010605656513400963,
    0.0010682703346045648,
    0.0010607972106899178,
    0.0010418485912738037,
    0.0010512617873725298,
    0.0010617920521654443,
    0.0010386911579369233,
    0.001024568019344394,
    0.0009862759069372965,
    0.0009713511120140371,
    0.000973607872366057,
    0.0009669466697044093,
    0.000961851381700207,
    0.0009562838068463048,
    0.0009366738520567514,
    0.0009167895986192564,
    0.000927805860940826,
    0.000933751817215899,
    0.0008786767656303874,
    0.0008927949401002635,
    0.0008797243214790127,
    0.0008675028805614481,
    0.0008900101959973357,
    0.00084940436203722
  ],
  "val_loss": [
    0.008752865238848332,
    0.009391129840688678,
    0.008627028457084684,
    0.005918800975914957,
    0.0035919030035051914,
    0.0032996137021562818,
    0.0025013395337716926,
    0.0027191653900801803,
    0.0024350791397570568,
    0.0021950986961055655,
    0.0021036331275003923,
    0.002073576607157234,
    0.0020805122871573635,
    0.0019917691522180745,
    0.001997541064676286,
    0.0019444215703387751,
    0.0018795509255971755,
    0.001837943099965037,
    0.0018091937983654679,
    0.0018033103626195512,
    0.0019577331015236564,
    0.0018675990437671687,
    0.0017779918723663261,
    0.0017317030238834766,
    0.0017704031849862887,
    0.0017560024778792566,
    0.0017251788106810442,
    0.0017833289125563786,
    0.0017479764318977054,
    0.001748785415731671,
    0.0018493680947917477,
    0.0019467816081271093,
    0.0018078241495982912,
    0.0016584707302933815,
    0.0016734200514858181,
    0.0016606590831691143,
    0.001724999644100583,
    0.0017067269721328798,
    0.0016666513288675993,
    0.0016065441834272737,
    0.0016320135029258209,
    0.0016267776359079902,
    0.0016362388409099052,
    0.001764877109629036,
    0.001669267398436063,
    0.0018947220375691444,
    0.0016852095784679034,
    0.0024878034809855576,
    0.001939040648858471,
    0.002276731728833889
  ]
}