{
  "loss": [
    0.00773357552315208,
    0.005548166606306615,
    0.0022991406916398767,
    0.001220964907355393,
    0.001067524495393808,
    0.0010389032972722494,
    0.0009133958004473293,
    0.0008847067967728007,
    0.000860260419483231,
    0.0008235728850310667,
    0.0008374188186561966,
    0.0007953479634512937,
    0.0007597219085561146,
    0.0007527481956625087,
    0.0007322476302911985,
    0.0007093164647648598,
    0.0007110853543643436,
    0.0007198021877544902,
    0.0007058354310058607,
    0.0006902091521494653,
    0.0006980481488770967,
    0.0006817295336889526,
    0.0007058930647321576,
    0.0006658825495880709,
    0.0006852904016570351,
    0.0006815014580700815,
    0.0006556465350363329,
    0.0006562953357800006,
    0.0006461562291451194,
    0.0006581728456790302,
    0.0006998775682742217,
    0.0006392053153983226,
    0.0006352574864910554,
    0.0006429518012250641,
    0.0006451079297546203,
    0.0006227512362669606,
    0.0006264256676343422,
    0.0006431660563426075,
    0.0006313750330807008,
    0.0006232937280255346,
    0.000634945384497802,
    0.0006196605664460259,
    0.0006088994338834977,
    0.0006093130355739689,
    0.0006167626753408983,
    0.0006230769637077206,
    0.0006117243173598538,
    0.0006192173368032928,
    0.0005989926497510219,
    0.0005968145483604703,
    0.0005998216640931609,
    0.0005944957373583678,
    0.0005955950768266381,
    0.0005988610881485116,
    0.0006113787536484251,
    0.0005946171931804301,
    0.0006117753481324908,
    0.0006085218778559752,
    0.000616908082174142,
    0.0005874972221349325,
    0.0005880796139554924,
    0.0005861112088240929,
    0.0005851467176430335,
    0.0005898693898898249,
    0.0005824223995070377,
    0.0005743133558717343,
    0.0005722143501205149,
    0.0005756270630294449,
    0.0005752970797034445,
    0.0005750128991564462,
    0.0005927730259545419,
    0.0006168092640750369,
    0.0005806682123232158,
    0.0005647669834360727,
    0.0005717613545370221,
    0.0005752214031446916,
    0.0005717769071081901
  ],
  "val_loss": [
    0.007653012218272818,
    0.004947220525853542,
    0.002391350491600142,
    0.0014739942953031695,
    0.001435592674099691,
    0.0013018130982109443,
    0.0012384294024128364,
    0.0012470184161600486,
    0.0011641715765153752,
    0.001237659330495237,
    0.0011196174004079146,
    0.0011022062882142995,
    0.0010804845153956123,
    0.001066514178956164,
    0.0010420337238333584,
    0.001035086871690801,
    0.0010180633819986196,
    0.001013852121406209,
    0.0010008493532267146,
    0.0010626245989819258,
    0.001042091890330843,
    0.0010772498934889902,
    0.000969181630312779,
    0.0009846511163146786,
    0.0009520648585025283,
    0.0009473041619704162,
    0.000972142539537661,
    0.0009641331808322536,
    0.0009795756398273108,
    0.0010840310695843555,
    0.0009754066707988306,
    0.0009388521304662797,
    0.0009357781067120107,
    0.0009402107107787501,
    0.00099022901045848,
    0.0009275667584187335,
    0.0009382311312625833,
    0.0009793970895961997,
    0.0009212081606155107,
    0.0009793710035596104,
    0.0009215171108001751,
    0.0009004371530165412,
    0.0009317593166645802,
    0.0009012889504195988,
    0.0009121984772085731,
    0.0009304882266471234,
    0.0009161417651664239,
    0.0009150081738644377,
    0.000897809490690121,
    0.0009149720574579927,
    0.000912560782271813,
    0.0009161683843980507,
    0.0009105057418294951,
    0.0009259408650513306,
    0.0008968666957392876,
    0.0009445471297409283,
    0.00091344787345592,
    0.0009459617280128582,
    0.0009102351919783907,
    0.0009198200352520821,
    0.0009051489396772002,
    0.000898310432251728,
    0.0008948599959553852,
    0.0008890219740260866,
    0.0008881162692540587,
    0.000892608459313395,
    0.000886220584664679,
    0.0008933943293047091,
    0.000942458666845621,
    0.0009203737090954053,
    0.0009021883243849264,
    0.0008900334044920476,
    0.0009025792663309785,
    0.000891395166930511,
    0.0009066197269940904,
    0.0009000900797082822,
    0.000904073498150056
  ]
}