{
  "loss": [
    0.009158776509031056,
    0.007544346109851805,
    0.007468963570138651,
    0.007291966647780899,
    0.005006621239859657,
    0.0031422272496848622,
    0.0025901034631624974,
    0.0023042999344502443,
    0.002218841143353902,
    0.0021063758598325244,
    0.0020330220438136894,
    0.0019230951990259334,
    0.0019426292428555028,
    0.001976277739749035,
    0.0018267939521412627,
    0.001783918667166944,
    0.0017598258968553203,
    0.001775903958440425,
    0.0017216279820326137,
    0.0017154319177302053,
    0.001699761735408666,
    0.001709418804474162,
    0.0016727152688471019,
    0.0016900468587202474,
    0.0016974738596273785,
    0.0016730369639990895,
    0.0016294994253752977,
    0.0016399773047427544,
    0.001639324506130362,
    0.001678028484045757,
    0.0015800960362363887,
    0.001574971586755147,
    0.0015617072020281907,
    0.0015568195764596264,
    0.001572427079593519,
    0.0015612534035231275,
    0.0015598079982013758,
    0.001518521895331459,
    0.0015086191838418652,
    0.0014898628037078323,
    0.0014906501142311368,
    0.0014773718555609048,
    0.0014884051138268585,
    0.0014533849415185667,
    0.0014429378707651016,
    0.0014781759613816078,
    0.0014447623501770705,
    0.0014319177745413978,
    0.0014337667466806049,
    0.0014463567896624199,
    0.0014431217064053783,
    0.0014203533082859131,
    0.0014518782292065222,
    0.0014444553666304388,
    0.0014300835233532789,
    0.001427605624040865,
    0.0014119745678322008,
    0.001451866377395355,
    0.0014481656480886133,
    0.0014347690722399616,
    0.0014374385275804872,
    0.0014194044748558475,
    0.001410297110000622
  ],
  "val_loss": [
    0.009246644691801538,
    0.009136341178283639,
    0.00885224957488665,
    0.00806073562166437,
    0.0042441102470002585,
    0.003903959504086055,
    0.003159168197875138,
    0.003087343983952196,
    0.0031533079347064517,
    0.002734020362798573,
    0.002755736887809776,
    0.002603309967291622,
    0.003099626181934144,
    0.002315185686928176,
    0.002350933568719096,
    0.0023251865750455224,
    0.002197742193457292,
    0.0022430930479693145,
    0.002195593743801576,
    0.00222335286707166,
    0.002175887920098061,
    0.00217308537481504,
    0.0021766309589878016,
    0.0022367610151329043,
    0.0020784782310973864,
    0.0020936745354587457,
    0.002099505649143908,
    0.00213651720653562,
    0.0022943012842892847,
    0.002194843596077057,
    0.0020499250640263074,
    0.002153413423730963,
    0.002089077855932529,
    0.0021389420881230874,
    0.0020494286853987046,
    0.002054175742215761,
    0.001983580276036129,
    0.001993772285502581,
    0.0019678457813593103,
    0.0020012813665922368,
    0.0019720569663845442,
    0.0019823029579944303,
    0.001916744230388134,
    0.0018762688580326507,
    0.0019166865138237883,
    0.0019046888498886793,
    0.0018566038820850832,
    0.0018834204782134428,
    0.0018601527206693626,
    0.0020071741719195407,
    0.0019077171701337903,
    0.0019629559634874263,
    0.0018389389331058628,
    0.00184072975228418,
    0.0018562498458084605,
    0.0018501361402883834,
    0.0019181909412015177,
    0.001843799352358912,
    0.0019844467197323128,
    0.0018891509053628652,
    0.0018958983566554613,
    0.0018846687837308195,
    0.001870695423303532
  ]
}