{
  "loss": [
    0.007533208104885287,
    0.0068359641461736625,
    0.003503049788479176,
    0.0014776216056715283,
    0.0010707385598733607,
    0.000887309291606976,
    0.000842501338209129,
    0.0007740552246104926,
    0.0007758437455373092,
    0.0007619052549772379,
    0.0007339359177017792,
    0.0006678759689546294,
    0.0007045245907243548,
    0.0006462844192153878,
    0.0006398978714262032,
    0.0006341118326721092,
    0.0006131350075722568,
    0.0006099246836836553,
    0.0005994903945571019,
    0.0005534287904285722,
    0.0005858711115757211,
    0.0005624898056137479,
    0.0005473451035666383,
    0.0005413203875327276,
    0.000534540108573209,
    0.0005208558189527442,
    0.000533509039087221,
    0.0005284079411972521,
    0.0005262860455938304,
    0.0005320719566144464,
    0.0005377341892906568,
    0.0005169052116495246,
    0.0004899837189845534,
    0.0005089641684511056,
    0.0004986039227029929,
    0.0005308341044130631,
    0.0005067434960639932,
    0.0005064003311821984,
    0.0005084436415927485,
    0.0004893106039768705,
    0.0005162231520646148,
    0.0004947098576748329,
    0.0005202678682204956,
    0.0004907204614331325,
    0.0005292754681755065,
    0.0004986297733719564,
    0.000484748074086383,
    0.0005022997195030459,
    0.0004949569103903034
  ],
  "val_loss": [
    0.0050053172167544525,
    0.008806528739077,
    0.0021310903147355583,
    0.0013285763420616136,
    0.0011094533095903408,
    0.0010308595598718926,
    0.001021239813866181,
    0.0008830223695924069,
    0.0008878093058905326,
    0.000975358646431009,
    0.0008014259799306612,
    0.0008298355494959398,
    0.0007697332361148614,
    0.0007364522427135755,
    0.0007677191723145791,
    0.0007808739996127804,
    0.0006957895153897402,
    0.0007496383259221706,
    0.0006883054264223321,
    0.0006303419540225741,
    0.0006364735802917769,
    0.0006183866873581076,
    0.0006032169508855512,
    0.0006303774528384989,
    0.0005970509440930607,
    0.0005938880440276167,
    0.0005871126051099339,
    0.0006270581298666819,
    0.0005807620075533869,
    0.0006746448369275974,
    0.0005978713336095378,
    0.0005836964561796385,
    0.0005913495702525349,
    0.0005745150871413244,
    0.0006175126018356686,
    0.0006139307347326424,
    0.0005953935779613179,
    0.0005834036570532406,
    0.0005642313370032148,
    0.0005863899084131333,
    0.0005979901611017315,
    0.0006144604755991418,
    0.0006163148110034586,
    0.000601973907685949,
    0.0005787557828658294,
    0.0005894985247836974,
    0.0005716748901876331,
    0.0006302834145940286,
    0.0005792610870979562
  ]
}