{
  "loss": [
    0.009550521992399792,
    0.005898686920689275,
    0.0028397497381993384,
    0.0012080078004154233,
    0.0007883234697003128,
    0.0008313132421259347,
    0.0007296281457104836,
    0.0006323770088032986,
    0.00079658614687852,
    0.0005751836949969292,
    0.0005406579903366507,
    0.0005540070279712602,
    0.0005037150892127363,
    0.0005352748820314051,
    0.00048588393661452026,
    0.0006163307949347326,
    0.0008644932635243197,
    0.000523439467261026,
    0.0005863401392116942,
    0.00044112348911277337,
    0.0004791051865081456,
    0.00042690480264640396,
    0.0004915078221081215,
    0.000506491111926165,
    0.0004163934022255027,
    0.00038623798174183035,
    0.0003789263221205851,
    0.00044493531648324866,
    0.00039345614410874635,
    0.000399823130158092,
    0.000396853093990708,
    0.00035665611336040023,
    0.0005302196116156792,
    0.00039477976938065044,
    0.00036630004839311337,
    0.00034543795428383797,
    0.000345446351294245,
    0.00035298975089751507,
    0.0003471012571131922,
    0.0004311757864844917,
    0.0003327839498814835,
    0.00031601244021136016,
    0.0003168679594994399,
    0.0003196815815852173,
    0.0003192113168317104,
    0.0003824810864882833,
    0.00031354184340603216,
    0.0003152023263316818,
    0.00033107492022688037,
    0.0010822189904964251,
    0.00040888659016318873,
    0.00037153374562183344,
    0.0003498491254802357,
    0.0006037774494366925
  ],
  "val_loss": [
    0.008528666775468942,
    0.005598656403330656,
    0.0019827082364277525,
    0.0009740897131940493,
    0.001105277595023246,
    0.0010610394752942598,
    0.0009859685253884112,
    0.0011120752219090258,
    0.000760549436333579,
    0.0006951592513360083,
    0.0007205199914636438,
    0.0007578782356026899,
    0.0007267389292982254,
    0.0006167551734136765,
    0.0008438318727312835,
    0.001179551988440965,
    0.0006692072857621607,
    0.00095090330552801,
    0.0005764340064590694,
    0.0007316542272507162,
    0.0006888643275577943,
    0.0008386565758693185,
    0.0005453238017463053,
    0.0005268178724141402,
    0.00046006488456431735,
    0.0004891948895989457,
    0.0005114976262960297,
    0.0004989413786321306,
    0.0005193399265408516,
    0.00048224233886595447,
    0.00043613288121727796,
    0.000731071729755418,
    0.0004525369418283495,
    0.00042971635012181253,
    0.0004208017301177708,
    0.0004127213864454201,
    0.00040002239152922163,
    0.0004105465908811151,
    0.0006018983005740485,
    0.000464299571531528,
    0.00038608442352327344,
    0.0003938813649685951,
    0.00038363632092324016,
    0.00036970364053958804,
    0.0006191685257203222,
    0.00043796237294592866,
    0.00043369400772972255,
    0.00037033573000251754,
    0.0013507221963584095,
    0.0005137368622184782,
    0.0004425304577235583,
    0.00043865419210415785,
    0.0007199665299964721,
    0.0005230299577086263
  ]
}