{
  "loss": [
    0.008105884387628586,
    0.005540969234319144,
    0.0028785614047035684,
    0.0016774141689268633,
    0.0014798203491839764,
    0.0013785602967427135,
    0.0013435574165416876,
    0.0012947565140153988,
    0.0012830202575691099,
    0.0012538594566873515,
    0.0012626247355835265,
    0.0012278466446517366,
    0.0012353003974014656,
    0.0012138150243147798,
    0.0011932612947177371,
    0.0011869301359300145,
    0.0011972325883297316,
    0.0011583622520169974,
    0.0011740810176804435,
    0.00116238368013821,
    0.0011445764302911417,
    0.0011398476628265532,
    0.0011417949229092035,
    0.0011253026895902964,
    0.0011279355176786528,
    0.0011069181225796562,
    0.0011121150246883379,
    0.0011327593612375567,
    0.0011224222834139712,
    0.0011100889639257914,
    0.0011012558248052174,
    0.0010867621568960094,
    0.0010868431426565258,
    0.0011027216036857946,
    0.0010738250098096325,
    0.0010736372569575094,
    0.0010675792551670803,
    0.0010753789557353664,
    0.0010661902259889314,
    0.0010746206767823828,
    0.0010676966654420592,
    0.0010630509638826374,
    0.0010610085360229042,
    0.001072047789458268,
    0.0010613686127945356,
    0.0010690063351264949,
    0.0010729751877164777,
    0.0010673713818499409,
    0.0011063678618167755,
    0.0010505658137021302,
    0.0010859206149883287,
    0.001081293694914996,
    0.0010515802791670555,
    0.0010425108898231175,
    0.0010438456148773587,
    0.0010390409477651899,
    0.0010514390579549272,
    0.0010613360441511625,
    0.0010519272670706083,
    0.0010549403325099908,
    0.001058954965589997,
    0.001074660271979888,
    0.0010562696452653963,
    0.0010468126031374302,
    0.0010417179533142172,
    0.0010417332267814426,
    0.0010566446209428965,
    0.0010635296715416167,
    0.0010473030076727505,
    0.0010405453998967682,
    0.0010427099216575736,
    0.0010516551509438732,
    0.0010497060641492314,
    0.0010423731863860352,
    0.001056955541357557,
    0.0010503386433923948,
    0.0010428656559122477,
    0.0010556454124990616,
    0.0010434632585596814,
    0.0010444724070829447,
    0.0010478070212960322,
    0.001047364631619079,
    0.0010422132160479319,
    0.0010376406962665841,
    0.0010429023166276712,
    0.0010457571183258734,
    0.0010454199929844504,
    0.001042803630163276,
    0.0010416978452915005,
    0.001044118133769685
  ],
  "val_loss": [
    0.007960780997798157,
    0.006147846934464611,
    0.0028008647413305184,
    0.0022859967058532263,
    0.001949319797626312,
    0.001806152481598694,
    0.0016852776139135237,
    0.0016024399125205045,
    0.0015566081392497176,
    0.001544251205770089,
    0.0015570496392574922,
    0.0015925319498775318,
    0.0015124308014345539,
    0.0014735142046570135,
    0.0014700240180963685,
    0.0015277869674611593,
    0.001491801684524123,
    0.0014407623642459719,
    0.0014372981238918526,
    0.0014895894372011942,
    0.0014770331759179356,
    0.0014494587166975763,
    0.0014160371539979572,
    0.0014036751285218666,
    0.001398048109908605,
    0.0014370293277140929,
    0.0014029459968553817,
    0.0014509138559225703,
    0.0013962771111428324,
    0.001387239886857103,
    0.001383632998388929,
    0.0013801582375870336,
    0.0014125462660309503,
    0.0013707754503668743,
    0.0013573510695044184,
    0.001370722576276359,
    0.0013637738095101627,
    0.0013484621445761064,
    0.0013465462137539567,
    0.0014089882261766138,
    0.0013872805431676882,
    0.0013870209800688257,
    0.001403084988492089,
    0.001396382239845391,
    0.0013614820205685534,
    0.0014998358881595818,
    0.0013409955872310862,
    0.0013635975646466452,
    0.001350445597742131,
    0.0013594124872581994,
    0.0014587073254636043,
    0.0013958838684432551,
    0.0013235109564828814,
    0.0013180908040105986,
    0.0013374891865581418,
    0.0013226565220995556,
    0.0013914717983400063,
    0.0013712306519237157,
    0.0014004434552173206,
    0.0013172185975897628,
    0.0013204846464444642,
    0.0013641403790146257,
    0.001359081950481665,
    0.0013925303599469478,
    0.0013385254775416184,
    0.0013185110673702145,
    0.0013202586218064472,
    0.0013444887272435887,
    0.001346888466380661,
    0.0013165416376359543,
    0.0013403850369562132,
    0.0013170687437073039,
    0.0013425250203181601,
    0.0013210544523281746,
    0.001329939795420952,
    0.001338909150869359,
    0.001326059635828336,
    0.0013268191914005472,
    0.0013280800757126596,
    0.0013152487221094928,
    0.001369214489290514,
    0.0013221596806117118,
    0.001327197960388791,
    0.0013179385667713424,
    0.0013284589913939236,
    0.0013257454930492502,
    0.0013782636690573957,
    0.0013415990337426354,
    0.0013194410750507707,
    0.0013205555822345348
  ]
}