{
  "loss": [
    0.007497817795309756,
    0.0045281093205428785,
    0.0018672277090243166,
    0.0012204826182116652,
    0.0010246971376343733,
    0.0009276096566787197,
    0.0008541485003661364,
    0.0007850288400529987,
    0.0007369176633397324,
    0.0007141596902834459,
    0.0006717823174161216,
    0.0006305590957506663,
    0.0006177727983514261,
    0.0006333886089527772,
    0.0005936891571359916,
    0.0005688310516739471,
    0.0005700124424442442,
    0.0005325861145845718,
    0.0005168707688830586,
    0.000496654810073475,
    0.000562015185197298,
    0.0004920511095810474,
    0.0004869253817661148,
    0.0004727042315708887,
    0.000481408076464302,
    0.0004517075156197987,
    0.00046187460571268783,
    0.00046514153978528664,
    0.0004520763565475742,
    0.00045172881315617513,
    0.0004420219888238029,
    0.0004428120009833947,
    0.0004837518386516927,
    0.00047226504668489925,
    0.00044772204192769196,
    0.0004356455885701709,
    0.0004380607359861541,
    0.00045607692380953167,
    0.0004935157145761574,
    0.0004617017596804847
  ],
  "val_loss": [
    0.007490782351964269,
    0.003766620595818873,
    0.0017202460006926178,
    0.001584464816258548,
    0.0012702763506490995,
    0.0012958578684575054,
    0.0011269183465107743,
    0.001041766766333034,
    0.000996592427352469,
    0.0009863033166575982,
    0.0009144435956761159,
    0.0009381021247899606,
    0.0008906933040288854,
    0.0008436124784661555,
    0.000883043044536649,
    0.0008070796600494215,
    0.0007520283903662352,
    0.0007462817856454426,
    0.0007198959166958887,
    0.0008673256871831852,
    0.0007184720633438591,
    0.0006883585251182748,
    0.0007233672243601979,
    0.0006700203131522583,
    0.000657468289361379,
    0.0006279668920819671,
    0.000658088006443516,
    0.0006241831264956328,
    0.000605657280450969,
    0.0005908943029613165,
    0.0005918072078623308,
    0.0006820472998329061,
    0.0006410680246570202,
    0.0006017336359224474,
    0.0006156698548871275,
    0.0005976897140018149,
    0.0006209342973306775,
    0.0006114514474051468,
    0.0006009388473539128,
    0.0006738730379798483
  ]
}