{
  "loss": [
    0.08100665790755399,
    0.014744210978531088,
    0.009481579481411147,
    0.007701258020667298,
    0.006411046559319394,
    0.0037714980606048205,
    0.002607972786581407,
    0.0022470943443233353,
    0.0022120392157242716,
    0.002011043129913041,
    0.0019435030755621055,
    0.0018213283663524565,
    0.0018107565392107812,
    0.0017143764935781689,
    0.001728654834019251,
    0.0017253585811135526,
    0.0018736388512771661,
    0.0016721718498452017,
    0.001650709764914909,
    0.0016890345779239455,
    0.0016014917782486708,
    0.0016136323164800672,
    0.001580670905253975
  ],
  "val_loss": [
    0.011735630109488797,
    0.008861652045857673,
    0.008527545941894461,
    0.00760738167870028,
    0.005587331436741419,
    0.0025656256395592994,
    0.0023263002307537723,
    0.002202100215051897,
    0.002106030793803162,
    0.002221419451189559,
    0.002019822270758137,
    0.0020299851858508397,
    0.0019560812265515663,
    0.0020377610083565072,
    0.0019940039891676573,
    0.0021527181307756517,
    0.0021182340074132303,
    0.001988693201752687,
    0.0019840641959416433,
    0.0022811089637128413,
    0.0021512510061931877,
    0.002024491171480394,
    0.0021048907610569513
  ]
}