{
  "loss": [
    0.05172163285606328,
    0.007339154459943883,
    0.0036747623469638472,
    0.002875563899964599,
    0.0025720838184260498,
    0.0023684346292663096,
    0.002125476357315891,
    0.002063326264321351,
    0.0019193970606169565,
    0.0017747924695289867,
    0.0017009949366028844,
    0.0016099706817690209,
    0.0015304238027929419,
    0.0014726179805653028,
    0.0013932448842778776,
    0.0013672211438054938,
    0.0013040909519359198,
    0.0012638182059694228,
    0.0012310855324257919,
    0.0011798752766939205,
    0.001194396108424503,
    0.0011739369727983475,
    0.0011274165666656493,
    0.0010981658154202028,
    0.001035569847039927,
    0.0010139445745330352,
    0.0009993704154822073,
    0.000997640276457192,
    0.0009646231518349539,
    0.0009483478859299187,
    0.0009467289742603445,
    0.0009220819059070799,
    0.0009030695533000424,
    0.0009137564010535417,
    0.0009033566957370392,
    0.0008782241537460619,
    0.0008765148599413616,
    0.0008669419267836256,
    0.000867381529295113,
    0.0008693669956431544,
    0.0008490764909989478,
    0.0008491834916994073,
    0.0008561601483025997,
    0.0008348489758642722,
    0.000831433677012999
  ],
  "val_loss": [
    0.010863674511278862,
    0.002325464180253899,
    0.0013290718680206502,
    0.0012770615079445323,
    0.0013271787522864936,
    0.0011555872856284291,
    0.0011144808689080878,
    0.0010789750962008759,
    0.001075056748135396,
    0.0010161410865389346,
    0.000998593653932996,
    0.0009817100079853643,
    0.0009568262599583571,
    0.0009278965366551477,
    0.0009132392025290273,
    0.0008936147263417668,
    0.0008880117208985046,
    0.0008680918253958225,
    0.0009192526999742657,
    0.0008572263553743739,
    0.0008692272266023149,
    0.0008493912273127771,
    0.0008598881608353752,
    0.0009159662002486624,
    0.000847301753340752,
    0.0008364049280422498,
    0.0008321214182358956,
    0.0008424919176440253,
    0.0008305287392532134,
    0.0008332604559740432,
    0.0008248029024602629,
    0.0008306404915303815,
    0.0008286471589267748,
    0.0008753133955082305,
    0.000817189614728443,
    0.0008331188994449517,
    0.0008273965509309953,
    0.0008172681931411405,
    0.0008372612961938409,
    0.0008592857716821175,
    0.0008260332564411695,
    0.0008472392148369131,
    0.0008423779354667425,
    0.0008255190496430706,
    0.0008204739405104674
  ]
}