{
  "loss": [
    0.06812699128089908,
    0.010249927369930405,
    0.004653990975713692,
    0.0031299929871050737,
    0.0026366087538301683,
    0.0024044605756148494,
    0.0022539570650899144,
    0.0021027968276570224,
    0.0019872610140583753,
    0.0018481558639252891,
    0.0018336665928611125,
    0.0017826591025284601,
    0.0017283559226644626,
    0.0016780320323762858,
    0.0016321650505330273,
    0.0015985775195851981,
    0.0015906109521226309,
    0.0015532666338164915,
    0.0015160222279846922,
    0.0014956914164465688,
    0.0015110388257478728,
    0.001509705936097494,
    0.0014421726205691527,
    0.0014195298334290904,
    0.0014294583748674938,
    0.001436686539861528,
    0.00138657740183486,
    0.001403693713265616,
    0.001385987689404379,
    0.0013642154078935482,
    0.0013486057813155668,
    0.0013460340061961702,
    0.0013519269857708888,
    0.0013652686732624523,
    0.0013480191445403842,
    0.001315056173431715,
    0.0013239770889700653,
    0.001283945106245613,
    0.0012885232658348864,
    0.0012808530781990583,
    0.0012593126584543421,
    0.0012802039197061014,
    0.0012709962280729075,
    0.0012358080096113867,
    0.0012559252228542454,
    0.001234188262826504,
    0.001239432821019472,
    0.0012116804640921798,
    0.0012275829888830788,
    0.0012154387346942027,
    0.0012189495279123252,
    0.0012202654053665078,
    0.001227523949742074
  ],
  "val_loss": [
    0.014073579197798718,
    0.003996318739208086,
    0.0018085779593700493,
    0.0014747914494506196,
    0.0014294942875583145,
    0.0014165112574200077,
    0.0014069034937854664,
    0.0014301111841683116,
    0.001406105582845839,
    0.0014042580804317381,
    0.0013939102399855934,
    0.0013608967868212263,
    0.0014237857911728001,
    0.0013541198720616679,
    0.0013608662952359389,
    0.0014246739609029679,
    0.0013554885670003871,
    0.0013673421698499352,
    0.0013661938118754843,
    0.0013507866355369025,
    0.0014021601722224697,
    0.001393099969916139,
    0.0013472814372286035,
    0.0013635809857447494,
    0.001401958488263397,
    0.0013619776354048283,
    0.0013732390372362376,
    0.001342451883485134,
    0.0013565430793294655,
    0.001369213652201204,
    0.0013534510310646017,
    0.001347475265339276,
    0.001344840128592608,
    0.0013409083382380667,
    0.0013713286025449634,
    0.0013452196099972857,
    0.001352774298436401,
    0.001348875697134827,
    0.001363467279872151,
    0.0013574405925630777,
    0.0013381681921185928,
    0.0013759493714804673,
    0.0013356631298216582,
    0.0013532205606242111,
    0.0013555772157297864,
    0.0013913021224417487,
    0.001339893149029365,
    0.0013405351458513728,
    0.0013567908407643603,
    0.0013494075509759705,
    0.0013528423147763078,
    0.0013548359801080882,
    0.0014141420354504496
  ]
}