{
  "loss": [
    0.28456813618299454,
    0.005948643705138011,
    0.0034358227851252164,
    0.00291116489662893,
    0.0018260706923619073,
    0.0013380631690019789,
    0.0007774473892850761,
    0.0006696194418647591,
    0.0006821940094222462,
    0.0006608724466544001,
    0.0005341076840047222,
    0.0007521406340275278,
    0.0004959609046882723,
    0.0006145485462774325,
    0.000564864173782739,
    0.000906083911000238,
    0.000567164405876874,
    0.0006272944960127439,
    0.0008146937491644537,
    0.0006178709934707908,
    0.0006000527831099678,
    0.0004919478529418034,
    0.0018802975465568607,
    0.0009312612769893058,
    0.0010276007453674945,
    0.0005860167117514756,
    0.0011329059516332546,
    0.0006688394902212624,
    0.0008929315804321006,
    0.0010530027356027026,
    0.000405562801748327,
    0.00038169724228634383,
    0.001641651463241729,
    0.0004854309652630449,
    0.0005024238958561443,
    0.0007688318144120938,
    0.0006111970679500889,
    0.0004330529421523491,
    0.0004133114966637385,
    0.00043219907403336345,
    0.000558396197214532
  ],
  "val_loss": [
    0.009919262542338162,
    0.00524343088637669,
    0.006183451108102288,
    0.0025336364550249918,
    0.002426021737507084,
    0.0012371750691762338,
    0.0010830641655087635,
    0.0010301659733138898,
    0.0010230491516067758,
    0.0009526773074457607,
    0.001596109871880489,
    0.0008986322388339501,
    0.0008890423232914655,
    0.0009154622752608342,
    0.0027211643755435944,
    0.0011567428969051483,
    0.0009626481882910561,
    0.0018917105805415374,
    0.0008962808514607477,
    0.0009093574135676845,
    0.0007076463252715357,
    0.005950397845091564,
    0.0009655219676730397,
    0.0025553264927661436,
    0.0013913404104391952,
    0.003494198389279728,
    0.0008056187864065498,
    0.0022298947007364624,
    0.0030660856154409574,
    0.0006554544145998719,
    0.0006486775921555339,
    0.005771521913849718,
    0.0009553621773822949,
    0.0007165394490584731,
    0.0017636149896533935,
    0.0010679244079146084,
    0.0008100810778010022,
    0.0010498655386842214,
    0.0012154219272945607,
    0.0007374063466808625,
    0.0007435570760108121
  ]
}