{
  "loss": [
    0.1365457362520446,
    0.007786644737986277,
    0.004317641355741371,
    0.0026089554236065774,
    0.0016811560597885676,
    0.0012193924857046192,
    0.0010386709334024534,
    0.0009122661995696636,
    0.0008385303317687331,
    0.0008879197853658636,
    0.0008479565653875535,
    0.000797597485085501,
    0.0007598610498985319,
    0.0007783664809378085,
    0.0008022518071761074,
    0.0007263626289358937,
    0.000735677978022673,
    0.0007260063889988258,
    0.0007438330156979459,
    0.0007428007703950122,
    0.0007724086864775356,
    0.0007260671561785353,
    0.0007893210013990139,
    0.0007666653472457654,
    0.0008112088676791259,
    0.000894387068144401,
    0.0008405164465936084,
    0.0007417976178979739,
    0.0007129503303485802,
    0.0007387054878789495,
    0.0007505772805665106,
    0.0007253714022327774,
    0.0007108975862610849,
    0.000779944914615641,
    0.0007209875372090384,
    0.0007899296194372406,
    0.0007411985014133207,
    0.0007353465533617085,
    0.0008743099247179861
  ],
  "val_loss": [
    0.011931383207913756,
    0.006909940052180659,
    0.004709120278982497,
    0.002696186549786622,
    0.0017473066176766354,
    0.0015628476670907182,
    0.0013218945939381971,
    0.0012164465653406488,
    0.001141401400110422,
    0.0012114447578839259,
    0.0013321668362419909,
    0.0010964261510702704,
    0.0010457131252701276,
    0.0011489447289871988,
    0.0010098249861167858,
    0.001011548689257827,
    0.0010214667414824442,
    0.0010802491892190928,
    0.0010321462155160241,
    0.0011695654103172253,
    0.0010097722872803555,
    0.00134163518540448,
    0.0010283494687212107,
    0.001058338968294225,
    0.0012119415052780542,
    0.0011408698303851386,
    0.001032495357286576,
    0.001047809209509943,
    0.0009786102236428642,
    0.0010064033751545772,
    0.0010135809939807456,
    0.0011394483279128101,
    0.0010164520575906772,
    0.0012006695579752861,
    0.0010360407055154937,
    0.0011147042036632807,
    0.0010918611969325423,
    0.001068863504468489,
    0.0013416973997463178
  ]
}