{
  "loss": [
    0.07838033595555013,
    0.009090984484053497,
    0.006786526097077998,
    0.005794380263181733,
    0.003918999613152835,
    0.0020149718191795796,
    0.0015684975316532324,
    0.001462866777047745,
    0.0013225430613675575,
    0.0013451393853129417,
    0.0011749117684655595,
    0.0011618183904461656,
    0.001154928871490869,
    0.0011703644192023028,
    0.0012036023121888713,
    0.0012211791132436883,
    0.0011133182403405672,
    0.0010858981692831043,
    0.0010796618621721767,
    0.001075026350425095,
    0.0011359775028587633,
    0.0010902144379336444,
    0.001113618325691834,
    0.0010975094691618732,
    0.0011198301568994696,
    0.0011662889009850033,
    0.0011161012711059376,
    0.0011420302096526043,
    0.001112202415166769,
    0.0011993674229417754,
    0.0010885852233445516,
    0.0011421769244566358,
    0.0010794874501763691,
    0.0010738715562992962,
    0.0011949951922752913,
    0.0010691451826215952,
    0.0010794231663654693,
    0.0010580598693399807
  ],
  "val_loss": [
    0.016069630023625697,
    0.008523721036777128,
    0.007312180877239631,
    0.006057056891103696,
    0.0032547377652238653,
    0.002020877614353106,
    0.00215467628009322,
    0.0018736637773520736,
    0.001615427078560036,
    0.00161510651804227,
    0.0016216117241361562,
    0.0015098983572500659,
    0.0016871243867484312,
    0.00148403911815078,
    0.0014607531275348906,
    0.001500080648864074,
    0.0014223434895300339,
    0.00147310678373701,
    0.001412918603841749,
    0.001479771220732755,
    0.0014317463997619354,
    0.0014261832805311564,
    0.001455313361428616,
    0.00141024999420893,
    0.0014091501653943112,
    0.0014215185422248237,
    0.0016209835789564048,
    0.0013951893247565533,
    0.001628915709993894,
    0.00140884992914593,
    0.0015096822475058561,
    0.0014757519226484986,
    0.0016533679812006726,
    0.0014337049742126954,
    0.001409348456470117,
    0.0014510117733516888,
    0.0015031285039945835,
    0.0014325115691756465
  ]
}