{
  "loss": [
    0.029952129554278107,
    0.01208832399299286,
    0.006414014766322318,
    0.004054424430082931,
    0.002995105665451738,
    0.002199469531618918,
    0.0015120794939067852,
    0.001258115268992681,
    0.0010754051548105738,
    0.0009616207309862468,
    0.0008270182577244524,
    0.0007993159860347099,
    0.0007173582113445684,
    0.0007022430747000263,
    0.0006915298122944955,
    0.0007060570797841779,
    0.0006248653185048406,
    0.0005842579273443995,
    0.0005794067654866929,
    0.0005419865437477976,
    0.0007900568553232826,
    0.0006545117040960795,
    0.0006045460237700214,
    0.00046803454970295767,
    0.00047062275715699137,
    0.0005071253079803077,
    0.0004975320042352494,
    0.0005279758396905388,
    0.0005875992038578413,
    0.0004594896485159094,
    0.0005854330896860326,
    0.00046249063090233057,
    0.0006042869972809826,
    0.0004165381931636001,
    0.0004777911840372615,
    0.00042230376601128306,
    0.0003991474057523516,
    0.0004068535375431041,
    0.0004630206154853955,
    0.00039341995740016907,
    0.0003958622183277557,
    0.0004474194695650465,
    0.000544177423916266,
    0.0004143958981169092,
    0.00044768569100356645,
    0.00037906936350955443
  ],
  "val_loss": [
    0.0033931019869479504,
    0.004011615706546293,
    0.0005839648010505997,
    0.0010079042419949853,
    0.0007672820887579531,
    0.0004176811588887166,
    0.00042297753759987325,
    0.0004395873661301416,
    0.0004451370405949202,
    0.0004528353916951916,
    0.00041376099445867345,
    0.0004951657604548958,
    0.0004167808056681079,
    0.0007811330670137777,
    0.0006534367467783351,
    0.00042965272818896717,
    0.0004410460040582201,
    0.00041394542159440997,
    0.0004018742238058821,
    0.0009113263139235121,
    0.0011230397203190069,
    0.0006539157309037234,
    0.0004297599278308533,
    0.0004066325145886167,
    0.0003750166973447079,
    0.0004098096591865664,
    0.0004412091646092729,
    0.0008767155142357716,
    0.00045316862159889643,
    0.0006792111479636322,
    0.00037052373019313175,
    0.0005483613394272442,
    0.0003870940699426273,
    0.0006414813374599012,
    0.00039561820065520787,
    0.00035379002232790237,
    0.00040875104541255794,
    0.0005612105491269216,
    0.00035484115513819423,
    0.00036419064201834194,
    0.0004726882786029479,
    0.0004353792848613031,
    0.0004772323402473805,
    0.000576557629616358,
    0.00036924689781729257,
    0.00045423307852655815
  ]
}