{
  "loss": [
    0.04823316402821094,
    0.0040163026066548976,
    0.0018925104090329553,
    0.001600537064321092,
    0.0015534110756161871,
    0.0015292883583264878,
    0.0014947106170648445,
    0.0015606269422011616,
    0.0015813996852822537,
    0.0015083133847652618,
    0.0015623668967754325,
    0.0014876392519631364,
    0.0014902756065471557,
    0.0015053492036191372,
    0.0015377342905345361,
    0.0016631627179857793,
    0.0015073153434116491,
    0.0014573966547518475,
    0.0014470549597751096,
    0.0015170916879994967,
    0.001571815181157859
  ],
  "val_loss": [
    0.007597817040207673,
    0.0026960795906995857,
    0.0019096552556724985,
    0.002065985087247915,
    0.0018477790424188062,
    0.002022021532930037,
    0.0019052300810245197,
    0.0019426149601789833,
    0.00205464274179013,
    0.0021252087226100998,
    0.0018296218261967937,
    0.001977340485874553,
    0.0018837650166954897,
    0.001858081403501457,
    0.0019161962787946816,
    0.0025898942473430594,
    0.0018463339623982081,
    0.0018372028839124851,
    0.0018935070160505066,
    0.0021416666534017116,
    0.0019033177350112954
  ]
}