{
  "loss": [
    0.08843118573228519,
    0.02961779882510503,
    0.017104050041072898,
    0.011635748307324119,
    0.008007051914723383,
    0.006273327731630868,
    0.004978549576157497,
    0.003935968063564764,
    0.003394464962184429,
    0.0029703598831676776,
    0.002834080511497127,
    0.0024168568779714406,
    0.0022282585010139477,
    0.00216296105645597,
    0.002096214111790889,
    0.0017777724877103334,
    0.0016672194340369767,
    0.001620797511552357,
    0.0015435415682279402,
    0.0014168463078223998,
    0.0013422537659708825,
    0.0012679000760221647,
    0.0011935461920479105,
    0.0012507627834565938,
    0.0011582039878703654,
    0.00118462724559423,
    0.0011328593181032273,
    0.001181482615518487,
    0.0010466917980617534,
    0.001015904928661055,
    0.00096613204287779,
    0.0009227663459670213,
    0.0009739793442551874,
    0.000943755203883888,
    0.0009024125627345509,
    0.0008725605730433017,
    0.0008699521972125189,
    0.0008905958351937847,
    0.0009542079804102994,
    0.0009003325960495406,
    0.0008255437747316642,
    0.0008475970017672,
    0.0008293002740376525,
    0.000806887679371155,
    0.0008077275609442344,
    0.0007981626776098791,
    0.0007911514225674586,
    0.000789526242038442,
    0.0008055504844782667,
    0.0008356777996393956,
    0.000812868180219084,
    0.0007950040938643118,
    0.0007691680673613317,
    0.0007281198987685558,
    0.0007331865975478044,
    0.0007501209329348058,
    0.00072886464638739,
    0.0007283409488283925,
    0.0007130587602862053,
    0.0006991430935967299,
    0.0007545364658451743,
    0.0007379703973937365,
    0.00069257586922807,
    0.0007558992527063108,
    0.0006914002652693954,
    0.0006759148592310441,
    0.0006899231359259122,
    0.0007048220593585736,
    0.0006976880993331886,
    0.0006908190181194288,
    0.0007022428973060516,
    0.0006621145568917402,
    0.0006743229524646369,
    0.0006712329179410719,
    0.0006587111824450807,
    0.0006790478445408451,
    0.0007263784419693467,
    0.0006600865373103362,
    0.0006299310173037358,
    0.000639440567788875,
    0.0006371261390288257,
    0.0006278642411214403,
    0.000639772658663181,
    0.0006361522052126626,
    0.000631835787013794,
    0.0006586555165186939,
    0.0006596976503108939,
    0.0006041576464970907,
    0.0006293863294154613,
    0.0006444288462969578,
    0.0006325939288621561
  ],
  "val_loss": [
    0.015409488384881296,
    0.007365108518951031,
    0.005364583097090406,
    0.004368781348172134,
    0.0037930229006555784,
    0.0029419754944823824,
    0.0025595990086574693,
    0.0022200425533890804,
    0.001957014729666521,
    0.0017776832051226259,
    0.001730185020689342,
    0.00159020626342781,
    0.001505118735729827,
    0.0015633058100528296,
    0.0014480234835086488,
    0.001374335616401117,
    0.001207755472236531,
    0.0011657748397660363,
    0.0013626367370046409,
    0.0012160046173634198,
    0.0011510926038385998,
    0.0011070860420243388,
    0.0010668234482725707,
    0.0011014092153004953,
    0.0011841047044648448,
    0.0010231193514238048,
    0.001184346748595498,
    0.0009913426627002184,
    0.0010383735922711694,
    0.0009348946139242079,
    0.0009119533962562434,
    0.0011483665245274703,
    0.0010970878349386218,
    0.0009417640036946937,
    0.0009126438632268797,
    0.0008899331722695883,
    0.0010075527936035443,
    0.000957225398712127,
    0.0009355120984298631,
    0.0009088033647340601,
    0.0009002135300074933,
    0.0009550598620619245,
    0.0010290131070356068,
    0.000855123907065958,
    0.000888850784298679,
    0.0009805650293786008,
    0.0009739032892648839,
    0.0009892199611157876,
    0.0008755795376698586,
    0.000874491922234085,
    0.0008762256096735515,
    0.0008548640549188024,
    0.0009583507461817139,
    0.000877205023642106,
    0.000841688445882138,
    0.0008010779585709831,
    0.0008631518117688371,
    0.00083891113100127,
    0.0008259799979888826,
    0.0008112519001973069,
    0.0007878823937673748,
    0.0008482752914974061,
    0.0008502094493280922,
    0.00088595921082612,
    0.0008076686527869938,
    0.0007743015407505073,
    0.0008081274659349775,
    0.0008012336382473057,
    0.0008176294419678446,
    0.0009059500585492321,
    0.000938887802496573,
    0.0007927434697885774,
    0.0007585973575706119,
    0.0007577126027282441,
    0.0008310690241899167,
    0.0008180954472095123,
    0.00089913002021621,
    0.0008380950980796671,
    0.0007659150989849336,
    0.0008573932810519763,
    0.0007372391134367091,
    0.000828527684128502,
    0.0007718267799906699,
    0.0008040076936595142,
    0.0007732757468215259,
    0.0008285915902071728,
    0.0007707273458341039,
    0.00084627590612983,
    0.0007687216405256475,
    0.0007691684604902077,
    0.0007546654813884458
  ]
}