{
  "loss": [
    0.10910113042013513,
    0.015349005348980427,
    0.007020500204008486,
    0.003783987472868628,
    0.0029841322814010912,
    0.002667782905821999,
    0.002292509410633809,
    0.0020318442968548173,
    0.0018331191321421,
    0.0016923543363292185,
    0.0016478728179612921,
    0.001447361454160677,
    0.0014174731008501516,
    0.0013034283636241322,
    0.001210203180865695,
    0.0012174830577957134,
    0.001148792640176705,
    0.0010706556915667737,
    0.0010570277550464703,
    0.0010132884878354769,
    0.0009945762544197754,
    0.0009130191724074797,
    0.000912684494526022,
    0.0008943114791893297,
    0.0008849600045424369,
    0.0008445505356778287,
    0.0008374493336305022,
    0.0008027444095609502,
    0.000807410969476526,
    0.0008025109224642316,
    0.0007938661405609713,
    0.0007741093512676242,
    0.0007690380702519582,
    0.0007717922918446776,
    0.0007691761873300291,
    0.0007451950772924142,
    0.0007243912938671807
  ],
  "val_loss": [
    0.023300221638841243,
    0.006053684588480669,
    0.0016988202468966732,
    0.0009248434186248576,
    0.000798374889726358,
    0.0007485881187701623,
    0.0007370861950163671,
    0.0007079141843068534,
    0.0007095157352247925,
    0.0006597364310447137,
    0.0007094968874879776,
    0.0006578123830669346,
    0.0006363116480222808,
    0.0006264647213644643,
    0.0006381915854970019,
    0.000594957369910784,
    0.0005997975442504649,
    0.0006686482481022183,
    0.0005920614212425554,
    0.0006041398954054356,
    0.0006741621105331343,
    0.0005833551266163936,
    0.0005868070612317747,
    0.0006228313045627527,
    0.0006350703762277202,
    0.0005938708289916378,
    0.0005760717022260933,
    0.0005809408102630953,
    0.0005854385248808699,
    0.0006781619607558161,
    0.0005924570733057873,
    0.0005908872232741622,
    0.0006243964652697615,
    0.0006193098467492471,
    0.0005814043279691053,
    0.0005889907294881759,
    0.0005864020326038817
  ]
}