{
  "loss": [
    0.014472065688363765,
    0.0122267431174518,
    0.012105476820047855,
    0.009183515182739457,
    0.004019949307652894,
    0.003099222287379419,
    0.002594823527990719,
    0.0021985476120081103,
    0.0020896744538123247,
    0.0019831927046570393,
    0.001896700938232243,
    0.0018366003992903574,
    0.001828525581543085,
    0.001797782233196658,
    0.0017154336894120174,
    0.0016539854637941317,
    0.0016772081569725315,
    0.0016324609750881791,
    0.0016200858448420304,
    0.0015791868806403402,
    0.0015526908170226262,
    0.0015035094102745913,
    0.0014552545055302958,
    0.0014842521582234642,
    0.0014193370549222064,
    0.001414133519320759,
    0.0014515551529767168,
    0.001431107948632874,
    0.0013613598485462878,
    0.001391151836697037,
    0.0013302267386699322,
    0.001330113948413292,
    0.0013120996945683596,
    0.001281731330021747,
    0.001270046837886931,
    0.0012622001173054887,
    0.001266941541258994,
    0.00127564005745949,
    0.0012316058841626474,
    0.001196948586290838,
    0.001182472341998211,
    0.0011724969220016702,
    0.0012434180610079244,
    0.001153134270858998,
    0.0011698981854451973,
    0.0011633497004954363,
    0.001192179264523352,
    0.001206118163856252,
    0.0011764525528380413,
    0.0011403666241258943,
    0.0011784758627472267,
    0.0011350835166731746,
    0.0011225734776704188
  ],
  "val_loss": [
    0.021216627792947845,
    0.02165115569364831,
    0.020988668709184203,
    0.01003310395068422,
    0.006875103491270449,
    0.006733934986122656,
    0.005586498015335589,
    0.005401587614865792,
    0.004961004765928895,
    0.005314636170635544,
    0.004779018542817328,
    0.004466838981333611,
    0.004753868974028064,
    0.0043092320762819,
    0.004215497759989186,
    0.004235236878586967,
    0.0037682599152276774,
    0.0036070862171215193,
    0.003830651780399947,
    0.004019642117392529,
    0.003622900004819172,
    0.0037066012396633477,
    0.0036237047519206435,
    0.003451932770724189,
    0.0035329472827915582,
    0.0033639448532987023,
    0.0032567132915579024,
    0.0034106947100367947,
    0.0032321144693711057,
    0.003284189303810163,
    0.0032557709996715945,
    0.0032554790438369587,
    0.003502351877165299,
    0.003182519858109283,
    0.003229228979336526,
    0.0031401979183969947,
    0.0032616054316738302,
    0.0033185175445642747,
    0.003274638431208479,
    0.0031976739008029546,
    0.003406744440150551,
    0.003185045237952452,
    0.0030116277557373445,
    0.003198516865954465,
    0.003363092150473481,
    0.0033584278047660153,
    0.0032181023248656535,
    0.003566726787693599,
    0.003271356481488673,
    0.0031987203266051283,
    0.0032390584897943504,
    0.0031435402285580867,
    0.003355902888121186
  ]
}