{
  "loss": [
    0.012918102368712426,
    0.011848462839503731,
    0.011871753234119542,
    0.008330281138156368,
    0.005485911147289835,
    0.003412969384457817,
    0.002914449109374422,
    0.0026300628039062812,
    0.0025045298674531216,
    0.0024632643158259116,
    0.0023776263167537685,
    0.0023802808465320717,
    0.002385674864136144,
    0.0024504365873382946,
    0.002246252267283544,
    0.0022396542412121737,
    0.0022981264570777395,
    0.0021617251048606317,
    0.0021410715146056186,
    0.0021240583165606434,
    0.0021204720172965158,
    0.0020698536344004414,
    0.0020975705903781726,
    0.002089573001175855,
    0.0020220796927908615,
    0.0020583255261809163,
    0.0021417508482834144,
    0.002024131393538112,
    0.0019380641524243145,
    0.0019670374225825072,
    0.0020018080377176535,
    0.0020042725492565505,
    0.001975184036171542,
    0.001933787051027855,
    0.0018827181363033246,
    0.001914364153074216,
    0.0019187404759706253,
    0.001925642162858121,
    0.0019351152002613629,
    0.0018868864538659036,
    0.0018580428102111394,
    0.0018738715691013937,
    0.0018858764588470217,
    0.0018424676096610792,
    0.0018125406734282729,
    0.0018910174066431623,
    0.0017875119637846288
  ],
  "val_loss": [
    0.02176561723039909,
    0.020674190102991732,
    0.018202002795243807,
    0.013671079671687701,
    0.007829622365534306,
    0.007126208564097231,
    0.006818326105448333,
    0.006029262143949216,
    0.00567552134055983,
    0.005532245892523365,
    0.0058976855256002055,
    0.0056578656658530235,
    0.005400354952805422,
    0.005337445552206852,
    0.005100717408243905,
    0.005167599344118075,
    0.005075657676736062,
    0.004779232147319073,
    0.0051677940752018585,
    0.004748901690949093,
    0.0046546491476791825,
    0.0046738619408146906,
    0.00491013201165267,
    0.004826723005283962,
    0.0046270166693085975,
    0.004726275653493675,
    0.004822958218441768,
    0.0044198659862476316,
    0.004603816746649417,
    0.0046984470999715,
    0.004408309670080515,
    0.004784710916944526,
    0.00443300038618459,
    0.004322345199232752,
    0.004620360485701399,
    0.004395428822714497,
    0.004242229846898805,
    0.004763835596598007,
    0.004497603947212073,
    0.0045518511482937766,
    0.004558602273887532,
    0.004624328237365593,
    0.004420421223833479,
    0.004606237846680663,
    0.004712976494126699,
    0.004813582477667792,
    0.004777540346946229
  ]
}