{
  "loss": [
    0.0117982128011432,
    0.00411722294428275,
    0.00162487811735105,
    0.0012786529642336956,
    0.0011376428461965945,
    0.0011180529624248326,
    0.0010462934985174285,
    0.0010275521836682563,
    0.0010036727319172039,
    0.0009929687824789517,
    0.0009713144881121552,
    0.0010260865625634067,
    0.0009531083622935027,
    0.0009391458910717608,
    0.0009140275748003488,
    0.0008719019809253677,
    0.0008734157069438519,
    0.0008733679070691312,
    0.0008530802610391824,
    0.0008308137627010796,
    0.0008487393958535094,
    0.0008480718798344618,
    0.0008228912769554241,
    0.0008191119141503348,
    0.0007943673449104841,
    0.0007977412517658447,
    0.0007780618375343669,
    0.0007852255072370828,
    0.0007827629110086627,
    0.0007785431659136312,
    0.0007905167895717965,
    0.0007692784297132314,
    0.0007631532285805578,
    0.0007484441328207071,
    0.000764488023736551,
    0.0007540563399398839,
    0.0007450179018424865,
    0.0007396074948885728,
    0.000732521301992894,
    0.0007663272414561608,
    0.0007592404224819582,
    0.0007391989211621592,
    0.0007244810440458587,
    0.0007334805322946398,
    0.0007281149748306606,
    0.0007328083334564507,
    0.0007392609364759292,
    0.0007199843611572315,
    0.0007236275081379166,
    0.0007153894374298859,
    0.0007124178491056884,
    0.0007166771644353047,
    0.0007155389980400711,
    0.0007300659917738075,
    0.0007222080260662912,
    0.0007232846766053843,
    0.0007179880270627758,
    0.0007305501909959356,
    0.0007203414056671677,
    0.0007191084016582186,
    0.0007142124322934346
  ],
  "val_loss": [
    0.014037714946326338,
    0.004391743999798926,
    0.0029477680330908225,
    0.0026222830335022648,
    0.0026049129717072854,
    0.0024270468619091213,
    0.0023470577064520714,
    0.0022214945279849635,
    0.0021503320021205256,
    0.0021108368011217575,
    0.0021599410411560025,
    0.0020496033762088593,
    0.0019955123743402355,
    0.002010809704374407,
    0.001953406205612133,
    0.0019651288085118855,
    0.0018674287702418677,
    0.0019115507237467111,
    0.0018491000537069237,
    0.001814235232676528,
    0.0017691563540307874,
    0.001756759818267672,
    0.0017386643781459757,
    0.001738951060495728,
    0.0017229699962107198,
    0.0017156298829931296,
    0.001696121398586498,
    0.001683689688765431,
    0.0017767851612679347,
    0.0016723787881621794,
    0.001724358308598587,
    0.0016303288584695059,
    0.001620703779228804,
    0.0016490516115204334,
    0.0016667156588515732,
    0.001649027308110012,
    0.001616632801947557,
    0.0016082044956939562,
    0.0016225910610558481,
    0.0016075142454460305,
    0.001642534824633444,
    0.0015702431875408865,
    0.0015604103897784312,
    0.0015953080262336619,
    0.0016087771426620229,
    0.001575977367698541,
    0.001565676647191476,
    0.0015632471989928966,
    0.0015501509119263466,
    0.0015530228436760167,
    0.0015498895859424055,
    0.0015594514236193285,
    0.0016009873565135091,
    0.0015538368235193506,
    0.0015751323887702672,
    0.0016097059083387715,
    0.001632751726756702,
    0.0015567595381107107,
    0.00158122159033252,
    0.001555024155452117,
    0.0015530771352820286
  ]
}