{
  "loss": [
    0.011877379771198657,
    0.01124073662250313,
    0.009186685421230646,
    0.008149627527884036,
    0.004088448755089481,
    0.002197701882141299,
    0.0019225009723214913,
    0.0018683415190491489,
    0.0018067446569182291,
    0.0017506458892674077,
    0.001704356835067486,
    0.0016694051312245676,
    0.0016448485323743974,
    0.0016470688219422734,
    0.0016191395799882266,
    0.0016012393590371242,
    0.0015809354645757222,
    0.001563503363511009,
    0.0015470792027498712,
    0.0015654661418216314,
    0.001527401484666232,
    0.0015130329228501774,
    0.0015157782577006988,
    0.0015073583471109766,
    0.0014723027471420058,
    0.0014584795624289094,
    0.0014518503582302408,
    0.00144448937035102,
    0.001463711715229349,
    0.0014367606068363056,
    0.0014157923237085508,
    0.0013940639218220912,
    0.00140082862559155,
    0.0013856273463661998,
    0.00136915791094114,
    0.001361093208683083,
    0.0013718933071612193,
    0.0013702131915224868,
    0.0013593776359697742,
    0.0013438796964278712,
    0.0013372649039320697,
    0.0013456600225812223,
    0.001336443231638447,
    0.0013429449293988595,
    0.001330030947783859,
    0.0013254768647372756,
    0.0013147873849716967,
    0.0013170522459315971,
    0.0013176008828177587,
    0.0013888423830151525,
    0.0013984904917487442,
    0.001309154016350213,
    0.001315569971990309,
    0.0013177860936840738,
    0.0012971619642123777,
    0.0012937386493994207,
    0.0013047302294436176,
    0.0012957891261731387,
    0.0012929639881826263,
    0.0012939501363603155,
    0.0012798094611088631,
    0.0012870466289065252,
    0.0012924095707746103,
    0.0012963389163676477,
    0.001304878681902229,
    0.0012992680927010759,
    0.0013023413930532356,
    0.0012773592723019536,
    0.001277122702182293,
    0.0012764221404228877,
    0.0012799084113569515,
    0.0012820251613945822,
    0.0012711934656908048,
    0.0012787808800860418,
    0.001296037378172014,
    0.0012832172513090353,
    0.0012826437640433544,
    0.0012725194263637938,
    0.0012680009261357534
  ],
  "val_loss": [
    0.016340343573239692,
    0.015209567243803413,
    0.01623255456961975,
    0.011536985691584258,
    0.00489188037314866,
    0.004809888291740146,
    0.004288507926597014,
    0.004213007554321252,
    0.004061715020922936,
    0.0040275516037399685,
    0.0038782266418190808,
    0.0038418885601529448,
    0.0036412847383678146,
    0.0037677084464889823,
    0.0036896272122069183,
    0.0035966808003950104,
    0.00359954349847697,
    0.003585350431754071,
    0.0034289163598404575,
    0.0033449989785236662,
    0.003425365873469284,
    0.003302755633931297,
    0.003448060279737039,
    0.003290936243602131,
    0.0032419490827279027,
    0.003292773193147753,
    0.003209607926728033,
    0.0031285946400591786,
    0.003150488326637329,
    0.003159017175500385,
    0.003163497980548744,
    0.0030621047818386988,
    0.0030686560709867494,
    0.003081685562955665,
    0.00303220340873053,
    0.0030036467343912956,
    0.003092477357866208,
    0.0030097842527808272,
    0.0029630232319939878,
    0.0030100183804126716,
    0.0030062261005674392,
    0.0029751587644671266,
    0.0029234212513865932,
    0.002942275363467213,
    0.0029014874044779493,
    0.00294211962554546,
    0.0029600572810746066,
    0.0029212462002206566,
    0.003075735797358175,
    0.0032145589434414345,
    0.0029575551811760695,
    0.0029201277340230323,
    0.002869292847222382,
    0.0028813785665809098,
    0.0028461573437928143,
    0.0029347758291601842,
    0.0028413281346144543,
    0.0028365132752254246,
    0.0029184887071083626,
    0.0028395324532331425,
    0.002846011773247025,
    0.0028570590981470134,
    0.0028755314919404022,
    0.002804258215334398,
    0.0028178267274840047,
    0.002843733416208196,
    0.002850923509887395,
    0.0028868975074783135,
    0.0027913411536381405,
    0.002861587544482816,
    0.0028154165474159384,
    0.002805309407268513,
    0.0028391538926088927,
    0.002902604848388136,
    0.0028059720810455478,
    0.0028249916738117237,
    0.0028155792508818135,
    0.002809679634837573,
    0.00281501220662688
  ]
}