{
  "loss": [
    0.013811565581214639,
    0.012628435102843606,
    0.012391810244427318,
    0.007160859033300549,
    0.003917607092257358,
    0.003305630921592227,
    0.0030642079440794424,
    0.0029926893709276894,
    0.002822167855745132,
    0.0025574366409595295,
    0.0024976912498540053,
    0.0024996103100742386,
    0.002416547747180525,
    0.0024609938877906685,
    0.0023512758331093115,
    0.0023488347595804824,
    0.002289582950689426,
    0.0022745388733074728,
    0.0022968231432502514,
    0.0022798788857407277,
    0.0022419678541806946,
    0.0022195206489413976,
    0.0022357696510719514,
    0.0022256714877037878,
    0.0021094045882006133,
    0.0020997394675768056,
    0.0020736844458131005,
    0.002050441524541352,
    0.002004407256619131,
    0.00200811003981801,
    0.00201295642141022,
    0.001998575118708268,
    0.001950885605610973,
    0.0019185520424219095,
    0.001961084912053054,
    0.0019304952534756302,
    0.0020498730238131453,
    0.0019145709384166825,
    0.0019198497961300004,
    0.0018855374178692566,
    0.0018711825443299866,
    0.0018648508338636792,
    0.001858972642257546,
    0.0018667407218465762,
    0.0018424621498855079,
    0.0018961846758405456,
    0.0018495250746723166,
    0.0018353645273574948,
    0.0018354231528772981,
    0.001863519947736862,
    0.0018434204315700758,
    0.0018722979465202816,
    0.0018405952321909433,
    0.0018160937893806042,
    0.0018409616453985197,
    0.0018017192552509033,
    0.001824621677983849,
    0.0018165969936819995,
    0.0018275628573121091,
    0.001844233536136757,
    0.0018327927839142822,
    0.0018057364900390396
  ],
  "val_loss": [
    0.022425604645501484,
    0.0219825878739357,
    0.02037725792351094,
    0.009520633273165335,
    0.007926613473418083,
    0.007308972576125102,
    0.007144445489922708,
    0.006452079364945265,
    0.0060554145496677265,
    0.005838241533968936,
    0.006065450195985084,
    0.005453774747862058,
    0.0057082495821470566,
    0.005683415315367959,
    0.005326182327487252,
    0.005114544362930412,
    0.005320613748732616,
    0.005111914805390618,
    0.0050387678837234325,
    0.005115824455226009,
    0.005438580474054272,
    0.004847150380638513,
    0.004726744860156693,
    0.0049814440056004305,
    0.004668702329085631,
    0.004597599649886516,
    0.004696911772374402,
    0.004614592889662494,
    0.0045585302022201095,
    0.004520529066212475,
    0.004528019206852398,
    0.004537756067954681,
    0.004322849309325896,
    0.004215284303592687,
    0.0043735266345637765,
    0.004220192680474032,
    0.004339320563965223,
    0.004368356979367408,
    0.004184566173617813,
    0.004260214532471516,
    0.004132307335649702,
    0.004378950350325216,
    0.004164327994327654,
    0.004123998795297335,
    0.004298183791847391,
    0.004145087769509039,
    0.00413947575725615,
    0.004107733415863054,
    0.004089224512096156,
    0.004038544953800738,
    0.004286855766126378,
    0.00401803255292841,
    0.004058802405118265,
    0.004243148575452241,
    0.004107278739948842,
    0.004172793822363019,
    0.004076919634826481,
    0.004184660131365738,
    0.004071775559251281,
    0.004038275113667954,
    0.004118837405588816,
    0.0041320655727759
  ]
}