{
  "loss": [
    0.013688956367647859,
    0.010453145904261373,
    0.005751199577011923,
    0.002117069495230552,
    0.0015190004250075718,
    0.001302917480534394,
    0.00120863351249854,
    0.001155281155000929,
    0.0011036450062808683,
    0.001060231146248804,
    0.0010382087887900713,
    0.0009906746564527342,
    0.0009540595071152313,
    0.0009292039803807759,
    0.000906304932622001,
    0.0008944233404041683,
    0.0008874648481931554,
    0.000897306949310497,
    0.0008934183565218675,
    0.0008512072844660558,
    0.0008294122302822671,
    0.000859782527793724,
    0.0008305338989853005,
    0.000808769124785709,
    0.0008145155867721705,
    0.0007986958300703028,
    0.0008025212784703936,
    0.0008344603333691964,
    0.0007874573059872383,
    0.0007676964643152865,
    0.0007691083109264759,
    0.0007675200021243141,
    0.0008379098969011153,
    0.0007721259953589527,
    0.0007613020638282932,
    0.0007966992077068939,
    0.0007569232189387805,
    0.0007404946609777665,
    0.0007446930751959396,
    0.0008372829577758383,
    0.0008598822953655397,
    0.000812700802218251,
    0.0007324077582831949,
    0.0007327924669199184,
    0.0007274704200158199,
    0.0007272649249718381,
    0.0007087558691004201,
    0.0007444001158334249
  ],
  "val_loss": [
    0.019960354069242625,
    0.016070351343737597,
    0.004783332223302217,
    0.0038129338441567928,
    0.003269611670979995,
    0.003025208800738933,
    0.002846957336986015,
    0.0026349720854249572,
    0.0025688324597108515,
    0.002479258460039664,
    0.002392385660733308,
    0.0023585471712021517,
    0.0022114566338172896,
    0.002137297278541435,
    0.002080351987877125,
    0.0020862528542317555,
    0.0023994082571933417,
    0.002067566705158069,
    0.00200540351607062,
    0.001972276280133226,
    0.002058325442015937,
    0.0020292473331495536,
    0.0020034277152285733,
    0.0019295750308458378,
    0.001985349775231978,
    0.0018286692410321378,
    0.001861742972552839,
    0.001970949486558031,
    0.0017691522142758557,
    0.0017528471514760028,
    0.001776974130401007,
    0.0018256087311353086,
    0.0017785664679774759,
    0.0018180989081833083,
    0.0018220372730866075,
    0.0017467000445413614,
    0.0017542978614980892,
    0.0016447312918593403,
    0.0018334444573133433,
    0.0019172290157453687,
    0.0018904670663386666,
    0.0017804319827480852,
    0.001701820106310796,
    0.001679326693595228,
    0.0017236996280989435,
    0.001646004883306367,
    0.0018560351179103974,
    0.001751545329802573
  ]
}