{
  "loss": [
    0.011568613888197382,
    0.008872415919617658,
    0.004471181763965689,
    0.0019988485752985303,
    0.0014439704188499863,
    0.0012705962003116877,
    0.0012365005415221546,
    0.0011380757492127447,
    0.0011490381168673786,
    0.001117085510845178,
    0.001000967535885497,
    0.0009277452563893207,
    0.0008813136529413538,
    0.0008691221960938312,
    0.0008056946262769716,
    0.0007924902380745805,
    0.0007745278433529319,
    0.0008328790738719554,
    0.0007813874809202594,
    0.0007292430423213248,
    0.0007155174668222456,
    0.0006916651659658258,
    0.0006560867342402713,
    0.0006442908074667441,
    0.0006216062703432227,
    0.0006761081938133378,
    0.0006317700288901237,
    0.0006078074950213269,
    0.0006078980907364945,
    0.0005855005903458091,
    0.0006052955762076546,
    0.0005931826611705334,
    0.0005720489171438549,
    0.0006034108744540685,
    0.0006258892326641985,
    0.0005762197961046977,
    0.0005932452163698388,
    0.0006002536409167232,
    0.0005498121281049516,
    0.0005563758338250639,
    0.0005693067796528339,
    0.000552594855191632,
    0.0005785318691624512,
    0.0005748464798056324,
    0.0005405347615572244,
    0.0005576262401390664,
    0.0005779200213843249,
    0.0005614508663199212,
    0.0005606444393494494,
    0.0005493291365113896,
    0.0005634310138805336,
    0.0005560627655604933,
    0.0005490163379696421,
    0.0005341583131615754,
    0.0005643586808500785,
    0.0005946863322964751,
    0.0005456217028476088,
    0.0005665584655911465,
    0.0005850803047995752,
    0.0005531070030845282,
    0.0005731222098430907,
    0.0005568781351952643
  ],
  "val_loss": [
    0.018864469267115744,
    0.010736169573179754,
    0.00424130822079225,
    0.0033618460920530075,
    0.002822149078642648,
    0.0025390525896091783,
    0.002320813598480679,
    0.0021650006873637187,
    0.002309604068598892,
    0.001967426332874047,
    0.0018810728485513916,
    0.0017191555114286071,
    0.0016660914546940163,
    0.0015586431088789716,
    0.0015898740677391934,
    0.0014838052285294043,
    0.0014343525214099934,
    0.0015773217937799806,
    0.0013502032649521222,
    0.0012811634913295008,
    0.0013168708371862187,
    0.0012558873563318113,
    0.0012237961243385417,
    0.0011990815999413003,
    0.0011548791617264336,
    0.0011980509455055623,
    0.0011393280411087102,
    0.0011085833588032332,
    0.0010877246705050367,
    0.0011074703190652603,
    0.001115501763340731,
    0.0011215733208787217,
    0.0010745080331647405,
    0.001223009109936717,
    0.001102294951063378,
    0.0010768737820856398,
    0.0011691479961902901,
    0.0010625485326917893,
    0.0010566168120677204,
    0.0010622673116457862,
    0.0010618934955437507,
    0.0010371443775857086,
    0.0010866012366348098,
    0.0010679039795877796,
    0.0010471734154563627,
    0.0010742380195323316,
    0.001075182415417515,
    0.0010758259703727783,
    0.0010541680733303868,
    0.001080899753649433,
    0.0010573359280460458,
    0.0010359744566060894,
    0.00104265060150923,
    0.0010454028587288864,
    0.0010778842452918726,
    0.0010525334708382215,
    0.0010386777176084672,
    0.001078502389839096,
    0.0010396841495277037,
    0.0010625114417296714,
    0.0012042808753578772,
    0.001043188564190589
  ]
}