{
  "loss": [
    0.011696786081916849,
    0.0073531695615342806,
    0.002841731313694741,
    0.0015983232215020648,
    0.0013471799525497875,
    0.0013035556783532382,
    0.0011498396527546812,
    0.0010673035703546985,
    0.0010565188516613463,
    0.0009854666800172605,
    0.0008982686279997439,
    0.0008637298072334117,
    0.0008152255076836323,
    0.0008379250205725326,
    0.0007550071467461825,
    0.0007225348848626542,
    0.0007698310212835564,
    0.0007145200047681344,
    0.0006781733057028811,
    0.0006187696019712258,
    0.0006483137864999892,
    0.0006063071335337951,
    0.0005781377266443164,
    0.0005921445267183155,
    0.0005661449345930571,
    0.0005472774919069988,
    0.0005980815244904182,
    0.0006169277771284253,
    0.0005134273341751959,
    0.0005433762406694217,
    0.0005169461643598764,
    0.0005292582004265466,
    0.0004991794301813442,
    0.0004917142640563174,
    0.0005234700675174909,
    0.0005062413127259941,
    0.000517573874955341,
    0.0005377830583339846,
    0.0005024991393364756,
    0.0004885257656266256,
    0.0004969143852243908,
    0.000498846922607594,
    0.0005611450219540004,
    0.0005077721274779244,
    0.00047158554662019014,
    0.00046347904602774014,
    0.0004595434686667483,
    0.00047292747751245616,
    0.000480309446853861,
    0.0004754776256421292,
    0.00047208917815841627,
    0.000484430523831922,
    0.0004987416175705656,
    0.00047925304995298805,
    0.0004808540270716267,
    0.0004678080051081439,
    0.0004618525837915359,
    0.0004771061653179497,
    0.0004917692465209205
  ],
  "val_loss": [
    0.017035148621604428,
    0.010052102706369075,
    0.004410160652117273,
    0.003256822638369722,
    0.0030943640428413143,
    0.002697442165268949,
    0.0026796962812220336,
    0.0026630841172170204,
    0.0023804574069312082,
    0.0020549146025363543,
    0.0019985759297812453,
    0.0020946850492905137,
    0.0019083570528973164,
    0.0016402766373861768,
    0.001583998576691114,
    0.0018035215481741135,
    0.0016416617143670273,
    0.0013940466731115551,
    0.0013736422728440156,
    0.0013285461184308557,
    0.0015091680298564571,
    0.001438012293945769,
    0.0012092196461276343,
    0.0011955247232664438,
    0.00117791984321331,
    0.0012812916886623346,
    0.0012833798439476076,
    0.0011197954716093256,
    0.001136426425957792,
    0.0012122996693851645,
    0.001211734009287502,
    0.001238673672407824,
    0.001058455399893141,
    0.001054949656534711,
    0.0010495995653938897,
    0.0011011889889217163,
    0.0010487517213849506,
    0.0010573460158564193,
    0.0010817709369793035,
    0.0010454589738406492,
    0.0010634215058259375,
    0.0011205159344934135,
    0.0012426030888435479,
    0.001062029666350582,
    0.0010698919468065048,
    0.0010682420353743368,
    0.001148895177451696,
    0.0010688429107816692,
    0.0010434365457355685,
    0.00105316540117079,
    0.0011361769749132615,
    0.0010972580584364439,
    0.0010649053361683086,
    0.001063802114014082,
    0.0010748263575297951,
    0.00110707749864971,
    0.0012418831628357066,
    0.0011269904070861595,
    0.0011905920867386728
  ]
}