{
  "loss": [
    0.013240900658162781,
    0.008178816865408825,
    0.0018096982432642367,
    0.0010288264981258854,
    0.0008468377017297289,
    0.0007805832965883509,
    0.000729794770722067,
    0.0006853259920503816,
    0.0006668186708039742,
    0.0006177168039596012,
    0.0005981073838784774,
    0.0005538931612327544,
    0.0005326658356160732,
    0.0005282786418417618,
    0.0005200154286215005,
    0.00048508121173443044,
    0.000465216902072362,
    0.00046242555758400623,
    0.0004306673300604065,
    0.00045164564092317557,
    0.0004362728535902106,
    0.0003915522114448282,
    0.00038858770218570517,
    0.0003831259089592916,
    0.00037049321281021704,
    0.000378494978949539,
    0.0003442345114628372,
    0.00034566265958866716,
    0.0003399118531672259,
    0.0003579300055759504,
    0.0003553562705559048,
    0.00034461025368867046,
    0.0003193730665602219,
    0.00031623436381103326,
    0.00031782464103170376,
    0.0003202732766409369,
    0.0003099581973628029,
    0.00030559220763595843,
    0.00030246208370794285,
    0.0003093079300693555,
    0.0002981906607476773,
    0.00029650949774225624,
    0.00030341974663136164,
    0.00029266744937764917,
    0.00028382984933315587,
    0.00028264949948767734,
    0.0002920516464716313,
    0.00028817468385167893,
    0.0003105841223865161,
    0.00029041327600303477,
    0.0003256192978630424,
    0.0002951651420016268,
    0.00028962882693270065,
    0.0002922428427931665,
    0.00028121033792974544,
    0.00028890884149018525,
    0.00028561505057178143
  ],
  "val_loss": [
    0.018338782861984457,
    0.005973156754311413,
    0.0023333244353226676,
    0.0019888390683501563,
    0.0017778431195091238,
    0.001701606524145765,
    0.00150911277500539,
    0.0013963856381198137,
    0.0012979188695300921,
    0.0013501224726435927,
    0.001179279826165107,
    0.0011026016879154884,
    0.001037875625880793,
    0.0009822668476888916,
    0.0010265044867668125,
    0.0009075723133506486,
    0.0009139558226765136,
    0.0008606298002647885,
    0.0008427820239452163,
    0.0008177854919100497,
    0.0007751592082129714,
    0.0007551870572129083,
    0.000758009699749187,
    0.000714753430970999,
    0.0006949901326253366,
    0.0006806184664176658,
    0.0007045492988720557,
    0.000658069980382001,
    0.0006486562284651345,
    0.000650459148581879,
    0.0006388451260855697,
    0.0006211509624584306,
    0.0006424457016874437,
    0.0006084778607326163,
    0.0006091853903352301,
    0.0006021666295131186,
    0.0006244669835054651,
    0.0006003261130033346,
    0.0006324635359100624,
    0.0005885924621709573,
    0.0005915480914582761,
    0.0006202035600580224,
    0.0005902131743927572,
    0.000588289927123737,
    0.0006052882256230189,
    0.0006050381011428171,
    0.0005857242243902753,
    0.0005976052091892777,
    0.0006030627673402335,
    0.0006466547496134316,
    0.0006395163190289087,
    0.0005982601784901242,
    0.0005999112487634421,
    0.000597078404969777,
    0.0005897695376520878,
    0.0006024494171654936,
    0.0005873567977606274
  ]
}