{
  "loss": [
    0.012577171003316564,
    0.007396045579962439,
    0.002631372835945007,
    0.001344111827748894,
    0.0010265491183244328,
    0.0009138533695442839,
    0.0008349955806745381,
    0.0008095312913144196,
    0.000799403792098099,
    0.0007448288899368836,
    0.0007500781356369325,
    0.0006750904537328636,
    0.0006355546281133224,
    0.0006641876496675218,
    0.0005879391288047324,
    0.0005573207068030961,
    0.0005866515196461751,
    0.0005434600102101685,
    0.0005159089281094705,
    0.0005443998018458647,
    0.00048256113547475463,
    0.0005413254236301986,
    0.0005283659214648216,
    0.0004962063209676301,
    0.000494151397023789,
    0.0004299725516451066,
    0.0004226969015793162,
    0.00042315751397916713,
    0.00044508392161529155,
    0.00042476578591647005,
    0.00040509971132581413,
    0.00040361305766635746,
    0.00039455268323473084,
    0.0003999221338210636,
    0.0003809791097772556,
    0.00038160765307063436,
    0.0003581657896312683,
    0.0003831826642443563,
    0.0003535153199701505,
    0.00036537192992066594,
    0.0003689782575826204,
    0.0003505217705276019,
    0.000340143203355082,
    0.00036452473597392186,
    0.00034368921449308003,
    0.00033641605478856407,
    0.0003292420394710456,
    0.0003272876592785883,
    0.00032455415881964603,
    0.0003136330785214649,
    0.0003133967824742237,
    0.00032065801815766263,
    0.00033754591299499414,
    0.000332203066918881,
    0.0003203257573105021,
    0.0003363556617806627,
    0.0003291254084173954,
    0.00029912399550532904,
    0.0003325639352443642,
    0.00031466989935864756,
    0.00032621154739998984,
    0.00029624635877399793,
    0.00030436259767604974,
    0.0002995293059686515,
    0.0003040754057101663,
    0.0003373020784925299,
    0.0003214040440924977
  ],
  "val_loss": [
    0.018410210489894687,
    0.00457783014329363,
    0.0025477973510145435,
    0.002372184918134948,
    0.0019094135708235267,
    0.0018425633298093064,
    0.001727926579542707,
    0.001506385786788315,
    0.0014430477237199176,
    0.001457629320315477,
    0.0015042522123789098,
    0.0011434435225377239,
    0.0011417488267575196,
    0.0010134055644655108,
    0.001120094835925536,
    0.0009755782854696606,
    0.0009624858266507952,
    0.0009377304046910287,
    0.0010041688501764825,
    0.0009343486830843794,
    0.0010712927304309453,
    0.0008042522319067207,
    0.001092372799076887,
    0.0008679366006430311,
    0.0008064703398103979,
    0.0008701525236516257,
    0.0007854360285471907,
    0.0007082203512234369,
    0.0008011865209072082,
    0.0007266357226860204,
    0.0007548585067461647,
    0.0006858108470036095,
    0.0006641243059288005,
    0.0006715080856143246,
    0.0006588541047808437,
    0.0006649470036041282,
    0.0006635100909082016,
    0.0006817957458688169,
    0.00061771021098739,
    0.0006887795259945177,
    0.0006132738921411263,
    0.0007606545519304247,
    0.0006053928181420088,
    0.0006400172995574627,
    0.0006608886848214215,
    0.0006011480795969268,
    0.0005880257809206501,
    0.0005639449517828903,
    0.0005584274583060326,
    0.0005731428521010807,
    0.0006198279870431456,
    0.000666475742938604,
    0.0006615785607214612,
    0.0006312064373798274,
    0.0006065071180390199,
    0.0005587206639947427,
    0.0005488093407509439,
    0.0005863572425120783,
    0.0005539561266599685,
    0.0005719874228978617,
    0.0005908172734407319,
    0.0005594879917542302,
    0.000573319115356249,
    0.000600233089378555,
    0.00062512431978274,
    0.000554076866940712,
    0.0006002829609403755
  ]
}