{
  "loss": [
    0.03820149703385438,
    0.01242863288331079,
    0.0068861284586474,
    0.004316421906752946,
    0.002875701810389744,
    0.001989770201489447,
    0.0016162062832543408,
    0.0012571549154867204,
    0.0010116710263573078,
    0.0009517389272950694,
    0.0008966275466247253,
    0.0008089364015455493,
    0.0007811122326235219,
    0.0006909766339661313,
    0.000712067196229612,
    0.0007195369873512061,
    0.0006190939822169504,
    0.000599110890659049,
    0.0005872061082121827,
    0.0005638952018990424,
    0.0005690185246164292,
    0.0005657746523218156,
    0.00054809835217459,
    0.0005294428572096356,
    0.0005286319197244408,
    0.00051632642793275,
    0.0005127648752724969,
    0.0005223756668746812,
    0.0005344193077665854,
    0.0004651038185631891,
    0.0004981104451417596,
    0.0005075679837030637,
    0.0004715982753097054,
    0.00045990598067131773,
    0.0004457297480276891,
    0.0004373068881131833,
    0.0004510746569945678,
    0.0004121236515257232,
    0.00042518709104638397,
    0.00047340574018512227,
    0.00045040908594973705,
    0.0004120460472240874,
    0.00041059266162336714,
    0.0004346710696313514,
    0.0004341566244112827,
    0.00041158702017668973,
    0.00043208993409851217,
    0.000417717538668349,
    0.00039079269566700165,
    0.00039673129072770796,
    0.0003794433439030454,
    0.0004644293842885132,
    0.00038493145625831897,
    0.0004016348243891298,
    0.00037467683033309975,
    0.00039008025429825883,
    0.00037947141443233425,
    0.00042033685714689556,
    0.00040467368702387,
    0.0003881106821110795,
    0.00037037233147105053,
    0.00035264650927492065,
    0.0003544764571281342,
    0.0003792735805176772,
    0.00038392397832791357,
    0.0003663609401268021,
    0.00036642449406154207,
    0.0003970462086355754,
    0.0003612525763943146,
    0.0003674599911223871,
    0.00034964448732848993,
    0.00034960810997213747,
    0.00037662449452871246,
    0.00036513225660043404,
    0.00034694984112313326,
    0.0003870378052627401,
    0.0003696972548643417,
    0.0003485113566177393,
    0.000345564246253031,
    0.000359348640281612,
    0.00034883856512184306,
    0.0003701703591811206,
    0.000363255690835685
  ],
  "val_loss": [
    0.0029029671633278844,
    0.001171267699725241,
    0.001048877166858472,
    0.0007850015402186538,
    0.000968928369083818,
    0.0008248460695859626,
    0.0007839790935508783,
    0.0007820747659605224,
    0.0007188181950766489,
    0.0007444221106770353,
    0.0007049623815359647,
    0.0007073040885434416,
    0.0007127700832381866,
    0.0007239783396438532,
    0.0008300928595802724,
    0.0007128040258439315,
    0.0006817474617223284,
    0.0006771723030123361,
    0.000705125419086385,
    0.0006729417405458307,
    0.0006675132212078608,
    0.0006550985267988995,
    0.0006695699345898973,
    0.0007024687046216266,
    0.0006528613125953387,
    0.000703209182922015,
    0.0006852665842150164,
    0.0007150274356710401,
    0.0006386962369691404,
    0.0006357816596480455,
    0.0006444896212201773,
    0.0006556356525824283,
    0.0006379992256043505,
    0.0006748352338096858,
    0.0006325363504510985,
    0.0006307325374385638,
    0.0006725907652129089,
    0.0006237843556752465,
    0.0006199429781418708,
    0.0006261262227943255,
    0.0006938629508379089,
    0.0006143176736190791,
    0.0006143376713555078,
    0.000714077777764306,
    0.0006506993106344564,
    0.0006425167995078286,
    0.0006632529682133471,
    0.0006079661063551591,
    0.0006058331828500847,
    0.0006052668578176913,
    0.000694796494545524,
    0.0006527414224058659,
    0.0006279175067294524,
    0.0006151591241327283,
    0.0006128692666125746,
    0.0006071762792269303,
    0.0006457256060158497,
    0.0007053716034429993,
    0.0006050689512031013,
    0.0006048789901774335,
    0.0006054747800412783,
    0.0006015742820081843,
    0.0006047844110785732,
    0.0006019005409738926,
    0.0006765216216217976,
    0.0006232420794865567,
    0.0007711242664537929,
    0.0005987953200247553,
    0.0005982953081105922,
    0.0006332251002193587,
    0.0006021680433593669,
    0.0005984771438980667,
    0.0005981014924893068,
    0.000602568555276317,
    0.0006022811052551581,
    0.0007037273232797861,
    0.0006001458964913741,
    0.0006096296713325586,
    0.0006027597853587032,
    0.0006020230967175309,
    0.0005993450695744775,
    0.000602374934707444,
    0.0006150263348661758
  ]
}