{
  "loss": [
    0.07190984923713255,
    0.01055395428592927,
    0.004397566250687831,
    0.0034089311586269415,
    0.002980683870288743,
    0.0026534849703805335,
    0.002519725024737171,
    0.0023338712836157276,
    0.002232599248348943,
    0.0021766058630854814,
    0.0020862931633372247,
    0.0020144742884761584,
    0.0019692660350492325,
    0.001958537328511345,
    0.0019276716252973932,
    0.0018890749412294782,
    0.00184929819919465,
    0.0018045879026184117,
    0.0018034359696680973,
    0.0017748531037386482,
    0.0017468455148897818,
    0.0017215225369120572,
    0.0017223053594853802,
    0.0016861822550178858,
    0.0016716232783393421,
    0.0016743593374328898,
    0.0016436903225052403,
    0.0016421195072333675,
    0.001660460251574682,
    0.0016308544555197883,
    0.0016231899222186367,
    0.0015603279000020712,
    0.0015954438069625603,
    0.0015496390729332569,
    0.0015510763052982539,
    0.0015797897867003156,
    0.001576330036615694,
    0.001571771254810293,
    0.0015327129514053233,
    0.0015163178974556969,
    0.0015143820045055373,
    0.0015239031078236355,
    0.0014919422973444887,
    0.0014771702771833697,
    0.0014874462016691633,
    0.0014743951779418105,
    0.0014699307695919316,
    0.0014835488675655612,
    0.0014805280894378229,
    0.0014518803654744333,
    0.0014469428090728145,
    0.0014333639577623234,
    0.0014392326102812033,
    0.0014320165630754816,
    0.0014128633569227018,
    0.001427498906871374,
    0.0014336018250519142,
    0.0014348521980788007,
    0.0014287505399078033,
    0.0014115877201776564,
    0.0014268269203706063,
    0.0014099884113177624,
    0.0013954368628105087,
    0.0014159752926162174,
    0.0014221271248657675,
    0.0014049855872955807
  ],
  "val_loss": [
    0.01990143043397596,
    0.004483385484439698,
    0.0034719236083105417,
    0.0031066694106756903,
    0.0031010355530779582,
    0.0030623120671185457,
    0.003022089968691613,
    0.003005849238227638,
    0.002938057357715955,
    0.002969220294439784,
    0.002946631893763852,
    0.002927448812508312,
    0.002890824298413762,
    0.0029075126206680965,
    0.0029400941501706523,
    0.0029062984101750136,
    0.0028895071216061587,
    0.0028816550308037206,
    0.0028449008356233366,
    0.002868234971505347,
    0.0028558601030872345,
    0.0028807639652713396,
    0.002841425058497602,
    0.002856366679023778,
    0.0028569705361350633,
    0.0028391952078976,
    0.002961890035071141,
    0.002855222323799062,
    0.002891926209827194,
    0.002844388872563671,
    0.0028699669027727292,
    0.002940908519351495,
    0.00282546840982488,
    0.0028312492388929797,
    0.0028180820635573776,
    0.0028333842827595653,
    0.002834150083599499,
    0.0028282119871192047,
    0.002846945710486781,
    0.0028204699273500985,
    0.002873330173110235,
    0.002813478625065559,
    0.0028361951827553687,
    0.002844365724304636,
    0.0028069907929406768,
    0.0028016037501103134,
    0.0028115144880864196,
    0.0029205891853119593,
    0.0028093438365658263,
    0.002820257749342805,
    0.002835419717309169,
    0.00282336538706805,
    0.0028367467631476868,
    0.0028245862801946774,
    0.0028478846476743015,
    0.0027988370521419663,
    0.0028234657198348318,
    0.002881116682022537,
    0.0028132951032890504,
    0.0028093844487651004,
    0.0028097997007402887,
    0.0028002107744492665,
    0.0028817619215789,
    0.002831855483421444,
    0.002829865610117962,
    0.002800477008901442
  ]
}