{
  "loss": [
    0.11944148101175146,
    0.010841531510411511,
    0.004615162257392304,
    0.00205401557739742,
    0.0015392609210356676,
    0.0013614151036030395,
    0.0012183958112717593,
    0.0013211244955712248,
    0.0012308264129676154,
    0.0012224410690309783,
    0.0010278337901778159,
    0.0010202815941850849,
    0.0010349475408366795,
    0.0009760312293963876,
    0.001025165624543204,
    0.0011226756201281585,
    0.0009670469764771867,
    0.0009085629015365032,
    0.0009479295105431311,
    0.0009553846595952459,
    0.0009001465117874748,
    0.0008737770719494719,
    0.0008822146921607333,
    0.000983168948995614,
    0.0012002130474439835,
    0.0009358142005148372,
    0.0008473891116645893,
    0.0008709792460064662,
    0.0009693924072485761,
    0.0009764809768630545,
    0.001219762317038301,
    0.0008268524905962107,
    0.0008075539374494277,
    0.0008264338348413682,
    0.0008644976033131686,
    0.0008647144159265191,
    0.0009311056573821913,
    0.0009470293510167773,
    0.0009274101239169582,
    0.0008541268880154921,
    0.0008771707171508591,
    0.0009400746188155223,
    0.0008428527972566596,
    0.0009593361109651068
  ],
  "val_loss": [
    0.024347811859069753,
    0.012945482566044861,
    0.004647312936286966,
    0.0035097834331972175,
    0.0027562760955364514,
    0.003233222279134167,
    0.0024322428931651706,
    0.0024833118915427426,
    0.0027145183027568027,
    0.002375289403862145,
    0.002198335566917951,
    0.002417382757774233,
    0.002114115009626963,
    0.002465177448049021,
    0.002069600191259501,
    0.0021260090052288455,
    0.0022703244221065435,
    0.0020061320467416395,
    0.0020092560473375584,
    0.0021796910364848643,
    0.001953848060129174,
    0.002055012057170126,
    0.002011652368039978,
    0.002472468603569336,
    0.0024956310857922174,
    0.002026491777916603,
    0.0020060274284985176,
    0.0019296117306945204,
    0.0019388388942128845,
    0.0029578837063893968,
    0.00190657101302859,
    0.001879617026928781,
    0.0018869717706500942,
    0.001851163567135147,
    0.0021795400145074944,
    0.0022322464661270964,
    0.0023956026031481787,
    0.0021259051011301346,
    0.0018568836382123269,
    0.002010158256298917,
    0.002170211337806777,
    0.002320611546812605,
    0.0019485396926528682,
    0.0019490893389534007
  ]
}