{
  "loss": [
    0.07673561068798598,
    0.012555159197063504,
    0.009619504592029858,
    0.004248417209048507,
    0.0025278063506406073,
    0.0019831770318138845,
    0.0017620639345109067,
    0.001690146400414358,
    0.0016346533928749052,
    0.0015914894710346299,
    0.001568453654515296,
    0.0015228231403067972,
    0.0015385664085637589,
    0.00153194502331152,
    0.0016870428868682509,
    0.0014605477516525004,
    0.0015427134599059688,
    0.0016619549404262312,
    0.0014690149271198718,
    0.001422831568626428,
    0.0015327927860005802,
    0.001501307393749045,
    0.0014584887885873022,
    0.0015093201872631579,
    0.0014568350626316094,
    0.0014477966108131192,
    0.0016405705947461836,
    0.0015292359078117948,
    0.001354463642748858,
    0.0014620887732367642,
    0.0015345219111020695,
    0.0014108582969783717,
    0.0013654129885478361,
    0.0014395068090195227,
    0.0013924021119658915,
    0.0016064749362983352,
    0.001498499519816676,
    0.0013182551573826284,
    0.0013733085085047825,
    0.0013977849310691619,
    0.0013457070133046434,
    0.0013310167806893259,
    0.001381110946933593,
    0.0014875732145886908,
    0.0013597413593241185,
    0.001297649660118944,
    0.0013031306251509334,
    0.0012815987269823783,
    0.0013916968072458246,
    0.0012891594793392597,
    0.0012623892113808994,
    0.0013466849721141703,
    0.0017182484000847237,
    0.0013780760993588937
  ],
  "val_loss": [
    0.024794147566633434,
    0.01847329421418132,
    0.01266684119585686,
    0.0060757370560583675,
    0.004945422600224425,
    0.004415949089360674,
    0.003942423572695495,
    0.003915931045620246,
    0.003661750998066893,
    0.003725259365482395,
    0.0035338379823299302,
    0.0035311968549521186,
    0.004051388774660898,
    0.0035760223946622108,
    0.003589116724875292,
    0.003529154868797781,
    0.0038291017862486067,
    0.003666540963952239,
    0.003425850473181443,
    0.003341540308539166,
    0.0035522346550990185,
    0.003340226464428018,
    0.004153135158738964,
    0.003908680734679113,
    0.003461331136627136,
    0.003401045788313316,
    0.003785554328486744,
    0.0034088814346716124,
    0.0033325285454410716,
    0.003613693623708979,
    0.003404493919673556,
    0.003264773413584908,
    0.003380953981206136,
    0.003272697172056731,
    0.0034539017751445134,
    0.003363690540990536,
    0.0033063156343405417,
    0.0033440386622944486,
    0.0032030821808092347,
    0.0033568346285759057,
    0.003400991207096405,
    0.0032372369587931084,
    0.0033784558492803312,
    0.0031644401151348007,
    0.0032301697993653657,
    0.0032171483991643986,
    0.0032594226044898246,
    0.0033786549326163757,
    0.0032569047556835398,
    0.003468510232752843,
    0.0033559686499706905,
    0.004003536724419779,
    0.003404595633332942,
    0.003368220468707204
  ]
}