{
  "loss": [
    0.07356083219949629,
    0.02974864851001283,
    0.01879987880115358,
    0.012249772633675118,
    0.008038718469808219,
    0.006014761390348135,
    0.004566441421252741,
    0.0037517862814203115,
    0.003457664548170189,
    0.002901654795441829,
    0.002756074343112783,
    0.0024530435322036204,
    0.002279489484786148,
    0.0022066123718002314,
    0.0020506948226092147,
    0.001992298790227464,
    0.001851700828410685,
    0.0018027832397115482,
    0.0016196855117606235,
    0.0016471694180951782,
    0.0016009600859292795,
    0.0015282008655920205,
    0.0015016406066191029,
    0.0015854700976772836,
    0.0015396980214601671,
    0.0014705425735012116,
    0.0012850005664980747,
    0.0013882907904343496,
    0.0012769571187394395,
    0.0013226384139606651,
    0.001192607031479268,
    0.0011754888241034998,
    0.0011770387268690786,
    0.001198804830725659,
    0.001190438041870128,
    0.0011611632432158984,
    0.0011072133300484906,
    0.0010988594936272523,
    0.0010816737842208274,
    0.0011064832912049663,
    0.0010414755194854569,
    0.0010407489107947955,
    0.0010305460899884642,
    0.0010747341890032338,
    0.0010001125309327748,
    0.0010335855005623798,
    0.0009485139875528468,
    0.0009698206116117432,
    0.0009663685816864837,
    0.0009217689676262753,
    0.0009158513292302967,
    0.0008964533040391832,
    0.0009253235176389276,
    0.0009564436721274446,
    0.0009392577659627291,
    0.0009520231191934624,
    0.0008859452578357198,
    0.0009154046961093242,
    0.0008849234887543069,
    0.0008991254546063047,
    0.0009001288374453049,
    0.0008508521968393888,
    0.0008530819896792232,
    0.0009887428367248094,
    0.0008693508284074635,
    0.0008268629768076287,
    0.0008299072653474943,
    0.0008222705505880147
  ],
  "val_loss": [
    0.019610658355639965,
    0.014499439644580447,
    0.008968302571636172,
    0.008134324496414241,
    0.005262593676299689,
    0.004200652435515596,
    0.0038562028313721608,
    0.003359035129643269,
    0.003296805114495729,
    0.0029972144987892007,
    0.0025599995613691277,
    0.002661266725760099,
    0.0025063880339431365,
    0.002438679265961384,
    0.00245672751832025,
    0.002219075346807819,
    0.0022821696104440192,
    0.002094028360865927,
    0.002057974880389536,
    0.0020992633887936033,
    0.0019243286998016375,
    0.0018883545469367804,
    0.0018661261585608707,
    0.0019706222755501474,
    0.002019390505452396,
    0.0018168978247396106,
    0.0018902993962616145,
    0.0017442242567578341,
    0.0017777001101513233,
    0.0017537791346975045,
    0.0017582047958312004,
    0.0017190292664912826,
    0.001793971566181609,
    0.00185410751097487,
    0.0017647881343097077,
    0.0016317727205515241,
    0.0016490344267713125,
    0.0016236724065325364,
    0.0015706706313447579,
    0.0016180344079439034,
    0.0016104376675852433,
    0.0016050668831331936,
    0.0016812380720658342,
    0.0015884298270609875,
    0.0016151559825299839,
    0.0015970597521001318,
    0.001591947946213602,
    0.0015404471245011595,
    0.0015201426667874086,
    0.0014778554830413998,
    0.0015897450021691828,
    0.001547636825841066,
    0.0015701032562347847,
    0.0015380227425806849,
    0.001522355913262627,
    0.0016287681370239975,
    0.0015386406172264637,
    0.0014565328631014173,
    0.0014836051785543187,
    0.0016950764153516908,
    0.001501513361493802,
    0.0015028901255101632,
    0.0014639146441942361,
    0.0016078500918700624,
    0.0015702792449838706,
    0.0015075904227449823,
    0.0015871856607465522,
    0.0014892260657165554
  ]
}