{
  "loss": [
    0.0537642094496209,
    0.00390281428714835,
    0.002326271134074283,
    0.0020134672071306712,
    0.0019351400772884355,
    0.00195307263329757,
    0.0020029913860711113,
    0.0019499808638480253,
    0.0019122190958927427,
    0.0019213525504203496,
    0.002022540097462788,
    0.0018614565426137595,
    0.0019231224807589192,
    0.001942285285042846,
    0.001950116957892227,
    0.001863075363186015,
    0.0018869030005010093,
    0.001845241110953214,
    0.001907237104461652
  ],
  "val_loss": [
    0.011099411005323584,
    0.005356435177170418,
    0.004375065380538052,
    0.004200400477698581,
    0.004226155716671862,
    0.0041142070284959946,
    0.004139597781679847,
    0.004485811001028527,
    0.0040682340993291955,
    0.004415062340823087,
    0.004087895271368325,
    0.004210495167750527,
    0.004083876540376382,
    0.004247339696369388,
    0.004092789540829306,
    0.004440557084638964,
    0.00417737919964235,
    0.0044411413837224245,
    0.004140083932063796
  ]
}