{
  "loss": [
    0.07788596779965194,
    0.018069938738393573,
    0.007871445308777347,
    0.00417906936521815,
    0.00349783480282774,
    0.0032509846785888736,
    0.0029890015329835954,
    0.0027296167950813487,
    0.0024745755659960275,
    0.0025408920840220115,
    0.0023021423393876942,
    0.002256238454565472,
    0.0022485533634414977,
    0.0021759263651890564,
    0.0023123401241887985,
    0.0021671853191013225,
    0.0024301410112859663,
    0.002329485775672097,
    0.002218653236111972,
    0.00207995134714859,
    0.0020642726377180193,
    0.0020000531482386643,
    0.0019580697447094506,
    0.00200088768043613,
    0.00208169540361526,
    0.002213382915659618,
    0.0019709706314699313,
    0.0018971782729886803,
    0.0019144638262244057
  ],
  "val_loss": [
    0.023250965994190086,
    0.015286355956711552,
    0.0072068211156874895,
    0.006502660372379151,
    0.0051183807346123185,
    0.006080073770135641,
    0.006462051787159659,
    0.004844353618946942,
    0.004734825787388466,
    0.004801933145658536,
    0.004795852762816305,
    0.0047349721743640575,
    0.004795328142460097,
    0.005092407470907678,
    0.004869731016118418,
    0.005493860734118657,
    0.005057192407548428,
    0.005000196714800867,
    0.004651682028038936,
    0.004867202358913015,
    0.004681868097660216,
    0.00490446181290529,
    0.005290012467991222,
    0.004950712403197857,
    0.004884366094219414,
    0.004707583755424077,
    0.005136602727526968,
    0.004659126851369034,
    0.005042189605195414
  ]
}