{
  "loss": [
    0.05328920246450649,
    0.007066179027920384,
    0.0037184315263847556,
    0.002939566330459084,
    0.002757459616345981,
    0.002509747003102552,
    0.002285545992578835,
    0.002143750896180943,
    0.0019813059903024837,
    0.0018646871739801528,
    0.0017899164277649924,
    0.0016635930850806477,
    0.0016178712979090372,
    0.0015805825783916244,
    0.0014923035680000478,
    0.001419992449832875,
    0.0013762557123159981,
    0.0013421471515826322,
    0.0013093262722116735,
    0.0012840499061401852,
    0.0012551349258493418,
    0.0011925222500871523,
    0.0011613747475274926,
    0.0011427843345263521,
    0.0011578278270414682,
    0.0011235757988348341,
    0.0010875709560527445,
    0.0010565653722322986,
    0.0010687038294216085,
    0.0010388244089100198,
    0.0010191541924633677,
    0.001007336532976068,
    0.0010008459684586702,
    0.001004200564217364,
    0.0009825834933676581,
    0.00096392592257258,
    0.0009970340706481873,
    0.0009667035138402709,
    0.0009532858322206311,
    0.000939329823023652,
    0.0009492491653480358,
    0.0009325845770656833,
    0.000925790864845024,
    0.0009202420138159053,
    0.0008820564091197392,
    0.0008904351453842505,
    0.0008920126484854696,
    0.0008969068971856411,
    0.0008916885661790024,
    0.0008812072723775709,
    0.0008868537276536063,
    0.0009300851571837251,
    0.0008889195198985021,
    0.000880658055659761,
    0.0008822021133569993,
    0.0008485522439666421,
    0.0008551637890814324,
    0.0008501384202657588,
    0.0008558769660616203,
    0.0008475901796954319,
    0.0008419263796646984,
    0.0008351653677386761,
    0.0008510266799922819,
    0.0008332640444449588,
    0.0008200327732440265,
    0.0008523710191020094,
    0.0008317870990524996,
    0.000824589086522139,
    0.0008070978890419301,
    0.0008197956450800473,
    0.0008210146116064082,
    0.0008144710452956381
  ],
  "val_loss": [
    0.013975103745753524,
    0.004000259976161002,
    0.0026575885021782554,
    0.0024197109950789843,
    0.0023371140878251035,
    0.0022761851466973036,
    0.002152459372124564,
    0.0020374211965974013,
    0.0019874421374856672,
    0.0019084690099566424,
    0.001885220547029305,
    0.0018412968080558656,
    0.001800060117322461,
    0.0017521530761532172,
    0.0017257712358160137,
    0.001704948977436818,
    0.00167964266662692,
    0.0016774395800323463,
    0.0017122050974888502,
    0.001638182496302435,
    0.0016415722072072305,
    0.0016386287498186115,
    0.0016114247107815718,
    0.0016573670148035558,
    0.0016501123638020135,
    0.0017301407264394253,
    0.0016042623063679837,
    0.0016031771825224745,
    0.001603761724397248,
    0.0016102252683944018,
    0.0015913800085980852,
    0.0015889059081125785,
    0.0016063837682129163,
    0.0015880395377873956,
    0.0015729505582438672,
    0.0016101466890304488,
    0.0015922648106970372,
    0.001630721406695493,
    0.0015927553359492152,
    0.0015727177487962804,
    0.001570590968695091,
    0.0015871688330295582,
    0.0015796914729954942,
    0.0015929477975419421,
    0.0015609486342253846,
    0.0015724760239568202,
    0.0015604194688691605,
    0.0015902912602251192,
    0.0015722906777207383,
    0.0015758748090609449,
    0.0016314946933511216,
    0.0016457320612278722,
    0.0015658384116616945,
    0.0016094140678445915,
    0.0015596296913473128,
    0.0015755421113541105,
    0.0016079565551893717,
    0.0015602021260286163,
    0.0015680105852599697,
    0.001570485920660949,
    0.0015625518502756243,
    0.0015470626273555081,
    0.0015606485872662493,
    0.0015504905942263973,
    0.001574352868840474,
    0.001565708504880176,
    0.0015776402767648508,
    0.001555911708148379,
    0.0015772572631819867,
    0.0015704901197648683,
    0.0015727013955414504,
    0.0015664114913556213
  ]
}