{
  "loss": [
    0.11053003139898811,
    0.015060922550693365,
    0.0058940730064215375,
    0.003496679054363303,
    0.002907698446045249,
    0.0025114955865896084,
    0.0022657106951876004,
    0.0020194531887323714,
    0.0018445343585868537,
    0.0016720863075559617,
    0.001608383515521779,
    0.0014803695630177225,
    0.0013958154160949126,
    0.0013108955479791047,
    0.001231441982615162,
    0.0011675737545707486,
    0.0011155960956772029,
    0.0010710288491755935,
    0.0010921521674723588,
    0.0010420619034614991,
    0.001023886162905731,
    0.00099236818938844,
    0.0009383734915746559,
    0.0009356982191093266,
    0.000898904860688662,
    0.0009137830815055001,
    0.0008688824444773121,
    0.0008865391145276666,
    0.0008675724425366227,
    0.0008860912377303334,
    0.0008329714822228736,
    0.0008336611708599917,
    0.0008430208077877235,
    0.0008007993988863284,
    0.0008152734650574415,
    0.0007726650752297694
  ],
  "val_loss": [
    0.032271570125438645,
    0.007252588842776942,
    0.0019269804190584152,
    0.001588823042898413,
    0.0014149430757466517,
    0.0012917359731571135,
    0.0012604168456245483,
    0.0012597187302548793,
    0.0011773672219568749,
    0.0011524222544056243,
    0.0011468070767970766,
    0.001173646456247206,
    0.0011181825649659227,
    0.0011036318815287264,
    0.0010958194147987948,
    0.0010874426254466718,
    0.0010783723490468784,
    0.0010608710913122866,
    0.0010800151867849243,
    0.0010705768223721846,
    0.0011169328835569114,
    0.0010579245840719584,
    0.001098625326799697,
    0.0010455211822214072,
    0.0011489964392707376,
    0.0010393436064204857,
    0.0010758762962611486,
    0.0010649716314422642,
    0.0010712217021208027,
    0.0011478622529171824,
    0.0010426068654434766,
    0.0010518588947766986,
    0.001068828012221935,
    0.001086906371599157,
    0.0010704100818123522,
    0.001100459821228271
  ]
}