model,rmse_level,r2_level
LSTM,4.702600315213203,0.9261338949203491
xLSTM,5.3684717720747,0.9097445273399353
