model,delta_rmse_F5_minus_F1,delta_r2_F5_minus_F1
LSTM,0.7229775011539459,-0.015152750015258789
xLSTM,2.1059098279476167,-0.05131001949310303
