{
  "loss": [
    0.005327150787870107,
    0.002953868381014529,
    0.0025486271228536517,
    0.001156475715566695,
    0.00045524583587272386,
    0.00035895725884245666,
    0.00030230756213574266,
    0.00029130190506950675,
    0.00027328720156705703,
    0.0002550098181692785,
    0.0002379391654615531,
    0.00023314704814609075,
    0.00022802738555578552,
    0.0002252942846571578,
    0.00021592279828521005,
    0.00019551574199146187,
    0.0001905645021683044,
    0.0001973180130602029,
    0.00019507180658571735,
    0.0001796607958713075,
    0.00017345575495051818,
    0.00017205364280441687,
    0.00017170933085888205,
    0.00015775978686746294,
    0.00014630586045662428,
    0.00014608529524892807,
    0.0001369574665036077,
    0.00013557354623356895,
    0.00014141766768851544,
    0.00013049507065269415,
    0.00012534424673433633,
    0.00012125423927820061,
    0.00012902738478894857,
    0.0001341444788767051,
    0.00012383599610258996,
    0.00012693079769263954,
    0.00011467162387933327,
    0.00010763211151247809,
    0.00010864401645573783,
    0.00011203827940296669,
    0.00011135096257566416,
    0.0001095363541809238,
    0.00011216004497043441,
    0.00010517154076197619,
    0.00010321967150356788,
    9.85489010107859e-05,
    0.00010306728090622392,
    0.00010496857511112875,
    0.00010687993622357549,
    0.00011173781792769087,
    0.0001065183182274399,
    9.983887082978147e-05,
    0.00010129038858223749,
    0.00010014977912244228,
    9.838840374350711e-05,
    0.00011004775882553741,
    0.00010012469668434818,
    9.892530381672988e-05,
    0.00010147646699120783,
    9.670794101565772e-05,
    9.784487761296855e-05,
    0.00010924533650222577,
    0.00010181183559561855,
    9.808117627980096e-05,
    9.442748287479886e-05,
    9.736189775632102e-05,
    9.762564010769603e-05,
    0.00010184602856841462
  ],
  "val_loss": [
    0.007209973858246544,
    0.006778161428949191,
    0.005391549306868479,
    0.0016370899128937747,
    0.0010300013500986968,
    0.0009112485992841547,
    0.0007744359846737931,
    0.000734060311940963,
    0.0006946050508458863,
    0.000639184985295571,
    0.0005830073748451909,
    0.00055852882921745,
    0.0005165327558116235,
    0.0004957251841413807,
    0.00046129778973125234,
    0.00043908587798299813,
    0.000418732288694995,
    0.00044186878325171185,
    0.00038931927847848496,
    0.0003781107435191652,
    0.0003734670467071578,
    0.0003984207993543196,
    0.00036481134398110097,
    0.00034348859904401397,
    0.0003348692883069375,
    0.00032535934798720405,
    0.0003141046940766711,
    0.00030057593803297636,
    0.0002931400277527973,
    0.0002899547925910946,
    0.00027997398204695497,
    0.00026911395236468437,
    0.0003147831928921464,
    0.00028112736092990624,
    0.0002707024542666702,
    0.0002604767892245089,
    0.00024216678234311419,
    0.00023310482443613843,
    0.0002326050018590115,
    0.00023095854551565098,
    0.00022536916365217246,
    0.00021979387596714593,
    0.00022366662799723806,
    0.00022279078012035932,
    0.0002148950211512454,
    0.00021724519046223891,
    0.00021789416137445216,
    0.00021561503149377712,
    0.00022816973549319032,
    0.00021145752213459494,
    0.00021356782008677172,
    0.00023000875793878652,
    0.00021742993077551194,
    0.00021791862549495682,
    0.0002180994684283601,
    0.00021219622299352707,
    0.0002128247073830448,
    0.00020854959700468664,
    0.00021145317532753825,
    0.00021490860682335606,
    0.000216805529535857,
    0.00022704332978088501,
    0.00020974527167780247,
    0.0002086406905753058,
    0.00021312450630539084,
    0.00020912332952941552,
    0.00020926762261190568,
    0.00021074897505315074
  ]
}