{
  "loss": [
    0.0033811828905426573,
    0.0038816557178173866,
    0.0029720645811549644,
    0.0020981091316281545,
    0.0015725076527039054,
    0.0006444956101341994,
    0.0005344340015405899,
    0.00047321673921901623,
    0.000474768221801599,
    0.00043013735808757286,
    0.0003923332320353001,
    0.0003846914099124748,
    0.0003765120182836325,
    0.0003525152589858361,
    0.0003393415657339803,
    0.00035584368110755615,
    0.0003474921452105963,
    0.0003242379982524495,
    0.0003239104798962194,
    0.0003119165408212066,
    0.0002841776747399042,
    0.00027738556636168916,
    0.0002786685375676129,
    0.0002687031538541066,
    0.0002622645566243639,
    0.00025518303371518654,
    0.00026344130650263447,
    0.0002441601261150267,
    0.00024272291258115914,
    0.00023520971280207288,
    0.00022386330453092897,
    0.00022013816954248578,
    0.00022798629924851546,
    0.00023255851213953792,
    0.00021617930946034512,
    0.00020892235636588255,
    0.0002250685219357254,
    0.00021501877863228767,
    0.0002069339656726463,
    0.0002010452193302236,
    0.00020811424668769376,
    0.00020294108907442307,
    0.00021510442145285095,
    0.00021530071305647154,
    0.0001980996905296071,
    0.00020306914402145349,
    0.00020250096719184925,
    0.00019542860456612518,
    0.0001928982405631296,
    0.00021031110941114193,
    0.00019606175463494707,
    0.00021330804311467226,
    0.00020131291208805953,
    0.0001927588096659683,
    0.00019122571202683883,
    0.0001957112536211715,
    0.0001965237969620458,
    0.00019299507951464262,
    0.00019661094854872923,
    0.00019837874716857127
  ],
  "val_loss": [
    0.006850355160396608,
    0.007479579849350761,
    0.0064485431947958706,
    0.005439914467708109,
    0.0018365901684149184,
    0.0016357004505909937,
    0.0013581283368409595,
    0.0012670873606437038,
    0.0011861792436473114,
    0.0010445304045859495,
    0.0009525565803831433,
    0.0009153382615290333,
    0.0008726117575759662,
    0.0007590942752063691,
    0.0007595142399028527,
    0.0007437979257808655,
    0.0007555475123564833,
    0.0006976440695554081,
    0.0007687897584661217,
    0.0006404228275316617,
    0.0006182140928586455,
    0.0006230289299254352,
    0.0006043020928182311,
    0.0005875561256599015,
    0.0005746785542854842,
    0.0005668669953023984,
    0.0005688801374970598,
    0.0005339203449876656,
    0.000526047441471035,
    0.000496045312669919,
    0.0005019268899955709,
    0.0004768661670803025,
    0.00047647854812084257,
    0.0005392818882418848,
    0.00045665750844539377,
    0.0004847725416278706,
    0.0004646966424731631,
    0.0004890848956963141,
    0.00042493314584378963,
    0.000426121506457576,
    0.00043455204017871376,
    0.0004392280365280578,
    0.0005202126466830433,
    0.0004543612790638685,
    0.00044728515257697304,
    0.0004268111234274563,
    0.00043846739344845145,
    0.00042113737744934774,
    0.00044246063921821703,
    0.00041435348723921404,
    0.00042405199648437803,
    0.0004576179328993712,
    0.0004593748415562756,
    0.0004236404805160622,
    0.0004499611248361082,
    0.0004260402370189634,
    0.0004472460427195323,
    0.0004271540365457618,
    0.0004423673943663276,
    0.00045106414789737164
  ]
}