{
  "loss": [
    0.003482437987255691,
    0.002263469053694459,
    0.0010893108069191448,
    0.0005379107481729987,
    0.00048769114887351687,
    0.00041154895428623003,
    0.000380086988449652,
    0.0003671391903500178,
    0.00033877793161043686,
    0.0002991311022409352,
    0.00029280280443309766,
    0.0002739192085169017,
    0.0002615453915028745,
    0.0002592601587354118,
    0.00023992990804819772,
    0.00023654371080428636,
    0.00023346697947865543,
    0.00024266295208638287,
    0.0002131461508948071,
    0.0002157974372946157,
    0.000216705596662989,
    0.00024724442851930373,
    0.00019379175422873295,
    0.00020209894736834762,
    0.0002203120284536878,
    0.00023312404272191574,
    0.0002031695477314508,
    0.00020839631147758433,
    0.0001965461020404391,
    0.00017342930765367517,
    0.00017596701585598413,
    0.00017305230204771186,
    0.00017137171328620676,
    0.00017871299201613184,
    0.00018358344245501758,
    0.00018374205749910308,
    0.0001865352105716671,
    0.00018593479102381596,
    0.0001786982400984591,
    0.00018452260552988638,
    0.00017096593638088738,
    0.00017784307666799494,
    0.0001803323190191166,
    0.0001713129451397844,
    0.00018356004155469484,
    0.00017736438610517274,
    0.0001707673363853246,
    0.00017006205032256465,
    0.00017377349619508746,
    0.00017410548558567627,
    0.0001702608075607224,
    0.0001736101894573904,
    0.00017601438771543013,
    0.0001796836015878314,
    0.00017997027273081398,
    0.0001755313319747935,
    0.0001836136754219467,
    0.00017823496083296892,
    0.0001776108751355047,
    0.00017187204696246232
  ],
  "val_loss": [
    0.007247542111754584,
    0.0038213728313781737,
    0.0018143954943064288,
    0.0014736994677587469,
    0.0011898823899955764,
    0.0010656332018311712,
    0.0009787817155245129,
    0.0009805130968702821,
    0.0008062280411441816,
    0.0007234856586476694,
    0.0006954742274598307,
    0.0006621931707187342,
    0.0006584572889022633,
    0.0006247153531697543,
    0.0006058821386355885,
    0.0005787907413131552,
    0.0005577885925928495,
    0.00055158095042138,
    0.0005448535569246297,
    0.0005105658928283578,
    0.000685062974349299,
    0.0004896626597356218,
    0.000489493517215525,
    0.0004681992548122461,
    0.0005653226587468727,
    0.0005020272492706858,
    0.0004675345927510702,
    0.00048127693469459244,
    0.00044242161122546144,
    0.00043139756176238306,
    0.000422032332999304,
    0.00041553791924236685,
    0.00043848493005091833,
    0.0004320151117947681,
    0.0004422248906310252,
    0.00046185212123322215,
    0.00046679699405190124,
    0.00041607921919005003,
    0.0004622538016514603,
    0.00041250041659983845,
    0.00042078462024492487,
    0.00045408492591804384,
    0.00041235500605849745,
    0.0004270482946879246,
    0.00042489225171017333,
    0.0004204778540840466,
    0.0004197747086294453,
    0.00041819981597858224,
    0.0004260609343949726,
    0.00041170219332109823,
    0.00042616551966008384,
    0.0004212165957995737,
    0.0004205702051719359,
    0.0004450801763860457,
    0.0004179559647386592,
    0.0004220521541711661,
    0.00042091559130287413,
    0.0004478467082215848,
    0.0004414633931344968,
    0.0004190894031725491
  ]
}