{
  "loss": [
    0.004843446270291158,
    0.0032783747371532643,
    0.0032334502939016523,
    0.0032013092053635927,
    0.0029634732925992446,
    0.0019248265524616241,
    0.001265121902073978,
    0.001035281268467516,
    0.000892748976033674,
    0.0007779253659312653,
    0.0007151071277543998,
    0.0006937567016970897,
    0.0006675613453212418,
    0.0006488134969635092,
    0.0006301530549188901,
    0.000641847963423937,
    0.0006453548641246836,
    0.0005852645042518349,
    0.0005831525094354633,
    0.0005588883315159618,
    0.0005630292616923018,
    0.0005546315137895065,
    0.0005568633936383578,
    0.00051938187765195,
    0.0005091160631481432,
    0.0005155228601181555,
    0.0005148430647343696,
    0.000507291404942353,
    0.00048250016258445324,
    0.0004926935843205187,
    0.0004897039024775332,
    0.0004726152311551233,
    0.00046736298592518365,
    0.00046665789469103744,
    0.000478382076206196,
    0.0004504144139593836,
    0.00045797970908212083,
    0.0004670884241630378,
    0.00044841308459038937,
    0.0004362501197851567,
    0.0004664344743672055,
    0.0004346860280322272,
    0.0004419489096304592,
    0.00042775549618161667,
    0.00042690351261304594,
    0.000422743887879426,
    0.0004269349410654225,
    0.0004168731112396291,
    0.0004238506432473339,
    0.0004149687365381467,
    0.0004123226877166978,
    0.00041635312658079777,
    0.0004159916532963324,
    0.0004325078701185302
  ],
  "val_loss": [
    0.007801017808538766,
    0.007756324741090891,
    0.007708724984361912,
    0.007580809306835411,
    0.006766831178358679,
    0.004694150605029459,
    0.003739747343412817,
    0.0032447419036212622,
    0.0028341312175853067,
    0.0025906051548161084,
    0.002331877768887614,
    0.0021103792689209974,
    0.001987610533863059,
    0.0019126519088256363,
    0.0018070476522573306,
    0.0017145434049666139,
    0.0016915794446859483,
    0.0016631242719463142,
    0.0015777296809300948,
    0.001542377180491452,
    0.001519495327001351,
    0.0014830451889379982,
    0.0014566512706483306,
    0.0014252202623597332,
    0.001450257388069012,
    0.0014020632764446708,
    0.0014411593892129481,
    0.0013512255181755467,
    0.0015699199453549269,
    0.001369344613633719,
    0.0014024661222245538,
    0.0013474786820938372,
    0.0014840420168871782,
    0.0013057544493485552,
    0.0014040938653912243,
    0.0013371901026741722,
    0.0013053112482548296,
    0.0013628906110788948,
    0.0014543312021967271,
    0.0013443132762617218,
    0.0013605866884800891,
    0.0014784488821571642,
    0.00129626260153169,
    0.0012815421598547038,
    0.0013973085408076665,
    0.0013755544078764893,
    0.001533467090988797,
    0.0013321492717041777,
    0.0014432579471384227,
    0.0014107451806690844,
    0.0014303526946189793,
    0.0013625011057724285,
    0.0015950360939160188,
    0.0013083347717230437
  ]
}