{
  "loss": [
    0.0036031899479268058,
    0.003168674343974584,
    0.0027212035466746406,
    0.0014296950435098738,
    0.0008769810339621212,
    0.0008256977638019748,
    0.0008032857420855094,
    0.0007670181941847909,
    0.0007445335456735852,
    0.0007466685857436893,
    0.0007572261581385128,
    0.0007202523457056041,
    0.000712406193616427,
    0.0006923619346387657,
    0.0007076030755090296,
    0.0006565757318248332,
    0.0006595611710502387,
    0.0006741462500805445,
    0.0006520854302304842,
    0.0006427483333218728,
    0.0006260477447187303,
    0.0006215123483473905,
    0.0006492027624717739,
    0.0006377859689870884,
    0.0006090149733321914,
    0.0006069793525130499,
    0.0006178606082919975,
    0.0006138800182663872,
    0.0006146276691145404,
    0.0005928388533551348,
    0.0006232362987422553,
    0.0005776751728314217,
    0.0006032687696590394,
    0.0006045698717621071,
    0.0005934433964230153,
    0.0005755807547093057,
    0.0005730686681081601
  ],
  "val_loss": [
    0.007880675511180678,
    0.005151285387744958,
    0.005882636776236309,
    0.002579734449020841,
    0.002657793451693248,
    0.002377644869160246,
    0.002270435411694714,
    0.0021256358436816795,
    0.0021029909839853644,
    0.0021674401571296835,
    0.001987997913436795,
    0.002005617584059523,
    0.0019045489924875173,
    0.0018921458924358542,
    0.0017814402182755823,
    0.001761631881394847,
    0.0017841619661670518,
    0.0017819105308841574,
    0.0018985928406684914,
    0.0017003840819763188,
    0.0017360880314795809,
    0.00185519158416851,
    0.0018288733712820845,
    0.0017111893658610907,
    0.0017032454382966864,
    0.0017114554542455483,
    0.0016242460009049285,
    0.0016510921678590503,
    0.0017410122620111163,
    0.001634135397828438,
    0.001674773732454262,
    0.0019358396530151367,
    0.001667721604462713,
    0.0017134367318993266,
    0.0017163081211037934,
    0.0016470324904234571,
    0.0016917841964062643
  ]
}