{
  "loss": [
    0.004811012435337187,
    0.0029892909019188564,
    0.0025579213118836494,
    0.0014464527247211253,
    0.0006403885158697064,
    0.00048804809306551454,
    0.0004480268181511529,
    0.0004119042189903295,
    0.0003859409836980081,
    0.0003851548584938889,
    0.0003778642456663746,
    0.00036470475770585556,
    0.00034870741918394474,
    0.0003395737493148362,
    0.000339645095920505,
    0.00033805689989248105,
    0.0003219454604181343,
    0.0003162010447417294,
    0.0003147796251397895,
    0.00030340314932941444,
    0.0003012454893085843,
    0.00029882531929564414,
    0.0002962068472595387,
    0.00029546944842621367,
    0.00029412601438259155,
    0.00028810313735550767,
    0.00029485162124562433,
    0.00028571254708213917,
    0.00027868626385100815,
    0.00027973719210114696,
    0.00027883585241564193,
    0.0002832225934621996,
    0.0002921620669978028,
    0.00027945254885093114,
    0.0002662819749954432,
    0.00026502105666481905,
    0.0002610749408478101,
    0.00026616882606619364,
    0.00026298443558068395,
    0.0002579077322800106,
    0.00026344786140687344,
    0.0002621681229408148,
    0.0002686687385250198,
    0.000254056018426306,
    0.00025141206844611435,
    0.0002538407515344197,
    0.0002532693263123625,
    0.0002541661374828398,
    0.000259403963073183,
    0.00026140010810758865,
    0.0002491589841386959,
    0.0002494576804398913,
    0.0002567335982925036,
    0.0002545149083590319,
    0.00025385740322952856,
    0.0002450088512900115,
    0.0002430115406676917,
    0.00024210295843249055,
    0.00023899917858882322,
    0.0002421296072933613,
    0.0002479705210237331,
    0.00024042017618522153,
    0.00024145354006872315,
    0.00023850582377709658,
    0.0002422624916940088,
    0.00024212492321631018,
    0.00024473442553385146,
    0.0002419006503285499,
    0.00024446572708359485,
    0.000244786470561144,
    0.0002535353457755212,
    0.0002481609469764984,
    0.0002461842430958813,
    0.0002443075063638389,
    0.0002486845107444129
  ],
  "val_loss": [
    0.007525601880807502,
    0.006791896796237458,
    0.005457725605786536,
    0.0019220285015232883,
    0.0013685228988849127,
    0.0012987988020413416,
    0.0012013718830838967,
    0.0011268424227930272,
    0.0010763667386901729,
    0.0010353180828324262,
    0.0010192721988549274,
    0.0009604283521755361,
    0.0009249869415455652,
    0.0009124110534680219,
    0.0008838209908922576,
    0.000856861975780983,
    0.0008474829876064962,
    0.0008170405152992081,
    0.0008031904561437291,
    0.0007914551579411708,
    0.000775110184088485,
    0.0007528791014797704,
    0.0007481150083238629,
    0.0007267649280114742,
    0.0007259627642417822,
    0.0007427048498336799,
    0.0007209302063480917,
    0.0007068823322885949,
    0.0006845910227674918,
    0.0007070820161965819,
    0.0006838078037163906,
    0.000666895745558852,
    0.0006848568987317843,
    0.0006667416997179546,
    0.000646201901676535,
    0.0006483297712555682,
    0.0006447713264506779,
    0.0006558484450329607,
    0.0006319779209096078,
    0.0006352175777635852,
    0.0006458096755492431,
    0.0006389846605919197,
    0.0006261954460839587,
    0.0006200083521167364,
    0.0006327539813966968,
    0.000610902675160752,
    0.000619715760629598,
    0.0006163327733618246,
    0.0006251667239944547,
    0.0006258650887490143,
    0.0006046972008609847,
    0.0006121267416711417,
    0.0006003202549286228,
    0.0005960618762080284,
    0.0006029102978190923,
    0.0006024679480477938,
    0.0005973912618991707,
    0.000593767384427837,
    0.0005932532045279345,
    0.0006003253668493198,
    0.0005966075794694355,
    0.0005979121925018425,
    0.0005927387480193577,
    0.0005950857967520472,
    0.0005916350736205807,
    0.0006022569842451365,
    0.0006103590491139108,
    0.0005970661320850117,
    0.0005977101608848653,
    0.0006165220659794886,
    0.0006054190893367934,
    0.0005932287531526608,
    0.0005990207057996687,
    0.0005941075588842588,
    0.0006061187338446598
  ]
}