{
  "loss": [
    0.004536792491196229,
    0.0033851360408531602,
    0.003345191565603281,
    0.003335008739636244,
    0.003313821346839111,
    0.002579542833555796,
    0.0013936633994732015,
    0.0010577212264851908,
    0.0009867078542835337,
    0.0009181995943656387,
    0.0009153317983812306,
    0.0008818478106642941,
    0.0008488627970296886,
    0.0008226895745935052,
    0.0008377598347549947,
    0.0007942767326319038,
    0.0007970624753713746,
    0.0007697339963281542,
    0.0007579528568534857,
    0.0007388001310109605,
    0.0007493230951171793,
    0.0007283061738768272,
    0.0006953322125955343,
    0.0006900514622884255,
    0.0006862044050629974,
    0.0006803823258253481,
    0.0006780157309967553,
    0.0006796485718889747,
    0.0006832951667679887,
    0.0006722666375782871,
    0.0006606090698797984,
    0.0006525822167134918,
    0.0006565382779999138,
    0.0006421434455370048,
    0.0006350962150035793,
    0.0006379648864188558,
    0.0006346921102476498,
    0.0006225175758664003,
    0.000626355393513441,
    0.0006083152908461282,
    0.0006100244119258599,
    0.0006148636678812629,
    0.0006049237056852711,
    0.0006058855369484511,
    0.0005959179784541012,
    0.0005893560877204876,
    0.0006010946376635392,
    0.0005977155706494434,
    0.000593415256750224,
    0.0005884643595819678,
    0.0005887288882341121,
    0.0005856147949986496,
    0.0005903672089324284,
    0.0006153581026924245,
    0.0006062957660149319,
    0.0005885519267032689,
    0.0005720627417369596,
    0.0005794731742816884,
    0.0005838643389142173,
    0.0005793089629047996,
    0.0005860813754111706,
    0.0005994457601232802,
    0.0005747945870130358,
    0.0005762747026857229,
    0.0005731241691900396,
    0.0005651593557661885,
    0.0005733334620143135,
    0.0005804299393168113,
    0.0005729848785148019,
    0.0005761909488095324
  ],
  "val_loss": [
    0.007986102168532934,
    0.007916474249213934,
    0.007905948833054439,
    0.007884041681377725,
    0.007689029793255031,
    0.0046320916682651096,
    0.003932113536972214,
    0.0033465125386349178,
    0.0031472588624720547,
    0.0028603186312300913,
    0.0027039807543835855,
    0.0026641513316214764,
    0.002519397768826986,
    0.002437450393865054,
    0.0023100230504165997,
    0.0021815702149813824,
    0.0021654897771606393,
    0.002054940745107491,
    0.002009507485623048,
    0.0019667053023691883,
    0.001966866394716569,
    0.0018951270295391705,
    0.0018654999810016968,
    0.001943828257605095,
    0.0018508207603273067,
    0.0018150048245760527,
    0.0018148386628705669,
    0.001943419560451399,
    0.001774477513126013,
    0.0019469067285006697,
    0.0017739046227440915,
    0.0018863651573403993,
    0.0017650239910422401,
    0.0017493156483396888,
    0.0017365954964506354,
    0.0018149068822491574,
    0.0017488526381467554,
    0.0017411715605042198,
    0.0017933886635794559,
    0.0016727116202342916,
    0.0017885516916232352,
    0.0017415117631158369,
    0.0016762811574153602,
    0.001711075935004787,
    0.0017668460972014475,
    0.0018484917130659926,
    0.0016585831181146204,
    0.001714774825483222,
    0.0017375404025766659,
    0.0017204428599639373,
    0.0017484019097702746,
    0.0016422542023726485,
    0.0017141784086230803,
    0.0015990304421972144,
    0.0016252840869128704,
    0.0016702254546213555,
    0.001721089891031046,
    0.001610177087555216,
    0.0019892843186177993,
    0.0015399769445965912,
    0.0016176110683855686,
    0.0015780118516307664,
    0.0017504893952387977,
    0.0015635715575296092,
    0.0016911341067911549,
    0.0016022390283813531,
    0.0017168356783010743,
    0.0016504955869591372,
    0.0015803811150941658,
    0.0015955865330232139
  ]
}