{
  "loss": [
    0.07472329037255755,
    0.011614684937777085,
    0.005728006501666457,
    0.004102866919620652,
    0.0035755134061650827,
    0.002937597500334908,
    0.00199532160839308,
    0.0014214664126378275,
    0.0011312609647440204,
    0.0009893344962375714,
    0.0010134289556847445,
    0.0009240058819317876,
    0.0008328330884650547,
    0.0008561048183423837,
    0.0008395347234407632,
    0.0008249469855915554,
    0.0007479556736447392,
    0.0007321658457985937,
    0.0007263788399447141,
    0.0007455673969513798,
    0.0007985115627581987,
    0.0007137586539187143,
    0.0007309029097022418,
    0.0007726986880993074,
    0.0007482844788398327,
    0.0006813140272386833,
    0.0006670182773898578,
    0.0007505020410070323,
    0.0006824128320901782,
    0.0006966476511271138,
    0.0006959064536609388,
    0.0006762083350050005,
    0.0007159543778170081,
    0.0006709947250474649,
    0.0006686515788997298,
    0.0006615661391799003,
    0.0006460162175277447,
    0.0007457573309163608,
    0.0008050067465345578,
    0.0007406918993932018,
    0.000637769399154816,
    0.0006299569008721221,
    0.0006326782103042446,
    0.0006721635216004672,
    0.0006751037886445299
  ],
  "val_loss": [
    0.010976912707767704,
    0.008465488631786271,
    0.008041551294313236,
    0.0076827856669710445,
    0.007087414025921713,
    0.00496818948621777,
    0.0034467163601551542,
    0.0028240556341849947,
    0.0026332361792976208,
    0.0026090052772567355,
    0.0024291330376978626,
    0.0021864204953255303,
    0.002149536919949407,
    0.002118410521440885,
    0.002009915928779678,
    0.001933979854749685,
    0.002081937082535164,
    0.0020695208328437398,
    0.001972010983577506,
    0.0023011308353902264,
    0.0019195786656134508,
    0.0019505543168634176,
    0.001994426573880694,
    0.002011339174879884,
    0.002030663747890768,
    0.001903987039854242,
    0.0019641650830056856,
    0.002097614681009542,
    0.001953731560867957,
    0.002064667568034069,
    0.001942963847382502,
    0.002112063214140521,
    0.002022455070718107,
    0.0020612723045897756,
    0.0018891820747574623,
    0.002097076032607054,
    0.0020612034131772816,
    0.002168884559068829,
    0.0024931818903000517,
    0.002061672842087732,
    0.0019916859772903,
    0.002019681719089435,
    0.0019687594189731913,
    0.0022082011723382907,
    0.00209268187278543
  ]
}