{
  "loss": [
    0.0472208144905739,
    0.003529254485631508,
    0.001366112816207618,
    0.0007090041153281137,
    0.0007112331562416148,
    0.0006366619952665321,
    0.00060999650178991,
    0.0006204666752532078,
    0.0006176482945364413,
    0.0006139425941780835,
    0.0006062179786041149,
    0.0005987119484424367,
    0.0005857735372742986,
    0.0006454836885044623,
    0.0006186478126095814,
    0.0006127433367995801,
    0.0006431092632787054,
    0.0006991211749727745,
    0.0006244978225694444,
    0.0006446736772313292,
    0.0005975281215494352,
    0.0006376139799138707,
    0.000759372269655689,
    0.0006060741652811159,
    0.0006086027933569554,
    0.0007049749477414018
  ],
  "val_loss": [
    0.008704883427443829,
    0.004915425120006231,
    0.0019096921843645925,
    0.001733293026601049,
    0.0016086310232904825,
    0.0015732633394443176,
    0.0016123893702487376,
    0.0015553199548528276,
    0.0015969017457047646,
    0.0015597772646949372,
    0.0016383688992143354,
    0.0015547053401612422,
    0.0016488673017275605,
    0.0015483316012912176,
    0.001615600946190005,
    0.0015473302707753398,
    0.0015744354776953432,
    0.0016112275717949326,
    0.0016642102643593469,
    0.001620691089721566,
    0.0016489305046641014,
    0.0017733079148456454,
    0.00158524455036968,
    0.0015667691318826242,
    0.0016129131598228757,
    0.001610887157519094
  ]
}