{
  "loss": [
    0.07438761348899195,
    0.023196713907173986,
    0.013869078878211734,
    0.009433045403388057,
    0.006874657544023181,
    0.005251843716929566,
    0.003936779472351127,
    0.0031883797332687056,
    0.0026484633617352106,
    0.0022708747127210506,
    0.0020114424184461107,
    0.0017819475912322718,
    0.0016672380427070611,
    0.0015474162265173468,
    0.0013833915310598117,
    0.0012264843294380614,
    0.001102614442477119,
    0.001105722241335456,
    0.0010468044894499247,
    0.000957203565145742,
    0.0008858759986730612,
    0.0008439379248673075,
    0.0008002287622626376,
    0.0007995837899977497,
    0.0007216173408245021,
    0.0007203803680818315,
    0.0006786980055474898,
    0.0006981228588627308,
    0.000642117650822303,
    0.0006349136436107449,
    0.0006156041259343327,
    0.0005573050902047331,
    0.0005675420083560987,
    0.0005751282505329827,
    0.0005414908916792663,
    0.0005298722007816859,
    0.000517010410593146,
    0.0004935369569039924,
    0.00047848688848292094,
    0.00048726700301009347,
    0.0004870014008902105,
    0.0004529054214188415,
    0.0004885177711219827,
    0.0004883533136951086,
    0.000527416858582519,
    0.00043071514058906483,
    0.00041766088380045836,
    0.0004614091767739462,
    0.00041374392128035935,
    0.0004138819542721654,
    0.0003846646702754997,
    0.0003942692715671772,
    0.0003775187694373817,
    0.0003801996555974299,
    0.00038688545303276707,
    0.0004011875483780369
  ],
  "val_loss": [
    0.01113243920041779,
    0.007174139357218779,
    0.005757087545063575,
    0.0057305727438876335,
    0.004213594345053314,
    0.0035170523837396053,
    0.0025154426316704665,
    0.002033974036220565,
    0.0015740189408654523,
    0.001491228733784077,
    0.0014339975753211152,
    0.001324899508956008,
    0.00121842509274782,
    0.0012746781504884696,
    0.0010547322733587892,
    0.0010166031743566292,
    0.0009859231350730125,
    0.0009273381893361747,
    0.0009397627709709191,
    0.0008807066416981833,
    0.0008644586843282359,
    0.0008622531362226514,
    0.0008219543030854918,
    0.000839303734753926,
    0.0008114333695071286,
    0.0008992081605269985,
    0.0008021626360038056,
    0.0008739230046425972,
    0.0007775893181890208,
    0.0007768055912193078,
    0.0007700971485435568,
    0.0008622695793990857,
    0.0007936652808634866,
    0.0008403146841079413,
    0.0007626890761234053,
    0.0007676684654346412,
    0.0007838064729230864,
    0.000760676030833118,
    0.0007938487784008303,
    0.0007674636795021615,
    0.0007672940731092809,
    0.0007408155983914855,
    0.0007807382775272903,
    0.0007558576458630636,
    0.0008241833779796979,
    0.0006989477845832352,
    0.0007434747201018556,
    0.0007185841599666623,
    0.0007176184869051375,
    0.0007169463315018708,
    0.0007056356389816933,
    0.0008041152570269191,
    0.0006995384206451663,
    0.0007728966562384375,
    0.0007062896997693863,
    0.0007209987101579532
  ]
}