{
  "loss": [
    0.09663093618871668,
    0.011709587588716255,
    0.006301971381364706,
    0.0040666039585870615,
    0.0027879342211946097,
    0.0021177441499743974,
    0.0018807705034106224,
    0.001622035311147564,
    0.0014002224704432534,
    0.0012574164401010833,
    0.0011545616751778363,
    0.0010817840347466245,
    0.0010159353400222635,
    0.0009268668258342345,
    0.00086394004357271,
    0.0008040361092880486,
    0.0007636180581040057,
    0.000709408384902614,
    0.0006963399990106275,
    0.0006572001749033677,
    0.0006330353377338601,
    0.0006116996432237635,
    0.0005954252394193107,
    0.000563367873869702,
    0.0005547883745287803,
    0.0005384461012572253,
    0.0005248454303673994,
    0.0005084640988594752,
    0.000478065616347587,
    0.00048737974669301034,
    0.0004662873800432354,
    0.0004762266882348776,
    0.0004395576349149148,
    0.00043422605243074097,
    0.0004290347645133357,
    0.0004180425501276191,
    0.0003997321319340408,
    0.00040707658519562934,
    0.0003838617884080526
  ],
  "val_loss": [
    0.02575905279740275,
    0.009759182242452891,
    0.0049171533982540015,
    0.0024302307527392644,
    0.0009982918201186096,
    0.0005987344375374472,
    0.0006354502412001473,
    0.0006353771618070528,
    0.0006223360753576557,
    0.000547536521826158,
    0.0005559520724401211,
    0.0005585805777338068,
    0.0005294793562159754,
    0.0005374566647653369,
    0.0005601509944106551,
    0.000512609463646831,
    0.0005238179236783142,
    0.0005138589966100479,
    0.0005037575506854948,
    0.000508651769344107,
    0.0005073342634906066,
    0.0005142273150147693,
    0.0005104271007256905,
    0.0004959359640507912,
    0.0005403415258653857,
    0.0005226008905886084,
    0.000497745879725475,
    0.00047048258184788323,
    0.00046218139042703216,
    0.0004919710825652654,
    0.0005029193361422474,
    0.0004635350281169753,
    0.0004935839283995476,
    0.0004943657195580572,
    0.00046952604934021665,
    0.0004718117905304606,
    0.0004745784313834205,
    0.0005227775331170366,
    0.0004650234123958566
  ]
}