{
  "loss": [
    0.06409394073151758,
    0.008814039431844296,
    0.004451760618171412,
    0.002981562736285189,
    0.002196858936109809,
    0.001762626942686316,
    0.0015828284373043502,
    0.0014248200795248835,
    0.0013220627883278296,
    0.001235568557833463,
    0.001173137003598208,
    0.0010874451442186592,
    0.0010459018031785936,
    0.0010276293288793105,
    0.0010000288304283288,
    0.0009510097057214743,
    0.0009339772725124923,
    0.0009031214157775057,
    0.0008756533522336745,
    0.0008639840082405936,
    0.0008346272740216476,
    0.0008333871436042832,
    0.0008209950172664441,
    0.0007906535766274395,
    0.0007884854231650904,
    0.0007785432940432379,
    0.0007558756321114022,
    0.000750205015544264,
    0.0007383295861851337,
    0.0007420963395695458,
    0.0007320169179867107,
    0.0007122446310498564,
    0.0006976480903161462,
    0.000677861050086611,
    0.0006711799306041152,
    0.0006719677891394507,
    0.0006615920582877404,
    0.0006680670038474058,
    0.0006583985053448571,
    0.0006497977751323211,
    0.0006307134728861893
  ],
  "val_loss": [
    0.015676688388441867,
    0.005775983365054265,
    0.003676986551682014,
    0.002004453107403993,
    0.0012852816950209302,
    0.001166601573203773,
    0.001124139477653831,
    0.0011195322829206725,
    0.0011347861198986893,
    0.0011147088242322994,
    0.0011135653947474768,
    0.0010944432122514639,
    0.0011037834365004923,
    0.0011368588011939084,
    0.001127745242091881,
    0.0011028027329764661,
    0.0010956937724025592,
    0.0011105530320440796,
    0.0011112868585702615,
    0.0010984998378785766,
    0.0011195735106926427,
    0.001080740800972014,
    0.001074729789831979,
    0.001104857515949593,
    0.0010762388021777133,
    0.0010890997837071684,
    0.0010876366836596832,
    0.001084856232920496,
    0.0010935881288232196,
    0.0010788120729691114,
    0.0010705666288330215,
    0.0010951862758162138,
    0.001070855876492607,
    0.0010861060305430235,
    0.0010772996152881192,
    0.0010866319100774446,
    0.001089238488294016,
    0.0010921386911563985,
    0.0011499988038962436,
    0.001072303425571231,
    0.0010832561594099122
  ]
}