{
  "loss": [
    0.13660073749930926,
    0.005866323840397764,
    0.0030582765753472776,
    0.0024414863601379413,
    0.0021086957954972144,
    0.0017693860367806234,
    0.0012608467384805561,
    0.0007922283265556038,
    0.0005548531722447927,
    0.0004730435833498888,
    0.0004756611351310735,
    0.00039002880155646676,
    0.0003736464792049267,
    0.00038465994744705904,
    0.00038927811252045065,
    0.00036352664202740284,
    0.00037313381605125754,
    0.0003756156923334626,
    0.00035530279765994303,
    0.0003488015085885065,
    0.0003347397645817361,
    0.0003298788985670347,
    0.00031754956375741936,
    0.000335540380214118,
    0.0003378206186003091,
    0.00032597381587166495,
    0.00034563553980289315,
    0.0003469692843205387,
    0.0002976517921844891,
    0.0003114037242763951,
    0.00034657770580887585,
    0.0003272731342470982,
    0.00030029363951540854,
    0.000433378931197246,
    0.00035663490744412574,
    0.000333221506288039,
    0.00032865600070168435,
    0.0003245688842045484,
    0.00032523321766655527,
    0.0003478691948440031,
    0.00044726688352505296,
    0.000327790023194967,
    0.00031887148720094227,
    0.0002831030951839098,
    0.00030858305973184466,
    0.00031909461356174776,
    0.00033613102359723456,
    0.0003891014858824529,
    0.00034758310009148235,
    0.000369227399498644,
    0.000421815020570033,
    0.00033672445971833566,
    0.0003283997820559102,
    0.0004212508932359412,
    0.00030648733922083614
  ],
  "val_loss": [
    0.012521471971703344,
    0.007004782099652441,
    0.0059541974145611255,
    0.005409525136048554,
    0.004750941390418173,
    0.0034921693156475947,
    0.002124987381049993,
    0.0012913805341963716,
    0.0010686695431580855,
    0.0010606829340814897,
    0.0008884351914135494,
    0.0008908186423532269,
    0.0009972655720792251,
    0.0008484428873708268,
    0.0008781240214085003,
    0.0009169097818924682,
    0.0008457974181510508,
    0.0008464426828446571,
    0.0008349187044571584,
    0.0008791198517673281,
    0.0008580921061600477,
    0.0008418942971712015,
    0.0008101836540664517,
    0.0008825226378736689,
    0.0008871285058949299,
    0.0010526975292675927,
    0.0008440304715323317,
    0.0007894792251128453,
    0.0008305650755843925,
    0.0007902647632582463,
    0.0008677227240961034,
    0.0007912906502922657,
    0.0007664222956350705,
    0.0008170886616762571,
    0.0008488575238551872,
    0.0007757662573903642,
    0.0008502707756985323,
    0.0007525137520469568,
    0.0008189184592804592,
    0.0010991017908087465,
    0.0008815110991095879,
    0.0007849490523230055,
    0.0007348421683726722,
    0.0007534320196378141,
    0.0007269864579720073,
    0.0007478276309876831,
    0.0007806477842575946,
    0.000738958991850082,
    0.0007469966760295227,
    0.0008945020614517983,
    0.0007406611656522279,
    0.0007423834450652494,
    0.0007417414161143172,
    0.0007330626142517786,
    0.0007663079800282498
  ]
}