{
  "loss": [
    0.07649170415887603,
    0.005229732187864969,
    0.0034670188794398114,
    0.0032373706943281144,
    0.0030950959178240724,
    0.0029802449529454027,
    0.0027448557370457756,
    0.0021216873602611336,
    0.0010879113377709915,
    0.0008703646597774542,
    0.0006293622125669358,
    0.0006041424438303126,
    0.0005527553061782545,
    0.000594123980534901,
    0.0005813004160872987,
    0.0005567190251721913,
    0.0006757482488746055,
    0.0005846394455858581,
    0.0005094275070764338,
    0.000513383597772824,
    0.0005500271534997055,
    0.0005092709715530296,
    0.000534647633172662,
    0.0005478366714040327,
    0.000495435447034327,
    0.0004882750376352583,
    0.0005468459445864035,
    0.0005313811870866973,
    0.0005049557835590809,
    0.000489343468560564,
    0.00048410385214638606,
    0.0005010555712158007,
    0.0004890986559456555,
    0.00047698547667659406,
    0.0004732497293988089,
    0.00048086557673246417,
    0.0004902024978365508,
    0.00047329030293715774,
    0.0004934591218483246,
    0.0005825120592851358,
    0.0004946081960729081,
    0.0004678052577336352,
    0.0005362414918406725,
    0.0006564926051764359,
    0.0005346338062984257,
    0.0004775519218969758,
    0.00045989395923835293
  ],
  "val_loss": [
    0.01290636294231092,
    0.008321933081499675,
    0.007713280199161285,
    0.007454057564966811,
    0.007206768950457949,
    0.006793826593024386,
    0.005979920367839023,
    0.0030977384550812193,
    0.001738799163678921,
    0.0014999197191415598,
    0.0015492832575654098,
    0.0013453175927208912,
    0.0013057288754966547,
    0.0014788338879868125,
    0.001270244404662411,
    0.0013821815273216144,
    0.0014105613735190504,
    0.0012393674017022113,
    0.001274015950183522,
    0.0013262614956235958,
    0.0012204440505827064,
    0.001214991522327654,
    0.001223795098214501,
    0.0011924020327826008,
    0.0011883119472738603,
    0.001232939584302875,
    0.001327745242150072,
    0.0012372055271415799,
    0.0012022654633648557,
    0.0012027182958971535,
    0.0011927540080223825,
    0.001170401410193134,
    0.0012126132277430301,
    0.0011963840380766822,
    0.0012011826056422211,
    0.0012004419748128847,
    0.0011595767258196197,
    0.001334145769844034,
    0.0011803854546839389,
    0.0012349066950449108,
    0.0011641837328761732,
    0.00125918961112021,
    0.0011604511424832108,
    0.0011843390953602277,
    0.0012502305570704802,
    0.0011941520748423526,
    0.001210735649414287
  ]
}