{
  "loss": [
    0.01845854598469135,
    0.0106442185352135,
    0.0027477260709295975,
    0.0013555004970736367,
    0.0011949870389475407,
    0.0010878343375393998,
    0.000997272958667754,
    0.0009316900810610259,
    0.0008594976995657172,
    0.0008032637338200523,
    0.000765895781264711,
    0.0007515831815692394,
    0.0007215107398893337,
    0.0007023864684861433,
    0.0007278978922979542,
    0.0006604691973053763,
    0.0006693437956022674,
    0.0006259275230161349,
    0.000591098538325978,
    0.0005792369086485465,
    0.0005660188490723962,
    0.0005510211600467198,
    0.0005366585658856252,
    0.0005474880912423377,
    0.0005147233821337033,
    0.0004937214935408514,
    0.0005072420945862635,
    0.0005423289038511373,
    0.0005424845302805869,
    0.0004634843027128206,
    0.00045283657101020085,
    0.00045347164203590285,
    0.00042012175824533964,
    0.00043578755324771704,
    0.00045020278908644383,
    0.0004158581598273075,
    0.0004022659036980316,
    0.0004056343248671233,
    0.0004612907889014354,
    0.00040415455004111817,
    0.0004003505311021928,
    0.00039925948386321247,
    0.000439990935203131,
    0.0003692590450088645,
    0.00036446719406777606,
    0.0003539404828614175,
    0.000372675979968676,
    0.00035875883876161256,
    0.00034478985474710493,
    0.00035299142853269596,
    0.00034499943589204633,
    0.0003823105877265742,
    0.00038405392200967925,
    0.0003708005682451049,
    0.0003444085548961461,
    0.0003382769402889988,
    0.00033610697519888776,
    0.00033287360407660896,
    0.00034191736857287677,
    0.000354406006794708,
    0.00033506331377641503,
    0.0003534922528945879,
    0.00034417232867812493,
    0.00033856096956766716,
    0.000330218410325831
  ],
  "val_loss": [
    0.026358306677249903,
    0.007938616911670124,
    0.0021046629703852984,
    0.0018807934088846889,
    0.0016624078308923192,
    0.0015266116027301759,
    0.0014232518639022823,
    0.0013441544610796427,
    0.0012294521195079032,
    0.001166502458877195,
    0.001085359495873957,
    0.0010346408534424325,
    0.0010167523137882776,
    0.0009530567684037748,
    0.001103456880175218,
    0.0009562598747891037,
    0.0009810995670931928,
    0.0008540713665367526,
    0.000884098542858065,
    0.0007983719925289579,
    0.0007818650555036105,
    0.0008007686184112101,
    0.0007555636591194055,
    0.0007418962394923292,
    0.0007280794937624085,
    0.0007239517073783812,
    0.000703698595533349,
    0.0007511694219603426,
    0.0006886037195265427,
    0.0006711122604657285,
    0.0006472458909543414,
    0.0006484105318333262,
    0.0006277870861380703,
    0.0006392456000737314,
    0.0007349886120850513,
    0.00060238987879909,
    0.0005986384995202256,
    0.0006064938761722736,
    0.0006427744940913382,
    0.0005959461735940607,
    0.0006012790168741467,
    0.0007194756027185145,
    0.00057888037593578,
    0.0005685337159983509,
    0.0005760549965405633,
    0.0005633496992524465,
    0.0005676696726799802,
    0.0005525614521027014,
    0.0005596123245268952,
    0.0005680967329232082,
    0.0006335626107084484,
    0.0007550280583000661,
    0.0006661350624012566,
    0.0005525107637655517,
    0.0005512024127734869,
    0.000576537246123181,
    0.0005657633264541327,
    0.0006236716858760405,
    0.0005519149174116779,
    0.0005776241842554636,
    0.0006446479229161571,
    0.0006685977069523455,
    0.0005676577041030896,
    0.000551247058856726,
    0.000559397306355897
  ]
}