{
  "loss": [
    0.019167229916657265,
    0.01448240045309589,
    0.01212211331638964,
    0.0055272042970782925,
    0.002587919770460535,
    0.0016562581421608335,
    0.001372911429317832,
    0.0012153702417545206,
    0.001119715414441179,
    0.0010156481343933817,
    0.0009565244627071351,
    0.0008985596724557011,
    0.0008655149604934681,
    0.0008445617320008684,
    0.0008748864665899983,
    0.0008330628697781208,
    0.0008095509129265536,
    0.0007098742187411928,
    0.0007202987294693886,
    0.0007322342620968356,
    0.0007316546951735941,
    0.0006968927321814007,
    0.0006253495505315212,
    0.0006324904153418845,
    0.0006576804981142302,
    0.000628370434523895,
    0.0006158865305570216,
    0.000594757050898928,
    0.0005981514371211134,
    0.0005904540158855144,
    0.0005689237119003386,
    0.000555336491562356,
    0.0005358295866312313,
    0.0005617007918804158,
    0.0005201733362957047,
    0.0005145369569166836,
    0.0005136144118941586,
    0.0004926668798485286,
    0.0005203379075318466,
    0.0004945117880551914,
    0.0005055273820783174,
    0.0005004181966358535,
    0.00046197229408790805,
    0.00046759496820163334,
    0.0004987062727924367,
    0.00046840526395694785,
    0.00044528839653095766,
    0.0004929998405699945,
    0.0004954877664866208,
    0.00048202790305743737,
    0.00044939953998931364,
    0.0004764906359635346,
    0.0005102332635167488,
    0.00046060432907784596,
    0.0004806004275598017,
    0.0004478419816898173,
    0.00047608111154159963,
    0.0004384071676996163,
    0.00042355480473129585,
    0.00043213418968161794,
    0.00039685166833697494,
    0.00041848400038274586,
    0.0004513929462011584,
    0.00039761522731797193,
    0.0003945244300479834,
    0.0003853378118029288,
    0.0003918764050690962,
    0.0003746026905907862,
    0.0004013671226733402,
    0.00040597652657105586,
    0.00039803570474914476,
    0.00037876992187908624,
    0.0004439192040799128,
    0.00044854523479327413,
    0.00042855913215765566,
    0.00038932471672657173,
    0.0003765459833083331,
    0.00039785393220584625,
    0.0003955646723504144,
    0.0004223233888511543
  ],
  "val_loss": [
    0.02268771950579177,
    0.02298463848270941,
    0.01406364742118798,
    0.00699544600152957,
    0.002625519059399523,
    0.0023799993722000766,
    0.0016277714433205338,
    0.0016489883837317234,
    0.0016631512175606055,
    0.001414950536522012,
    0.0013197037320643477,
    0.0014709929437357182,
    0.0012346663131719603,
    0.0014392735592209723,
    0.001094949439911678,
    0.0012861066541457536,
    0.0010974749138200303,
    0.0010652632533925252,
    0.0010582734010845614,
    0.0009725542958462857,
    0.001071023030126475,
    0.0009134922520274971,
    0.0009403854765801402,
    0.0012231194835618635,
    0.0008633461525006899,
    0.0008368753882521575,
    0.0009734927896693111,
    0.0009205549881579134,
    0.0008685999522799427,
    0.0007959014790044805,
    0.0008035321815530982,
    0.0008177000630599151,
    0.0008462254755940397,
    0.000872949588121575,
    0.0007238703732325175,
    0.0007105086061502219,
    0.0007068548992052726,
    0.0007408570887597766,
    0.0007872929658605775,
    0.0007150512934716007,
    0.0008010283933488081,
    0.0006964108465486768,
    0.0006702967311740671,
    0.0006750077587644726,
    0.0006447821949920572,
    0.0006970829906729379,
    0.0006738137312513749,
    0.0006852862683490394,
    0.0006507149606961861,
    0.0006647852285207739,
    0.0006857651965024179,
    0.0006105926569361348,
    0.0006324012277631061,
    0.0006869173627369359,
    0.0006198851605935407,
    0.0007527262288411814,
    0.0006044185777300072,
    0.0006115319318397696,
    0.0006016281885663293,
    0.0006381656487983227,
    0.0006096747337085494,
    0.0006110470756680424,
    0.0006066027001171643,
    0.000610385425069115,
    0.0005733420701078094,
    0.0005937549691671834,
    0.0005844760949425684,
    0.0005746440222130342,
    0.0006982175090066681,
    0.0005714410926708137,
    0.0006227211706371314,
    0.0007394625182149236,
    0.0006370615579743951,
    0.0006135027480958193,
    0.000610968230323525,
    0.0005718030849434229,
    0.0005919048179976962,
    0.0007772920352094206,
    0.0005985153912861758,
    0.0007546158410911028
  ]
}