{
  "loss": [
    0.015755360585217704,
    0.005414967534891173,
    0.0018446572876268505,
    0.001507893909412931,
    0.0014718569589479646,
    0.0013584496326006527,
    0.001263143553213838,
    0.0012471226293584655,
    0.0012274945584179351,
    0.0011912100028819573,
    0.0011973074463573286,
    0.0011911504954968454,
    0.0011815620803271353,
    0.0011384892185983223,
    0.0011318958420208367,
    0.0011254794767025095,
    0.0011210336755289353,
    0.0010821875601601527,
    0.001052350764074569,
    0.001075126500377295,
    0.0010623324377359695,
    0.0010508968736040567,
    0.0010666675386401142,
    0.0011085656613762072,
    0.0011184117803779178,
    0.0010671937079275106,
    0.0010193944045141447,
    0.0009928761174897824,
    0.000976735780911766,
    0.0009649087967716416,
    0.0009586700920126728,
    0.0009540245886297488,
    0.0009575000674829146,
    0.000942741924453038,
    0.000951476663794653,
    0.0009645263668204469,
    0.0009517597283137379,
    0.0009344024976005204,
    0.0009447143501191416,
    0.0009365621639283627,
    0.0009305933114178413,
    0.0009167034317352721,
    0.0009315731256735193,
    0.0009266356591252956,
    0.000916786461962512,
    0.0009149515467999113,
    0.0009206393013367884,
    0.0009469609597155161,
    0.0009486824564718301,
    0.0009287538548061864,
    0.0009226435043502921,
    0.0009035024009230201,
    0.0009004757200946402,
    0.0009119862118656631,
    0.0009103680568475059,
    0.000929005058331496,
    0.0009156059945850563,
    0.0009210527705550913,
    0.0009121823287487256,
    0.0009120087606042457,
    0.0009038032375001473,
    0.0008865301986899229,
    0.0008895954326307626,
    0.00089527526349336,
    0.0009019910337715219,
    0.0008870352161715168,
    0.0008873282651817029,
    0.0009035902268332137,
    0.0008931922200548627,
    0.0009013368079366065,
    0.0009003089601521353,
    0.0009040751349599399,
    0.0009131991554400219,
    0.0008919062633600663,
    0.0008987571763235564,
    0.0008890710333262101
  ],
  "val_loss": [
    0.019914484039894622,
    0.00438925615937879,
    0.0029505991422073756,
    0.0023338407745021115,
    0.0021679571732642284,
    0.0020990672268329327,
    0.001991620100580021,
    0.002139064695717276,
    0.0018637429608156803,
    0.0018507380522670668,
    0.002000558296396466,
    0.001742060570714598,
    0.0018206198309772912,
    0.0017286173074968637,
    0.001769133228769674,
    0.0017215329434429106,
    0.0017323343900280434,
    0.001688169725184073,
    0.0016354865945272948,
    0.001600088230240051,
    0.0016823799412365031,
    0.0015854825471259,
    0.001831041664895673,
    0.0016509551806420846,
    0.0015667832357162087,
    0.0015777784304380302,
    0.001742580824374446,
    0.0015307597630407864,
    0.0015202068220895443,
    0.001501047639552935,
    0.0015055471303031067,
    0.001488870558977735,
    0.0014841374667586092,
    0.0016006112746203337,
    0.001507793845023669,
    0.0017702715137565567,
    0.001486544860195696,
    0.0015795604086992808,
    0.0015257088021950658,
    0.0014712825048788915,
    0.0014764935837966368,
    0.001453326907638211,
    0.0014940370629233733,
    0.0014867437591015087,
    0.0015905756853888463,
    0.0014431297327222943,
    0.001461502758287948,
    0.0014666454620383981,
    0.0015488707980354066,
    0.0014377175080180792,
    0.0014374757575577792,
    0.0014757017131389548,
    0.0014462135667228134,
    0.0014876784700601565,
    0.0014503917058038744,
    0.0014653826271887802,
    0.0014225598790804951,
    0.001485136953183168,
    0.0014808992091326024,
    0.0015121864125222186,
    0.0014575578806846502,
    0.001438583128999872,
    0.0014328026507281007,
    0.0014518304190382807,
    0.001423720323082548,
    0.0014217462754520006,
    0.0014648240704525839,
    0.0014591892958603114,
    0.0014427571635884252,
    0.0015812353395812753,
    0.0015861521084692895,
    0.0014634008019756021,
    0.0015130742291323686,
    0.0015723204284528404,
    0.0014819059592562584,
    0.0014271745271526141
  ]
}