{
  "loss": [
    0.016226446901965383,
    0.014587191865256432,
    0.010790383247662693,
    0.0042644135942025265,
    0.0021784167504754672,
    0.0019556407905818632,
    0.0016122822113276338,
    0.0015665441127297995,
    0.0014038258770105937,
    0.0012740879595207833,
    0.0011443426573901376,
    0.0011294489746430708,
    0.0010413649423933495,
    0.000987465720138268,
    0.001013136898456913,
    0.000882785208717214,
    0.0009564226666254721,
    0.0009239301722566566,
    0.0008160969466914156,
    0.0008204556675056214,
    0.00076597031482615,
    0.0007363495057690048,
    0.0007320491971973948,
    0.0007653403074108227,
    0.0006899873971863961,
    0.0006909927838675495,
    0.0006751845452613174,
    0.0006995279673319138,
    0.0006876770338418794,
    0.0007396984583273994,
    0.000753347441774141,
    0.0008071450279923119,
    0.0006616743372992932,
    0.0006414757318715518,
    0.0006758781896118346,
    0.0006282197177599575,
    0.0006401254027895711,
    0.0006642657224842621,
    0.0006998071056530974,
    0.0006701176698402907,
    0.0006093831929055249,
    0.0006634618557523323
  ],
  "val_loss": [
    0.026701922376247664,
    0.015209465833595838,
    0.00697599766032462,
    0.0038047890711228605,
    0.003333760915396629,
    0.0028351797930823747,
    0.003223138909446275,
    0.003315764318397774,
    0.0031949805726604187,
    0.0022608980333098366,
    0.0018200301916580725,
    0.0019840137501634524,
    0.0015839912378299147,
    0.0020554606962731427,
    0.0014534093339516883,
    0.0014357698709873666,
    0.0016842256750269004,
    0.0014456380168377566,
    0.0013684282306502722,
    0.0013288660455813763,
    0.0013806991365262838,
    0.0012591180671071207,
    0.0012165181952760514,
    0.0011787433579586114,
    0.0011451139159485055,
    0.0011541786736721932,
    0.0011089181108788816,
    0.0011087418062695313,
    0.0011131578482563124,
    0.0011799939431577807,
    0.0016854555857392425,
    0.0010566061273734027,
    0.0011211333329101535,
    0.0010873127540234108,
    0.0013348506637285457,
    0.0010668800529953927,
    0.0011736809283168534,
    0.0011399939540651873,
    0.0012348220214572824,
    0.001059980823944021,
    0.0010650097223300543,
    0.001525500395998452
  ]
}