{
  "loss": [
    0.014500945410456432,
    0.004262432171740634,
    0.001955656532883311,
    0.0016200057032764292,
    0.001449989932687224,
    0.0012674951517169725,
    0.0011045811580966036,
    0.0010443175331383604,
    0.0010035627618850955,
    0.000987363725183887,
    0.0009191858423524689,
    0.0008820077280972459,
    0.0008549904414027577,
    0.0008650551717644675,
    0.0007958687267573252,
    0.0008261727197685739,
    0.0008982691156658712,
    0.0008216488838013292,
    0.0007799477158734923,
    0.0008017702268998774,
    0.0008088297735599998,
    0.0007694729818743667,
    0.0007410492026971809,
    0.0007584530423870592,
    0.0007195576130684444,
    0.0007013481775397114,
    0.0008235993953923915,
    0.0007189865214774668,
    0.0006877330451524347,
    0.0007284714743433335,
    0.0007033839775678072,
    0.0006836066744943565,
    0.0007296062634170957,
    0.0007224153199417665,
    0.0007525496543870961,
    0.0007168770690070092,
    0.0006942333304119108,
    0.000703740198704537,
    0.0006960418329436164,
    0.0007771804610513075,
    0.0007250378825891631,
    0.0006700768366685494,
    0.000773743752903374,
    0.000756502783071725
  ],
  "val_loss": [
    0.01671932824085543,
    0.0029528306234337816,
    0.002973824647165866,
    0.0020582636053089742,
    0.002135091114585885,
    0.001634805682484418,
    0.001666871345568298,
    0.0013599194390686315,
    0.001270146349280482,
    0.0012277231245043899,
    0.0011726545659088178,
    0.0013464069586850817,
    0.0011021487796303501,
    0.0010953635243363471,
    0.001153945611655111,
    0.0012108381773327037,
    0.0013073018203315911,
    0.001091349238506486,
    0.0013739785561771994,
    0.0010336674831617203,
    0.0011000548158603901,
    0.0010935364296576929,
    0.001151928070334197,
    0.0011369133625899717,
    0.0010512242896284166,
    0.0010747575801466909,
    0.0011187980316776228,
    0.001065230498887645,
    0.0010315464814880057,
    0.0010345412841810222,
    0.001161130319815129,
    0.001099125965451757,
    0.001082822210035612,
    0.0009851094694925998,
    0.0010054782593184992,
    0.0010404662542907788,
    0.0010407123030927575,
    0.001083480455295438,
    0.0014189742505550385,
    0.0010697057010684945,
    0.0010356604879701275,
    0.0014735545702531199,
    0.0010688757683864182,
    0.0011454063531798886
  ]
}