{
  "loss": [
    0.01910598108067997,
    0.01710379101358988,
    0.016867527041260814,
    0.013312240760837452,
    0.0073094562528455455,
    0.004591528869715489,
    0.0039218823310954816,
    0.003620363613992844,
    0.0033575591188763115,
    0.0032104983420549195,
    0.0031882220326724586,
    0.003030250444634764,
    0.0029872819464637312,
    0.0029106900434975533,
    0.0029308211074591194,
    0.0028653463512723102,
    0.0029061988908132565,
    0.0028127857768984487,
    0.0027921290090492296,
    0.0027573967768916175,
    0.0027513752397767127,
    0.002686196443969166,
    0.0026675636829613797,
    0.0027103391221493366,
    0.002678940451300488,
    0.002651373955407605,
    0.002599028942806079,
    0.0026248156531426996,
    0.0025355302557963245,
    0.002575715845647777,
    0.0024993727431062455,
    0.0025206788407319334,
    0.0024623864737933245,
    0.0024198140141850934,
    0.002414413939306899,
    0.002410674536023609,
    0.0023902291579786876,
    0.0023981142707444883,
    0.0023993646271228,
    0.0023644401341120134,
    0.002344461060434895,
    0.0023096209463165517,
    0.002431832166403407,
    0.0024554959582283914,
    0.0023388749786023397,
    0.0022956562969782715,
    0.002278108317745663,
    0.002308563629527313,
    0.002276228398286584,
    0.0022471432360451475,
    0.0022270016091247326
  ],
  "val_loss": [
    0.02985158126703773,
    0.0311672019691877,
    0.028926276729627918,
    0.015521585819465562,
    0.011699529777674855,
    0.008285266790496872,
    0.007050748421485197,
    0.007595330712555406,
    0.0059137268300145825,
    0.005585329774095343,
    0.006161176919004494,
    0.005452124448361394,
    0.005217176985556769,
    0.005126223627404117,
    0.00525916541881775,
    0.005223383721625472,
    0.004991268703208175,
    0.005664325655797626,
    0.0050954549386306985,
    0.0046923216955954946,
    0.004858434434764119,
    0.004696473503640762,
    0.004876370851314051,
    0.00452360795656696,
    0.004842988665076039,
    0.004681735774080626,
    0.00435650799999111,
    0.0043868806224337436,
    0.004773602726417456,
    0.004281914309839569,
    0.004479116134811852,
    0.004489348333064187,
    0.004239325288122011,
    0.004090533695049331,
    0.004363921337564709,
    0.0040999327098313176,
    0.004130937120695421,
    0.004572072494979236,
    0.0042874859415437325,
    0.004203004374259706,
    0.004002453784835084,
    0.00422026678413295,
    0.004055845474131416,
    0.004419314322658568,
    0.004224642542160552,
    0.0040994466707581995,
    0.004418024505275174,
    0.004127482383392087,
    0.004031368292198955,
    0.004185917732257085,
    0.004173641766868057
  ]
}