{
  "loss": [
    0.020188586865023447,
    0.01655444446803712,
    0.01642781516197961,
    0.0164060429649439,
    0.015778885979824613,
    0.008120558500247323,
    0.004191287645370607,
    0.0032913782857047196,
    0.0029030131698703178,
    0.0028237930632940933,
    0.0027255668741443645,
    0.002597566418801889,
    0.0024170318467701436,
    0.002379211220151451,
    0.0022148372428925835,
    0.0021743528414255526,
    0.002158559842621654,
    0.0022124909548450955,
    0.002159617948546521,
    0.00230859433599357,
    0.0020498477615475026,
    0.0019491677856025276,
    0.0019507706685445501,
    0.001858007270931254,
    0.0018864622821444898,
    0.0017830107141762854,
    0.0019250032971158506,
    0.0019292288933689776,
    0.0018704652122984475,
    0.0018476480123584495,
    0.001788639731536453,
    0.0017071810066487014,
    0.0018043291524442514,
    0.00174976060653913,
    0.001735346011425104,
    0.0016303730006604115,
    0.0016374339364107007,
    0.0016209005607331372,
    0.0015943832200949416,
    0.001613230302990492,
    0.0016068110123510974,
    0.0015655361379479551,
    0.0015885628318158531,
    0.0018222937718764432,
    0.0016770240620987632,
    0.0015956953143546966,
    0.0015456223601955353,
    0.0015453759841121267
  ],
  "val_loss": [
    0.03160554983684521,
    0.029742111676906265,
    0.027571173798125445,
    0.03002928318769744,
    0.023441004514526784,
    0.011216576776226585,
    0.007148124118011152,
    0.007424318937982401,
    0.0061892216470552965,
    0.007124876203224733,
    0.004726296616456566,
    0.00519376475196541,
    0.004174881792637739,
    0.004186714253796453,
    0.004297379456627904,
    0.004663275370342929,
    0.0040410608537181205,
    0.0037446587681351754,
    0.004460482682844394,
    0.004994675412439228,
    0.0034555180189252068,
    0.0037163371570785057,
    0.003646485477403392,
    0.0034971789540618322,
    0.0033403564456410788,
    0.003692639834676566,
    0.00389636792451813,
    0.003262244508957511,
    0.003999841022776084,
    0.0035405651119464403,
    0.003295636929446057,
    0.003095222635749267,
    0.00325299262885381,
    0.0035148369700365354,
    0.0030929079917625764,
    0.0033315908218723503,
    0.0034324691390221038,
    0.0030154953593011487,
    0.00303259554575459,
    0.0030623250575526877,
    0.003174787184506069,
    0.0033002804737182314,
    0.0030471984888269994,
    0.003592370015181852,
    0.003111226744478924,
    0.0034209772240726298,
    0.003063610786300027,
    0.0032555191918914573
  ]
}