{
  "loss": [
    0.01671179378914697,
    0.00818617022272753,
    0.0038489696216296894,
    0.0024723932691731,
    0.002193605649328431,
    0.0020889640452377923,
    0.0021243113354782236,
    0.0019870352201907518,
    0.001971816166943773,
    0.001947215555637924,
    0.0019122789351379364,
    0.0019166796272022612,
    0.0019599202243822545,
    0.0018872460003298435,
    0.0018718321633622666,
    0.0018650492912907033,
    0.0018322130121706788,
    0.0018625319864733591,
    0.0018498610970117775,
    0.0018859912574589383,
    0.0018298018802769922,
    0.0018657675558060617,
    0.0018504841724966007,
    0.001769842744805738,
    0.0017636983948018444,
    0.0017812710729236785,
    0.0017471297446674386,
    0.0017402280538147128,
    0.0017185381561658601,
    0.001718123578577054,
    0.0017077453973438515,
    0.0016957784996948736,
    0.0016851817849915386,
    0.0016918725798130952,
    0.00167020800664346,
    0.0016831692300815538,
    0.0016650264944902498,
    0.0016505860553795541,
    0.0016328080374216735,
    0.0016313128006663386,
    0.0016392795840014516,
    0.0016180807237227495,
    0.0016375133780420167,
    0.0016764029439681242,
    0.0016069702748594218,
    0.0016072043334441088,
    0.0016041420915769372,
    0.0015996356935812882,
    0.0016109858589982427,
    0.0016061753143532661,
    0.0015924709740323371,
    0.0016119406181170541,
    0.0016096889320064726,
    0.0015722496695931192,
    0.0015847071425345455,
    0.0015817767535618906,
    0.0015622640099038968,
    0.001557178424692589,
    0.0015667189653305927,
    0.0015878196029203862,
    0.0015543705526585368,
    0.0015570517894979844,
    0.001549933282224332,
    0.0015438200579096114,
    0.0015509913562040975,
    0.0015770237965152165
  ],
  "val_loss": [
    0.024466964463295226,
    0.006015392606345455,
    0.005506613909193639,
    0.004142615038985282,
    0.0037500884310666767,
    0.003500471115269269,
    0.0036871219838686873,
    0.003350954776200769,
    0.0031884300870444167,
    0.0031998798805759864,
    0.003227965414440364,
    0.003099446942286796,
    0.0030992243941245453,
    0.0031158415315505326,
    0.00308994593601046,
    0.0030954267915987064,
    0.003182530310266557,
    0.0029947779002714526,
    0.003004628840540902,
    0.0029953451895186408,
    0.0030521796152958376,
    0.0031112417332786186,
    0.003107241823160079,
    0.0029387953665023776,
    0.0030544717061029895,
    0.0028504836582317113,
    0.002866204045817591,
    0.0028399830576806757,
    0.002973155973981438,
    0.0029561876612349174,
    0.0028906653378828525,
    0.002824506165166752,
    0.0027922705519588644,
    0.002828910630300976,
    0.002944900158510198,
    0.0029286124542083464,
    0.0029207118119772397,
    0.0028576840518377304,
    0.002860122356364985,
    0.002748358056859605,
    0.002857761923223734,
    0.002814533400841141,
    0.003082292041940133,
    0.002689216160372402,
    0.0026044219815998934,
    0.002587902277258089,
    0.0026076596447402673,
    0.0027145261986160213,
    0.002953340536182265,
    0.0025738354502873643,
    0.0025914852086224415,
    0.002704587375242891,
    0.0028339015840542284,
    0.0026308407789891524,
    0.002592562007184109,
    0.0025688777193741013,
    0.002654569842224794,
    0.0026424155581030954,
    0.002629473755722133,
    0.002582280084312883,
    0.002603714088804685,
    0.002642056250714519,
    0.0026437151847470007,
    0.0027323340044848703,
    0.0026189980732821178,
    0.002833893251856475
  ]
}