{
  "loss": [
    0.020712732998617468,
    0.015486842723005092,
    0.01430383172195148,
    0.012169108660290931,
    0.004524398815972193,
    0.0020673738105182536,
    0.0016915395028072688,
    0.0015148091295565682,
    0.0014694388023589482,
    0.0014091804901999391,
    0.0014015277092148497,
    0.0013724184576556831,
    0.001279930250160151,
    0.0013429593216601682,
    0.0012021815822042521,
    0.0011813869541890988,
    0.0011641039775509572,
    0.0011383024405585067,
    0.0011602175171610038,
    0.001138242801637873,
    0.0011468096540202012,
    0.0010932561707848003,
    0.0011043229711230986,
    0.0011180474037919953,
    0.0010287930426341467,
    0.001033685485646047,
    0.001015165151444645,
    0.0010397177588128406,
    0.0010163904458213681,
    0.0009885590169535882,
    0.0009986531855142092,
    0.0010193827077881247,
    0.000993835925090463,
    0.0010135293745488082,
    0.0010260386479977223,
    0.0009980354502126117,
    0.0010239848003879243,
    0.0009830921438116844,
    0.00097304049825881,
    0.0009529586773003669,
    0.0009623865469552155,
    0.0009488200900823649,
    0.0009878866481560005,
    0.0010284623621540825,
    0.0010780884215944152,
    0.0009530149745802302,
    0.0010116915843772778,
    0.0009528037017912568
  ],
  "val_loss": [
    0.026298525940621664,
    0.026509848650612424,
    0.022719250747744342,
    0.013463907371790797,
    0.004647635471600535,
    0.0032898931974490566,
    0.0027444006422485227,
    0.0024875328564987814,
    0.0028074952417197463,
    0.002864881815139407,
    0.003046167213463249,
    0.0028573769112890442,
    0.0026634128545404436,
    0.0021502887132782826,
    0.001963220809805863,
    0.0018902033640654963,
    0.0021777144479636764,
    0.002553564889585103,
    0.0017996692165896048,
    0.0020394211482695685,
    0.0017199356399861007,
    0.0017761466240463584,
    0.0017498244531939748,
    0.0018058321555632177,
    0.0016717981050119604,
    0.0017247749856222458,
    0.0018356115002941076,
    0.0016570650684066648,
    0.0016797054917817855,
    0.0017422248201504496,
    0.0017658884129181734,
    0.0018307474012209967,
    0.001580777022688204,
    0.0017660664108086954,
    0.0019829800273545055,
    0.0015570954897024018,
    0.0015764194936036928,
    0.0015346662491602847,
    0.0015722232668776185,
    0.0015853961415470655,
    0.001538331983604493,
    0.001628129792154859,
    0.0019067661848758326,
    0.0020685125619037963,
    0.0016523352060226705,
    0.0017738852341759384,
    0.001816429722387827,
    0.0016086286759800232
  ]
}