{
  "loss": [
    0.019326795811147983,
    0.017111815450612067,
    0.016300953970216428,
    0.009815926683689856,
    0.0058897371480217614,
    0.00378321322483992,
    0.0032978139587038937,
    0.003265492286744091,
    0.0029887707700600717,
    0.0029606023990520827,
    0.0029226892749680826,
    0.002856039737957481,
    0.002746253243494416,
    0.0029045194473631478,
    0.0027877802536984985,
    0.002868730198972029,
    0.0027291075873023263,
    0.0025598726917916903,
    0.002537987955836452,
    0.0025444708298891783,
    0.002527394588526097,
    0.002456755317938865,
    0.0025450519701476636,
    0.002476520972727002,
    0.002499745291735322,
    0.002510986476192565,
    0.0025215491844581685,
    0.002435951934509232,
    0.0024211445012457798,
    0.002492168956219086,
    0.002467098665567761,
    0.002491342086047788,
    0.0025682440421631444,
    0.002370556655560311,
    0.0023326542452774012,
    0.0023424768679413685,
    0.002366206512974026,
    0.002310386417949151,
    0.0023976857898122296,
    0.0027130061895789728,
    0.00279897823775866,
    0.002500034560054974,
    0.002474226979514171
  ],
  "val_loss": [
    0.030276289797892538,
    0.030731811730884004,
    0.0250983290095014,
    0.012884245018304827,
    0.00907391604777726,
    0.006552096319620667,
    0.0058592362556596,
    0.005293076618178056,
    0.005318613813483964,
    0.005516822592459377,
    0.005252017540451471,
    0.005512289211873223,
    0.005603360454453079,
    0.005324200192226632,
    0.006086525422635539,
    0.004882713054640079,
    0.004709628267052993,
    0.004723950263667362,
    0.004623260813214601,
    0.004665979173507336,
    0.00453169713925723,
    0.004546508789088846,
    0.0045505272477464765,
    0.004357827679304172,
    0.0045090423043306176,
    0.004414880230345749,
    0.0043046430116875,
    0.004425670912744849,
    0.0046204524480275375,
    0.0045973591406367285,
    0.0044140844315071785,
    0.004610455765874985,
    0.004276282966460985,
    0.004632641224597635,
    0.004481602354104271,
    0.004421069222051898,
    0.004636149838648452,
    0.004595454879397529,
    0.005581005008613277,
    0.005544718232103314,
    0.004550981918571166,
    0.004352161115103914,
    0.005042753884795384
  ]
}