{
  "loss": [
    0.04837482168831475,
    0.015783910085049868,
    0.013205978326440486,
    0.011545381035324818,
    0.007126094892591552,
    0.0042306163668527665,
    0.006420850626003774,
    0.0032023800718831512,
    0.002890457100625639,
    0.002562171373501577,
    0.002782568553824669,
    0.0023657079514119326,
    0.0025221940208629444,
    0.002196448254083646,
    0.0022541563798204106,
    0.0020965628519248,
    0.0022373722750274176,
    0.0022473882944400937,
    0.0022391076730080965,
    0.001992273655750362,
    0.002009530845585565,
    0.002056737178314081,
    0.001820626900745957,
    0.0018501252047766717,
    0.001777669653237495,
    0.001785948111412747,
    0.002090080770219143,
    0.0020559172763627617,
    0.0019405040279335507
  ],
  "val_loss": [
    0.029511956581741237,
    0.028553530087255027,
    0.015751857174497643,
    0.011145359407482522,
    0.00685450953975571,
    0.008387469404031721,
    0.006839981564226445,
    0.004445311647389879,
    0.003992088000405203,
    0.0037128977043282114,
    0.0033910526629809417,
    0.003605075253780638,
    0.003300264693555956,
    0.0033475729699633766,
    0.003909784549679817,
    0.003241284917830751,
    0.0050515717868640855,
    0.0032200878930769943,
    0.0031749931114380446,
    0.004536692942544985,
    0.0034930907017185113,
    0.0037809732040453158,
    0.0036240681022238195,
    0.004224804802954699,
    0.0032169518422000528,
    0.003933661081043355,
    0.0033478132315670674,
    0.0032383260000601747,
    0.004052100636410328
  ]
}