{
  "loss": [
    0.16021579966288463,
    0.02215060524061564,
    0.014422005430790766,
    0.013018297773153177,
    0.011841781897551126,
    0.009705814500708513,
    0.007089583932181826,
    0.005372647551572472,
    0.0039741480519054385,
    0.0030573647408295413,
    0.0023870540819421696,
    0.0024793635485950813,
    0.001776393980799105,
    0.0017917530755567489,
    0.0017366193547656012,
    0.001372063936330329,
    0.001099797853136511,
    0.0010390847559734375,
    0.001085818505226306,
    0.0011856608369978788,
    0.0009771619546172085,
    0.0008087084904305745,
    0.0010833629960560558,
    0.0012205780698561677,
    0.0010643705849173106,
    0.0007270351637165424,
    0.0007515012256416035,
    0.0006406669688971564,
    0.0009338346321586123,
    0.0007799404112338013,
    0.00065422253495048,
    0.0006548133482159154,
    0.0006884321159220362,
    0.0007066064555982419,
    0.0008492736731806016,
    0.0006014711148686057,
    0.0006044804893732454,
    0.0006749104438990068,
    0.00121199810036886,
    0.0008035393759560947,
    0.0008322265121736615,
    0.0007330721784325947,
    0.0006025119353339902,
    0.0007596389585369615,
    0.0005678995186840341,
    0.0006817947861581854,
    0.0004812873189818511,
    0.0004944209873421747,
    0.0005534387644927172,
    0.00047193229321296155,
    0.0005978129108243043,
    0.0005255175479171709,
    0.00053062979665571,
    0.0005264832725196888,
    0.0007227933639017975,
    0.0010705857587251298,
    0.0006029099287239625,
    0.0005302532609220491,
    0.0007557570992426827,
    0.0007732835774417221,
    0.0007786038754795699,
    0.0005206291200004664,
    0.00039999624937091493,
    0.0006277438049475722,
    0.0005569821171349537,
    0.0008159169721332686,
    0.000697579981887793,
    0.0007580839306772068,
    0.0004920114066552344,
    0.0004389529785521139,
    0.0004117083403039552,
    0.0003803900576209257,
    0.0003882207075491681,
    0.0005046233199640824,
    0.000509093310267359,
    0.00039550145203594414,
    0.0006688338006527191,
    0.0005866972789428623,
    0.0004763799055261832,
    0.00039956021325889544,
    0.00047005356931285885,
    0.00044606873895669053,
    0.00041498143880495876
  ],
  "val_loss": [
    0.07848576718267058,
    0.02304067855556179,
    0.019844388148144158,
    0.024275246242916368,
    0.01876343248202756,
    0.012603987517912618,
    0.008173475298389854,
    0.008214604340741687,
    0.00580999050638154,
    0.00427675242348472,
    0.0033125574713451437,
    0.0030185020316893366,
    0.0034070698264727934,
    0.0039240833683179665,
    0.0038789887589644047,
    0.0024747055736932277,
    0.002297485184606459,
    0.0025690778300047293,
    0.0016992280061773946,
    0.00270908462573437,
    0.001864643681900325,
    0.0016950514193704344,
    0.0015786209495043209,
    0.0014901858363390982,
    0.0016345806433089418,
    0.0012688113461428124,
    0.0015600110070286487,
    0.0017867517820979247,
    0.0021483842457868108,
    0.0015063194335850367,
    0.0012499312033822526,
    0.0011320293896499602,
    0.0010276948453486483,
    0.001738995302664878,
    0.0011434009933718912,
    0.0009950535816247684,
    0.0011684112331536748,
    0.0027153401796405053,
    0.0019471182209541622,
    0.0015866002545856074,
    0.001349764988446368,
    0.0010284067332762682,
    0.0009239722188916083,
    0.0009678336058649003,
    0.0016123503763047816,
    0.0009726493615507252,
    0.000893938830739143,
    0.0008917492111994989,
    0.001140541113504879,
    0.0009740441226227346,
    0.0008419233068485386,
    0.0012612128016718466,
    0.0009751441885604835,
    0.0008344217367443139,
    0.0011029938618870821,
    0.0010327766374936753,
    0.0009229912392888089,
    0.001457042560684036,
    0.0008183204939158765,
    0.0016327327376957491,
    0.0012023225566339983,
    0.000790708817169587,
    0.000822593506839612,
    0.0011944330429649252,
    0.0007921366948484547,
    0.000864421041364602,
    0.0017123907367245458,
    0.00168384302403628,
    0.0008881464732963276,
    0.0007308226282354419,
    0.0008917675657461342,
    0.0007157017239989473,
    0.0007154861642383607,
    0.0007385315390735808,
    0.0007326832791466147,
    0.0011784174022924842,
    0.0010644547239555648,
    0.0011782196564173607,
    0.0008995613015751547,
    0.0008760171208721838,
    0.0008668678912144263,
    0.0007923754009943916,
    0.0007727639926448929
  ]
}