{
  "loss": [
    0.03249446858506175,
    0.017088460233364643,
    0.012552718104405107,
    0.009167395494772135,
    0.00721305741915044,
    0.005562386437225719,
    0.0045045164584417785,
    0.003724986263389541,
    0.003212521363258793,
    0.00311615336423022,
    0.0027803471573236115,
    0.0025729066978099706,
    0.002240270172261724,
    0.0023477663508959766,
    0.002380813952128728,
    0.0020225100709817053,
    0.0020267672382347393,
    0.0018816646185435325,
    0.0018510255699871938,
    0.001888823892738701,
    0.001672975636958661,
    0.0016932783850273937,
    0.001661976212954107,
    0.001455856068651831,
    0.001457327068007581,
    0.0014079927551735262,
    0.0014475189507250942,
    0.0012751740696629716,
    0.0013044932750233354,
    0.0012991174411213172,
    0.0011359862130909427,
    0.0011111153475450272,
    0.0011049294905514113,
    0.0012629845892910057,
    0.0011776553437110495,
    0.0012125269455140304,
    0.0012239428895559523,
    0.0010801698605855375,
    0.0010715048966977495,
    0.0011825729180639794,
    0.0010139415883640842,
    0.0010254119394205393,
    0.0009828706905111043,
    0.0009165612053075468,
    0.0009864185614603645,
    0.0010209732141030535,
    0.000987830829924215,
    0.0009209247458487723,
    0.0009391940810925056,
    0.0009556951566061584,
    0.0009253180050627965,
    0.0008979067390371018,
    0.0010190747941324404,
    0.0008835416810925118
  ],
  "val_loss": [
    0.025461081435492,
    0.018217886158851945,
    0.014373124234497506,
    0.00974214713572316,
    0.00934728277492258,
    0.006604596540482096,
    0.004299888821248799,
    0.004186318517288242,
    0.004174165473668026,
    0.0034190134802037885,
    0.0035157983125898577,
    0.00281284280996951,
    0.0026677753080086722,
    0.003063577282344806,
    0.0024043017074139336,
    0.0023390021633683225,
    0.002707581298091606,
    0.002057218507401158,
    0.00206843690308114,
    0.0024274290679864616,
    0.0018491456017962894,
    0.0018836111814736988,
    0.0018751239736003592,
    0.0017847275618536292,
    0.001693348610295716,
    0.0021818844083067086,
    0.0016745206720541557,
    0.001536623389565066,
    0.0014939698367509135,
    0.0017346086751887256,
    0.0014490943594080536,
    0.0014136856755692516,
    0.0016603306460781062,
    0.0013966739748608483,
    0.0014102911103519408,
    0.0014495425601781286,
    0.001515822654450118,
    0.0014470825316669402,
    0.0015828801611741494,
    0.0012826412404215116,
    0.0016387723295940332,
    0.0013212682782919748,
    0.0012756485110848252,
    0.0012587506070011586,
    0.0019141177893570924,
    0.0013585585556951545,
    0.0012703735702923695,
    0.0012941965374283452,
    0.0016188735585343688,
    0.0013244375938670102,
    0.001298950262214232,
    0.0013374778136393374,
    0.0013163489335241193,
    0.0014192403812429016
  ]
}