{
  "loss": [
    0.032401072966898425,
    0.010300561455268115,
    0.006047855300010491,
    0.0033134239734131294,
    0.002385956632663617,
    0.0016787890485086875,
    0.0013315168215391037,
    0.0011333854068378644,
    0.00101781852102373,
    0.0008946916788228613,
    0.0008721236317804833,
    0.0008195914473732182,
    0.0007785753547838117,
    0.0007843862583863202,
    0.0007657460490556983,
    0.0007232760963767712,
    0.0006913368979145039,
    0.0006441927247107979,
    0.000624836898719679,
    0.0006032279027957165,
    0.0006598238667523781,
    0.0005761374911885714,
    0.0005640602231107691,
    0.0006125792986170792,
    0.0005487905760121092,
    0.0005573997381838806,
    0.0005667517739325677,
    0.0005003570037607579,
    0.0005584044700524754,
    0.0005474726236209133,
    0.0005297163833647418,
    0.0004942660020511154,
    0.0005143511442186501,
    0.000548679592844386,
    0.0005188142020226568,
    0.0005090368181261863,
    0.0004893303687030109,
    0.0004909808378643387,
    0.0004919050845749548,
    0.000488036014852524,
    0.000467878669039177,
    0.0004626732758942712,
    0.0004898047673987552,
    0.00048139685412246344,
    0.0005091423171786963,
    0.0004616938760863928,
    0.00045603080431347775,
    0.0004627523490384203,
    0.0005088961309491462
  ],
  "val_loss": [
    0.001361544049104699,
    0.0010358081711875984,
    0.0007771644312610667,
    0.0008097761862439165,
    0.0008905677161348697,
    0.0007817635004926634,
    0.000719371728241268,
    0.0006672962462618667,
    0.0007257446878875158,
    0.0007803108892807202,
    0.0007147127866177289,
    0.000752307852236399,
    0.0007682838131662009,
    0.0006891025452543277,
    0.0006484028374829204,
    0.000600081914607965,
    0.0006784335873590269,
    0.0006104301912006089,
    0.0006015544272694432,
    0.0006730651967169333,
    0.000596402052321036,
    0.000598384747097602,
    0.0006209671198314213,
    0.0005770121927030162,
    0.0006042838022506817,
    0.0005959771225104902,
    0.0005975390299082567,
    0.000630217794381888,
    0.0006822565544720213,
    0.0005756148799799186,
    0.0007080887756345925,
    0.0006801107608607936,
    0.0006409829970702384,
    0.0006699210047998289,
    0.0005788262814009528,
    0.0005742556690551656,
    0.000593363966632327,
    0.0006107742973327528,
    0.0005561419056751733,
    0.0006000138783292011,
    0.0005612516351158495,
    0.0005588735281502707,
    0.000630005761876382,
    0.00059143973232845,
    0.0006463326036722765,
    0.0006385059644492025,
    0.0006233809691667815,
    0.0005945698899021902,
    0.0005739864421137783
  ]
}