{
  "loss": [
    0.0589651004470535,
    0.007750417986298703,
    0.004328051453865754,
    0.0034871070428958597,
    0.003140113740557083,
    0.002833790591145167,
    0.002644679192089921,
    0.002510518559956365,
    0.0023509503240865042,
    0.0021939244347707436,
    0.002142565278928954,
    0.002045628441760857,
    0.0019671489312360494,
    0.00187376798740488,
    0.0017582576569887356,
    0.0017192554948753389,
    0.001628305992925194,
    0.0016089428550089306,
    0.0015371400093538796,
    0.0015180364031280903,
    0.0014733504315984516,
    0.0014679272055438753,
    0.0014056676221065822,
    0.001434415921294255,
    0.0013540206376823607,
    0.0013591288215533462,
    0.0013131431864591716,
    0.0012794108457063187,
    0.001277969293778549,
    0.001262953560139384,
    0.0012585731224145065,
    0.0012438267996263358,
    0.001250857674893108,
    0.0012543818840557589,
    0.0012101859527857857,
    0.0012199026841515804,
    0.0012119176608361975,
    0.0011683464072871105,
    0.0011669207178791818,
    0.0011596239786231405,
    0.0011548229660033793,
    0.001125774145745045,
    0.001152642953684435,
    0.0011691650067803014,
    0.0011083512764567933,
    0.0011094774960055162,
    0.001095896867827601,
    0.0011004192130713707,
    0.0011032351440091721,
    0.0010963026417836958,
    0.0010782064985546817,
    0.001076226767175841,
    0.0010576846481379762,
    0.0010979642618338024,
    0.0010539564782587672,
    0.001073245568674576
  ],
  "val_loss": [
    0.015289842394002644,
    0.003958148849644858,
    0.002963660207753702,
    0.002814506032508038,
    0.002425861201993342,
    0.0023886447579494706,
    0.002212460169690756,
    0.0020577986820469736,
    0.002040977874086232,
    0.0019319585421885073,
    0.0020138291119905696,
    0.0017732842508742439,
    0.001790878590751008,
    0.0016718630148344668,
    0.0017498466670071522,
    0.0016029340981712338,
    0.0016017360867662265,
    0.0015922241174970524,
    0.0015861535630113544,
    0.0015446210196930162,
    0.0017366753495752947,
    0.001651047793576803,
    0.0016584548268063226,
    0.001516152647953231,
    0.0015069873709000407,
    0.0015043965211226455,
    0.0015294699121241925,
    0.0015361650494242936,
    0.0014609940004381746,
    0.0015305435183332035,
    0.0015146019883977308,
    0.0015391286919926095,
    0.0015812671522192937,
    0.0015448341043010053,
    0.001519558861877021,
    0.0014994522082395956,
    0.0015826136019273117,
    0.0014686690543737975,
    0.00144851299347304,
    0.0014877278847110716,
    0.0015191368783357836,
    0.0015118816825905438,
    0.0015325987713334815,
    0.0014592589859362313,
    0.0014448177065041743,
    0.0014275838146856473,
    0.0014686483050069176,
    0.001434889676993014,
    0.0014422664439436854,
    0.001452521798106734,
    0.0014657162251977076,
    0.0014806871841151158,
    0.0014887964011188156,
    0.0014751921675779766,
    0.001449642011345685,
    0.0014343328881623013
  ]
}