{
  "loss": [
    0.07557803282158723,
    0.010677185294561567,
    0.00478513937086365,
    0.0037922417681923067,
    0.003416702291570283,
    0.003115535422949908,
    0.0029216086253992355,
    0.0027872482496956747,
    0.0026500160378308125,
    0.002534344890044319,
    0.0025311531967965916,
    0.00243148454378966,
    0.0023797069942020042,
    0.002356130046165477,
    0.0022744712255577323,
    0.0022528259228610267,
    0.0022280188723776094,
    0.0021727007550409387,
    0.002155513406310168,
    0.0021238579284137632,
    0.002105901667540246,
    0.002070001812640286,
    0.002081418061209556,
    0.0020495141242453034,
    0.002019160785511621,
    0.0020125977975122217,
    0.0019913057369903295,
    0.001985186676346519,
    0.001952363822974507,
    0.0019554026101747807,
    0.0019178574858929572,
    0.001962285160382746,
    0.0019191091760612938,
    0.0018969732659222622,
    0.0018751498693870602,
    0.0018800440269564143
  ],
  "val_loss": [
    0.022199366053336122,
    0.004084717984614747,
    0.003490461829233538,
    0.0033342254928867806,
    0.003241863304466595,
    0.003122396389116648,
    0.0030684428436032842,
    0.0031006855921547733,
    0.002885055576524373,
    0.0028624525934646135,
    0.0030058589175322586,
    0.00281274753879086,
    0.00293389154111527,
    0.0027847405839606784,
    0.00278183055539312,
    0.0027553133765926188,
    0.0027586878434325873,
    0.0027566157017175235,
    0.0027693606627937615,
    0.0027451791010504024,
    0.0028373538097889906,
    0.002784298265907453,
    0.00270075762639178,
    0.002767052145653896,
    0.0027707228907959515,
    0.002640911302100239,
    0.002750587491370905,
    0.002782078098840593,
    0.002680615344074335,
    0.0026838439032749344,
    0.002823551284839933,
    0.002830569348507299,
    0.0027141587604674394,
    0.002664341961473143,
    0.002695482131355348,
    0.0027752874034530158
  ]
}