{
  "loss": [
    0.054720958264248255,
    0.004163955966398159,
    0.0025718729266196606,
    0.0024193021914777632,
    0.0024060882048606677,
    0.002553838099434696,
    0.0024863053094751645,
    0.002410131047938287,
    0.00230070433623304,
    0.002331870974773363,
    0.0022845462656429275,
    0.002435659063214895,
    0.002874179796179048,
    0.002343368473240704,
    0.00234612766002728,
    0.0023116489795170832,
    0.0023992846603146166,
    0.0022659339050734857,
    0.0022812234372214146,
    0.002264654525416526
  ],
  "val_loss": [
    0.010950015812369308,
    0.005046008002603113,
    0.004222988608112767,
    0.004706644275274439,
    0.00455253179576327,
    0.005124004655866719,
    0.003981932787596126,
    0.004012698537170824,
    0.0040135099862134435,
    0.0038416845647583926,
    0.003939658769931976,
    0.004695212453685416,
    0.00480259654060786,
    0.004133848145754304,
    0.003938436065240641,
    0.004497334884039667,
    0.003885706815186261,
    0.003908765245402888,
    0.003987408139547953,
    0.00392125179112495
  ]
}