{
  "loss": [
    0.153414948278251,
    0.019399445530921287,
    0.014377200457023497,
    0.011964381016143558,
    0.008668786737399308,
    0.00653102930868964,
    0.0036323719871274966,
    0.0027128598157695675,
    0.0026445036509636986,
    0.0022176595955609806,
    0.0022394852499228696,
    0.0018964053626928663,
    0.0016449263160304543,
    0.0013651754008299586,
    0.0015019639981085106,
    0.002111348404846154,
    0.001309385295477567,
    0.0017027220815034382,
    0.0014685847018115932,
    0.001240901582540896,
    0.0012858734798064752,
    0.0013253888644085164,
    0.0012968483395991376,
    0.001650021072091333,
    0.0015450589162244012,
    0.0011424805874294286,
    0.0012825626123716182,
    0.0011729186280677933,
    0.0011501922254267133,
    0.0010780905096122717,
    0.0010830434600623614,
    0.0011942460140995535,
    0.0011714922672668051,
    0.0013634720533193727,
    0.001069771593387356,
    0.0012139804172319388,
    0.0012133361407694174,
    0.0012124910857794072,
    0.001287025291110606,
    0.001580501152709218,
    0.0011530110015672398,
    0.0014433957768249447,
    0.0011207378795206999,
    0.0010452314868741827,
    0.0013024167880209955,
    0.0011674448489278927,
    0.0012042119804019466,
    0.0012044338631015002,
    0.0010041701223782152,
    0.001040640132170303,
    0.0011380137178921004,
    0.0010764769024283883,
    0.0010271402661896631,
    0.001244521305494635,
    0.001090007673790854,
    0.0012062545044379518,
    0.001352543146776533,
    0.0016705227849049598,
    0.0015871059953530546
  ],
  "val_loss": [
    0.04133635131457777,
    0.02651479777281213,
    0.021316823320310027,
    0.017607205629873515,
    0.014730272865289174,
    0.007059736729039702,
    0.0045796674549595205,
    0.005161238263388433,
    0.004377888093444011,
    0.0027369768969257424,
    0.0028696058891490204,
    0.0023868952905746225,
    0.0024081793411750464,
    0.0026776306126578458,
    0.0026323225594682923,
    0.002198277258722052,
    0.0020962078026866065,
    0.0021797499193704716,
    0.0019181390468945604,
    0.0019504231187440922,
    0.002143118908171603,
    0.0020348640813750724,
    0.0024294162075252194,
    0.0025370155196153717,
    0.0018478934899897339,
    0.0023698220773102556,
    0.0025108001903452843,
    0.002017518500745494,
    0.002043948866325629,
    0.001909614861631088,
    0.001819521030105879,
    0.002561682612457244,
    0.0024042136806766068,
    0.0018131077623077911,
    0.00173590936281717,
    0.00284582224734273,
    0.0016541457463853384,
    0.0017188846236263692,
    0.0022525932374209,
    0.001634839292215586,
    0.0022745448396173586,
    0.0017268294785132779,
    0.0016702333850184693,
    0.001690401680568802,
    0.0026239359214242073,
    0.0020334302654588595,
    0.0020301795789953764,
    0.001637615933540216,
    0.0015779883294552044,
    0.0019868172207039314,
    0.0019936396415972746,
    0.001855454162137279,
    0.0034350600162445667,
    0.0018841587158044699,
    0.0017611112061925649,
    0.002034004729772389,
    0.0019665816940063275,
    0.0025937396745915773,
    0.0032949270605859104
  ]
}