{
  "loss": [
    0.06341805967509273,
    0.022952103341279863,
    0.018834198380128016,
    0.013578942208930541,
    0.008596547396173031,
    0.005656577121555056,
    0.0050954801299715555,
    0.004847398295189156,
    0.004253147370967999,
    0.0034690508685649795,
    0.003350409024028512,
    0.0038978492612501054,
    0.004574605440265311,
    0.0033991884936013374,
    0.0033554129635791205,
    0.003126444036667241,
    0.002935734565984236,
    0.002974087185254702,
    0.0027634227064915525,
    0.002819008108638079,
    0.0028567140361268704,
    0.002711127102728022,
    0.0028365231643452645,
    0.00265306609690127,
    0.00278747707577451,
    0.0026700175249289907,
    0.00261110511551779,
    0.0027687852439187786,
    0.002545399971305503,
    0.0027784951771669003,
    0.002672244649365669,
    0.002585372785758925,
    0.0025454574114154183,
    0.0027371670415812966,
    0.003090414361442932,
    0.002776341329428456,
    0.002984600609563268,
    0.0026529680501625316,
    0.0023505962803695513,
    0.0024120529471010417,
    0.002576579424663853,
    0.002630628190533233
  ],
  "val_loss": [
    0.03297483286118238,
    0.027320666385543185,
    0.023948621845249575,
    0.017377755593487407,
    0.013357995093116455,
    0.008945446517753192,
    0.006099807034948738,
    0.007850344270425604,
    0.0060910465244514685,
    0.005722087901480801,
    0.006007611587718709,
    0.010056612077215225,
    0.006439785406196324,
    0.005669073126959855,
    0.0049112666819160315,
    0.004579604294775462,
    0.005901887352266145,
    0.005452668147597625,
    0.005068018051592799,
    0.004519631206538776,
    0.006019313122531797,
    0.0050666087275421014,
    0.004197222798472584,
    0.005123356811022531,
    0.004666404480666523,
    0.004688655750436084,
    0.0046311129138790486,
    0.0043338437372347,
    0.004882767973691647,
    0.00489213439037225,
    0.005011501678073307,
    0.004174937294859339,
    0.005294102524661445,
    0.005506261170194965,
    0.006453763590822632,
    0.005671265465898974,
    0.004883356286671218,
    0.004312714648102391,
    0.0047078515482668615,
    0.005279428730659514,
    0.00458062100675368,
    0.004843703645006181
  ]
}