{
  "loss": [
    0.12089928015674588,
    0.015185453858780187,
    0.005726082818415253,
    0.0039024937607826486,
    0.003361104828632587,
    0.002914726493573114,
    0.002577215640126666,
    0.002244605567038438,
    0.0020979118599984688,
    0.001970867458355304,
    0.0018387666232504215,
    0.0017612005558117231,
    0.001686059310971051,
    0.0015565731574616697,
    0.001471797061911778,
    0.0013842785760355277,
    0.001361012710464554,
    0.0012869115593565114,
    0.0012806784952608954,
    0.001242814555760932,
    0.0012123151480721236,
    0.0011608799284994471,
    0.001156575777584255,
    0.0010938036689556831,
    0.0010711808984136435,
    0.0010758723281442315,
    0.0010364038701010366,
    0.0010503726284973429,
    0.0009898059330398852,
    0.000986365887278455,
    0.001009115479171606,
    0.0009542347461961827,
    0.0009535228763533456,
    0.0009353282571113303,
    0.0009548442394046806,
    0.0009663894676886326,
    0.0009730424255182487,
    0.0009607975702411881,
    0.0008830263462652162,
    0.0008752768310007395,
    0.0008715155795194104,
    0.0009071344180481328,
    0.000852521675618848,
    0.0008318535145790656,
    0.0008836920768780334,
    0.0008590519043944812,
    0.0008417756201969668,
    0.0008725359043125218,
    0.0008337424623437801,
    0.0008338690347876032,
    0.0008436550817716538,
    0.0008267958188200421
  ],
  "val_loss": [
    0.0505869989574826,
    0.008483332316281069,
    0.0021487935494776604,
    0.001903081657649931,
    0.0016072393852896128,
    0.0015090424933384,
    0.0013478963874845205,
    0.0013284708552324164,
    0.0012483177939753706,
    0.0013748768809988515,
    0.0012107074633273083,
    0.0011915345973353341,
    0.001226215182025742,
    0.0011444883448588604,
    0.0011680081363000566,
    0.001138623072898536,
    0.0011009987651257774,
    0.0010959130078126704,
    0.0010698939577588275,
    0.0010909429265274272,
    0.001076588931837364,
    0.001082621635827048,
    0.001065042366465406,
    0.0010533600535421205,
    0.0011214381566346313,
    0.0011760460165710096,
    0.0010256970692937612,
    0.0010020146862071355,
    0.0009971501972618278,
    0.0010256864767947775,
    0.0010009487465565431,
    0.0009902547369743484,
    0.001004678096495289,
    0.0009951226829204018,
    0.0010539045202304896,
    0.0012183469429227455,
    0.0011034203962531713,
    0.0009921998309680054,
    0.0009969320542163504,
    0.0010049324754692914,
    0.0010056103380871042,
    0.0009775260909912545,
    0.0009913636631849164,
    0.0010124763912814042,
    0.0009842021937251494,
    0.0010263603136120869,
    0.0009883382786402119,
    0.0010293730569748217,
    0.0010309248287697038,
    0.0009868064774161461,
    0.0010619134162436078,
    0.0010539856324035814
  ]
}