{
  "loss": [
    0.010941844812396104,
    0.00963420998682701,
    0.009535755270516599,
    0.00796574628253132,
    0.0037661489522443333,
    0.002767543520334305,
    0.002541550415013529,
    0.002290350434264852,
    0.0021332995483279065,
    0.0020478054130065705,
    0.0019483456414590235,
    0.0021007270834918898,
    0.0018845680163604355,
    0.0019214694223926127,
    0.0018277219957403212,
    0.001833149401847406,
    0.0017861440684297481,
    0.001787357054463616,
    0.0017586525140922073,
    0.0017577576402364624,
    0.0017276617825407257,
    0.001756176789122506,
    0.001729413890700546,
    0.001729794701174683,
    0.0017036429320393502,
    0.0016718747971826526,
    0.0016634100746940501,
    0.0016352456138350657,
    0.0016303508808350362,
    0.0016165294348614832,
    0.001606152334126142,
    0.0015853178239381947,
    0.0015980504021075636,
    0.001568463570637396,
    0.0016082080245082037,
    0.0015727865953288182,
    0.0015269434816294722,
    0.0015424128875067419,
    0.001494837272830173,
    0.0014893662734178816,
    0.0014741618561596598,
    0.0014826812408495088,
    0.001509804221507574,
    0.0015473901339321868,
    0.001525658561752468,
    0.0015034881901589488,
    0.0015687236622195081,
    0.0014745501468697733,
    0.001498466195407705,
    0.0015046816612599987,
    0.0014637979550952886,
    0.0014907896603671476,
    0.001461162044643722,
    0.0014554142329920659,
    0.0014819841444658165,
    0.0014491629268179424,
    0.0014249449108393575,
    0.0014388160454273493,
    0.0014228213352917535,
    0.0014324377092552105,
    0.0014272585274990683
  ],
  "val_loss": [
    0.010507416005129102,
    0.011391663967330098,
    0.010064614291896957,
    0.005801491457125886,
    0.0045476015532044155,
    0.003740452815511144,
    0.003358735613685623,
    0.003151660145865029,
    0.0032558013656067294,
    0.0030199154648966717,
    0.0040471332046944945,
    0.0029004812540283594,
    0.0027997934370126466,
    0.002768735527462699,
    0.003086411813405755,
    0.0029744376504828012,
    0.0027424964643461575,
    0.002899313609338401,
    0.002893647275498872,
    0.0025443200027251344,
    0.0026444604625606638,
    0.0027182628535645814,
    0.002646005306066221,
    0.002452725743811678,
    0.0026740807828478925,
    0.002430584134146719,
    0.002372766340242322,
    0.0026674604960855576,
    0.0025114191875857585,
    0.00239241730814992,
    0.00234968343267515,
    0.0022794894990675898,
    0.0024332381393681406,
    0.00266152123895591,
    0.0022027764941632876,
    0.0022749653561277873,
    0.002432109729111553,
    0.0022466885923148466,
    0.0021984472100542597,
    0.0025169227378972433,
    0.0021801939226892453,
    0.0022178231053518018,
    0.0023048733963065976,
    0.002154562327236232,
    0.0025742370618804973,
    0.0021912579767503467,
    0.0023029411748075354,
    0.0023587804002479203,
    0.0024269463280690083,
    0.002210021867809351,
    0.0021120998155473186,
    0.0024062901234077724,
    0.002156688071012792,
    0.002467336828815138,
    0.0021194595714459324,
    0.002188096066957927,
    0.0021346154475526667,
    0.0022757933028845862,
    0.002271475425007183,
    0.0022597895117471315,
    0.0021384703794025315
  ]
}