{
  "loss": [
    0.011623261154572587,
    0.008276516098432827,
    0.006214916552904466,
    0.001998865116384342,
    0.0011080374472712967,
    0.000872042852779626,
    0.0007628570716414866,
    0.0006866309246900106,
    0.0007045385766361583,
    0.0007533909695802654,
    0.0008118296727369631,
    0.0007694038149490349,
    0.0005861947482143395,
    0.0005570173530519764,
    0.0005741280306383978,
    0.0005578795215981819,
    0.0005266347264312534,
    0.0005154488397133139,
    0.0004927601463940979,
    0.0005036889150350359,
    0.00048399995849274046,
    0.0004973374023383701,
    0.0004902334298519968,
    0.0004281531459864219,
    0.0004285057371331724,
    0.0004212227520976335,
    0.00040229067090477355,
    0.00039534329969231555,
    0.0003785877999623416,
    0.00037591094712309043,
    0.0003633122869949393,
    0.00036203396244558324,
    0.0003787099621114878,
    0.00035876820350228596,
    0.00034415907000301247,
    0.0003570604160869844,
    0.0003555900182780384,
    0.0003407839879066615,
    0.00033459508728539466,
    0.0003279469082942963,
    0.00031281037204517473,
    0.00032695617205365446,
    0.00034390171550041323,
    0.00031877557400930584,
    0.00034178677844905517,
    0.00028669813919807955,
    0.00029912578290469324,
    0.00027911571691064,
    0.0003140108107413364,
    0.0002972106702610046,
    0.00029253230852758626,
    0.0003182576228271961,
    0.0003079500777292605,
    0.00028761212569300415,
    0.0003040911027271524,
    0.00027507860569954016,
    0.0002982680618457424,
    0.0002788983265246908,
    0.0002690559592756002,
    0.00030492266799009965,
    0.00029079330131989603,
    0.00027336322701600576
  ],
  "val_loss": [
    0.006568326412967501,
    0.00706456918282313,
    0.00547260373582787,
    0.0020398890790781434,
    0.001197074587510488,
    0.0009716640926649518,
    0.0010587956937838567,
    0.0009083934783019725,
    0.0008201482415137278,
    0.0009269487037195536,
    0.001136111306257794,
    0.0007276913930530222,
    0.0009533994750090037,
    0.0006454180244384811,
    0.0006595387337625998,
    0.0006210636616369319,
    0.000771988356671969,
    0.0006202496681071756,
    0.0005752769880605172,
    0.000726314877055265,
    0.0005281500961701288,
    0.0006188759910447805,
    0.0005018889729883625,
    0.0005707594213814148,
    0.000504829213132981,
    0.0004691360732275688,
    0.0004942641450943433,
    0.000475435863906484,
    0.00048349355060856497,
    0.0004439237236510962,
    0.0004517371484837992,
    0.00046851169111287213,
    0.00047216224297655075,
    0.00042759982876940767,
    0.00040819217722498695,
    0.0004244644592284262,
    0.000422743678944839,
    0.0004012058426053799,
    0.0004165080620909831,
    0.0004553236388204162,
    0.0004250087683901563,
    0.0004190151307934665,
    0.00040548719835807357,
    0.0004403851138383935,
    0.0004009152130259656,
    0.00046943512731638636,
    0.0003985851589266092,
    0.00039830230235060143,
    0.00041202011895359554,
    0.0003970924114334383,
    0.0004501476759641934,
    0.00038117289205450545,
    0.00043997917784960495,
    0.00039569362412299186,
    0.00041341498380639277,
    0.00039827361925415976,
    0.00039469395120254874,
    0.0003951344061305426,
    0.0003980227420356799,
    0.0004070117297771564,
    0.0004048982033728533,
    0.0004368750250529518
  ]
}