{
  "loss": [
    0.009750019905237892,
    0.003848095200428704,
    0.0011825492534971991,
    0.0009863795049038207,
    0.0009173267034563665,
    0.0009175763307519326,
    0.0008353609435156907,
    0.0008078523582160578,
    0.0008174573407316774,
    0.0008174442649770327,
    0.0007958038369955405,
    0.0008161457613514701,
    0.0007955147701658034,
    0.0007734271656732456,
    0.0007618430410068402,
    0.0007813644850137838,
    0.0007391811209351164,
    0.0007375070365534432,
    0.0007169952334073168,
    0.0007248593664091831,
    0.0007182374780132513,
    0.0007210947281150568,
    0.000703411218202491,
    0.0007350769690526041,
    0.0007026890914837334,
    0.0007052318142549661,
    0.0006986433029593267,
    0.0006797227307615909,
    0.0006900643473934463,
    0.0006825320725870686,
    0.0006841991595854839,
    0.0006872767455291089,
    0.0006739495330485677,
    0.0006618988921395051,
    0.000655027891658598,
    0.0006496244012703036,
    0.0006513593610192838,
    0.0006438063273918229,
    0.0006475228633372601,
    0.0006682172041117063,
    0.0006532126897884702,
    0.0006376432713675719,
    0.0006364835500535312,
    0.0006358148956913689,
    0.0006290492728120023,
    0.0006301882656858339,
    0.0006295712176764923,
    0.0006319410179383291,
    0.0006449175217783895,
    0.0006279881426583552,
    0.0006256545906362973,
    0.0006284244988786287,
    0.0006381765168829166
  ],
  "val_loss": [
    0.007954325149617726,
    0.0020303503541026467,
    0.0015228738897250162,
    0.0012806266139688768,
    0.0012442602930561933,
    0.00113907694903292,
    0.0011565605086089998,
    0.0012230684946166453,
    0.0012787728602225105,
    0.0010685240503204429,
    0.0011735413046690118,
    0.0010196772852790446,
    0.001032926027911145,
    0.0011729256730887785,
    0.001008714294574786,
    0.000987884447850791,
    0.0009711123559678511,
    0.0010010228479168063,
    0.0009546995765660764,
    0.0009855915759164045,
    0.0010293677410746001,
    0.0009282670225564915,
    0.0010297371807957596,
    0.0009212733121852506,
    0.0009322616021146263,
    0.0010976619986658772,
    0.000993259117410569,
    0.0009432900200157609,
    0.0009088588890202624,
    0.0009992754884386328,
    0.0009256041519612729,
    0.0008845413582674857,
    0.0009332370154093301,
    0.0009696185387504733,
    0.0008731484826364537,
    0.0008884061542255193,
    0.0008954812657780364,
    0.0008888468050529123,
    0.0009468007948693807,
    0.000870336775620555,
    0.0008800010815635584,
    0.0008709402190686322,
    0.0008615635057315074,
    0.0008633877233520274,
    0.0008748203926463838,
    0.000864432840604813,
    0.0008657120735348154,
    0.0009088204500448567,
    0.000862662758706774,
    0.000877723361643465,
    0.00089700463146096,
    0.0008862872853663437,
    0.0008655227510475475
  ]
}