{
  "loss": [
    0.00891854899193551,
    0.002943422148332444,
    0.0013075022343631893,
    0.0010452056745855658,
    0.0009217172834457947,
    0.0008728825896768106,
    0.0008852183069339277,
    0.0008216709869165351,
    0.000731997272161606,
    0.0007394711319951227,
    0.0006990319387940302,
    0.0006905574527269426,
    0.0006125937720994657,
    0.0006146871955172762,
    0.000588806065738304,
    0.0005608381996601281,
    0.0006116995996393831,
    0.0005909598188320439,
    0.0005371430611896465,
    0.0005335634790843941,
    0.0005200304808454397,
    0.0005062299945703244,
    0.0005100617093470557,
    0.0005173309758617487,
    0.000496640554410828,
    0.000498728860135046,
    0.0005057470349665177,
    0.0005389060041947223,
    0.000509311736746418,
    0.00048520010527540187,
    0.0005239605566424247,
    0.00047727275639466196,
    0.0004978695956717381,
    0.00048167992219974397,
    0.0005160779393411167,
    0.0005401366149572021,
    0.0005245933919395403,
    0.0004951864895162796,
    0.00047207055793559047,
    0.0004731980552557972,
    0.00047698679537516855,
    0.0004960161997861744,
    0.0004970430828423101,
    0.0004925977860559847
  ],
  "val_loss": [
    0.004747940617599246,
    0.0019827975965362762,
    0.0014225928054899702,
    0.0013404509648635352,
    0.0011574498197045669,
    0.0010367861853540722,
    0.0010013546308428722,
    0.0009286945553137682,
    0.0008924967341865925,
    0.000816750341378054,
    0.0008511939298935359,
    0.0007560484418781508,
    0.0006902902629951816,
    0.0006748781133422392,
    0.0006908624436543097,
    0.0006549948421164424,
    0.0008321254531482445,
    0.0007307517332716564,
    0.0007607318559384313,
    0.0006766265687828699,
    0.000710797395511182,
    0.0006226070339954037,
    0.0006758745722323708,
    0.0006244646245905138,
    0.0006260309301259097,
    0.0006341278933585131,
    0.000665164098787343,
    0.0006793254008613817,
    0.0006253540188269055,
    0.0006577206657916406,
    0.0006214051902642595,
    0.0006309816863462951,
    0.0006649555927932635,
    0.0006192404962525611,
    0.0006323644038262584,
    0.0006417045887865344,
    0.0006549313133524184,
    0.0006272424995962023,
    0.000647053195705044,
    0.0006305691091909161,
    0.0006233336396598917,
    0.0006581616003998272,
    0.0007616712596631442,
    0.0007261623980112177
  ]
}