{
  "loss": [
    0.011707652669551996,
    0.008710806320342528,
    0.007034769324653632,
    0.0023527000959228665,
    0.0013845380878475622,
    0.0012530006408836888,
    0.001130966771130024,
    0.000997082865674387,
    0.0009805581447316523,
    0.0009500393569395894,
    0.0008911927135235427,
    0.0008622708373031644,
    0.0008517472597687845,
    0.0008432346918918895,
    0.0008311875175695724,
    0.0008329658583337838,
    0.000814863483513656,
    0.0007684426889170456,
    0.0007811838874577848,
    0.0008009674615564234,
    0.0007845002769326244,
    0.0007556030105485998,
    0.000736658482284364,
    0.0007414786833060146,
    0.0007273942751531252,
    0.0007582819749014358,
    0.0007215402921027912,
    0.0007073691420456515,
    0.0006998496941491445,
    0.0007069974595937467,
    0.0007079832393045898,
    0.000702584333222943,
    0.0006855780465349379,
    0.00069198790007872,
    0.0006893652715469322,
    0.0006726416328062924,
    0.0006950383635765794,
    0.0006731508136808646,
    0.0006744046003628031,
    0.0006798980157894294,
    0.0006643602023660866,
    0.0006665621748085396,
    0.0007354751494247261,
    0.0007327733797496475,
    0.0006950764333279235,
    0.0006765280934005727,
    0.0006860498140076484,
    0.000659071314867836,
    0.0006495691602845309,
    0.0006582429800348086,
    0.0006532620938918576,
    0.0006850752379817168,
    0.000651971349559484,
    0.000666375491576463,
    0.000665345563793971,
    0.00064688049583827,
    0.0006365036146863217,
    0.0006600622110550601,
    0.0006989827685308622
  ],
  "val_loss": [
    0.008611177685936833,
    0.009821813599033752,
    0.005734971406216235,
    0.0019273636674292831,
    0.0017012578943118224,
    0.0016211236926442535,
    0.0016992707573451529,
    0.0018446310993213845,
    0.001560854701347379,
    0.0015384239528452876,
    0.001451449353615474,
    0.0013457516319023619,
    0.0012601532985039336,
    0.0015833907146292584,
    0.0012244924188837035,
    0.0013404408829595837,
    0.0011767321806907592,
    0.0014698786295384086,
    0.0011264705755929703,
    0.0017957455167518291,
    0.001112860181213667,
    0.0011587074983441575,
    0.0011600092820747854,
    0.0010324741013587103,
    0.0011310605356610033,
    0.0011898086750827927,
    0.0011228873326886066,
    0.0010233403571895641,
    0.0011096446410554098,
    0.0011155298370199027,
    0.0009656370253103422,
    0.000982366009590033,
    0.0010859790866002128,
    0.0010602523651814433,
    0.0010028463154946774,
    0.0011692340592912177,
    0.0011666290337970608,
    0.0009702030267154686,
    0.0009452102106224325,
    0.000925536562637991,
    0.0009269017742906477,
    0.0012024699431367354,
    0.0010488838081753383,
    0.001092276022775356,
    0.0010601255897889784,
    0.0009178124081455119,
    0.0010755959123917276,
    0.0009359464767314961,
    0.0008942633393159554,
    0.0009254675749507492,
    0.0009708130861096073,
    0.0010980119774633736,
    0.0009144430548521577,
    0.0008999159671801352,
    0.0010224066262628307,
    0.0009474750480587325,
    0.0009316899450827063,
    0.0009288889513613404,
    0.0009670300511325056
  ]
}