{
  "loss": [
    0.01197475427147345,
    0.009454385175147703,
    0.009395507808935255,
    0.009276272096690004,
    0.0065085734859135136,
    0.003079394097894548,
    0.0023170085738535083,
    0.001934251458471741,
    0.0017983526677030845,
    0.0016681424824548795,
    0.0016392675860561331,
    0.0015642383463906817,
    0.0014614089545298273,
    0.001467390902292904,
    0.0013892212500730193,
    0.0013642534180507457,
    0.0013722058504585606,
    0.0013374149020787462,
    0.001320675911857741,
    0.0013432599849451789,
    0.0013146289467005584,
    0.001259380712345072,
    0.001247275248722795,
    0.001256744626220627,
    0.0012343166698681202,
    0.001267825137199662,
    0.0012150327661734077,
    0.001169392016487771,
    0.0011339166051959628,
    0.0011380133516500845,
    0.0011458734417761772,
    0.0011184464370350214,
    0.001096096616762583,
    0.0010831992198420703,
    0.001076461679251781,
    0.001106351635653506,
    0.0011064001617473187,
    0.0010587798648373787,
    0.0011270728554878067,
    0.0010922163144972835,
    0.0010718927484639677,
    0.0010172070590013323,
    0.0010156813509194648,
    0.0010733862381703699,
    0.0010149000451524096,
    0.000994131457336614
  ],
  "val_loss": [
    0.011928607960848997,
    0.010167373443713015,
    0.009707406419590952,
    0.010109578625539715,
    0.0058930404405789765,
    0.004970979071065282,
    0.002824021963758415,
    0.003580337900438168,
    0.002546437220710717,
    0.0027004417393021703,
    0.0022798262986490564,
    0.002349928505404779,
    0.0020081542767165753,
    0.0024470260544690522,
    0.0021310469915232296,
    0.002052939877573275,
    0.0019339498124619045,
    0.0023344196902399653,
    0.0024551383685320616,
    0.0025974979148026597,
    0.002111260862916373,
    0.0019684321759791856,
    0.0018559403722750003,
    0.0018325036475330255,
    0.0018867247390006198,
    0.0017487389294514328,
    0.0017798510066160324,
    0.0018037425921811315,
    0.0018093605575497064,
    0.002323702432926786,
    0.0018322897873546803,
    0.0019370687254338284,
    0.0017138579010105369,
    0.00199471117818749,
    0.0018782511201760408,
    0.0016360094043520394,
    0.001737358164973557,
    0.0018010949899097172,
    0.0023801434690948952,
    0.0021646202010824605,
    0.001745686679293684,
    0.0020281487625887556,
    0.0017754586146663078,
    0.0022481577915631316,
    0.0019190885110894282,
    0.0019758511910194093
  ]
}