{
  "loss": [
    0.009671845174476616,
    0.006857172906944257,
    0.0020319084074031375,
    0.0014136045913859968,
    0.001118445954369671,
    0.000935995767000411,
    0.0008597613239525305,
    0.0007791424820143264,
    0.0008123572837705906,
    0.0007234646711550149,
    0.0006803591434389814,
    0.0006654891661892563,
    0.0006536772939185042,
    0.0006298642709505438,
    0.0005827934250720613,
    0.0006414457889295606,
    0.0006836259864233533,
    0.000745695077009615,
    0.0005776323599586527,
    0.0005081298664278167,
    0.00047045830338752386,
    0.0004767478543689131,
    0.0004981374980642753,
    0.0004903159515084173,
    0.00046845397285538113,
    0.00045918722345117283,
    0.0004993222417768805,
    0.0004986498845880586,
    0.0004951228415315864,
    0.00045300482789949496,
    0.00044637732927396354,
    0.00045436137241643316,
    0.0004550249759105378,
    0.00045462791455896543,
    0.00043783690490000886,
    0.00043066070828836283,
    0.000441417834164284,
    0.0004483683422454443,
    0.0004463629729068744,
    0.0004823549816045822,
    0.00043896111896108873,
    0.0004317678794857231,
    0.0004462759291299148,
    0.00044309934192126416,
    0.0004233906666880105,
    0.000450218586751404,
    0.00043092552858397875,
    0.0004237008919830792,
    0.0004378575352924937,
    0.0004295064795273162,
    0.00043699816203113126,
    0.0004269013824573188,
    0.0004379507018212786,
    0.00041972736827569824,
    0.0004155941037737782,
    0.00041099124972023406,
    0.0004325742341422038
  ],
  "val_loss": [
    0.009656014157943583,
    0.004079961532536474,
    0.0016068304856197704,
    0.00172346715604231,
    0.0013916937205927533,
    0.0018792516122519017,
    0.001202538864193575,
    0.0011934705968474728,
    0.0010995847494917842,
    0.0012181697086909053,
    0.0009518307708177887,
    0.001228748084180658,
    0.0010862831377342695,
    0.0009725932576706548,
    0.0008552681245214159,
    0.0009689865786367211,
    0.0014343917200157889,
    0.000853563773689302,
    0.0008803366000799045,
    0.0007272260671582524,
    0.000660650673278987,
    0.0006803010561392073,
    0.0007311570951462528,
    0.0007092218339457455,
    0.0006513283718332017,
    0.000700074065782995,
    0.0006422764698259781,
    0.0011646185157385362,
    0.0007322055908756768,
    0.0007973914556833494,
    0.0008526675670112383,
    0.0008485619854201434,
    0.0006920406446722239,
    0.0006377802100725555,
    0.0007573410674996975,
    0.0006805811225020835,
    0.0007412928385337521,
    0.0007501702103342846,
    0.000634086456425716,
    0.0006801888587274518,
    0.0006477874995957962,
    0.0008060598789820492,
    0.0007204651686535197,
    0.0007145691554383304,
    0.0006646138789314875,
    0.0007765077935954004,
    0.0006300192278138231,
    0.0006851302386975235,
    0.0006553440675594726,
    0.0008020594996019358,
    0.0006791856668543676,
    0.0006840766679724841,
    0.0006391228740433845,
    0.0006998875471458917,
    0.0006507262318772012,
    0.0006566976485430666,
    0.0006331380168724059
  ]
}