{
  "loss": [
    0.01026506217524127,
    0.009465498077273106,
    0.009603890798880882,
    0.008202734411110853,
    0.008214341106739612,
    0.003410198305043527,
    0.002231297129785676,
    0.002150740168570861,
    0.0020326603704869726,
    0.0018702154099094074,
    0.001802745859687446,
    0.0019162466915577992,
    0.0018155090259954518,
    0.001787450463316494,
    0.0017571761815674495,
    0.00170244743970357,
    0.001697172499854904,
    0.0016635381235441857,
    0.0016601515552968956,
    0.001653766127743661,
    0.0016611508790419201,
    0.0016455444422234038,
    0.0016747520281307304,
    0.0015927230982469463,
    0.0016459422979734546,
    0.0015809244103052475,
    0.0015718393268309117,
    0.0015769537428801132,
    0.0015473553505834928,
    0.001607089809011939,
    0.0015593206949853008,
    0.0015478822787560328,
    0.0016013971289169124,
    0.0015566531399350307,
    0.00157064284514447,
    0.001610608907817067,
    0.0015269758698701656,
    0.0015105921188151852,
    0.0015105791150852085,
    0.0015077957303812025,
    0.0014364558185662939,
    0.001476477318789782,
    0.0015261393171661637,
    0.0014472042466216232,
    0.0014927767833560186,
    0.0014459121935997189,
    0.0014497186252748805,
    0.0014143130565928226,
    0.0013771142137744626
  ],
  "val_loss": [
    0.010446024816246147,
    0.01339434177378954,
    0.01033933463412873,
    0.009137689601629972,
    0.006474903944084128,
    0.003916286045350819,
    0.0034033856114248787,
    0.002846628652103087,
    0.0038711920399034376,
    0.003127419949302389,
    0.002673056429117665,
    0.0028064302936106752,
    0.0024937784959215676,
    0.002566928423340452,
    0.003128511792304366,
    0.002440487789095523,
    0.002508937082512902,
    0.0030909012650736363,
    0.002708834484338107,
    0.003005959056028003,
    0.002897133077580424,
    0.0026689082340638996,
    0.0025542805068816624,
    0.002308482801820951,
    0.0025300771001952964,
    0.002391001749375395,
    0.0028520010130498375,
    0.0026052376150668636,
    0.0022402098766281736,
    0.0023563394630578107,
    0.0025615235915752666,
    0.0021901972466075986,
    0.002812682285106608,
    0.0021544122863284285,
    0.0025770597082801173,
    0.0021943940708276724,
    0.002416762135741123,
    0.0024312583955539632,
    0.0021269499077929297,
    0.002292653310601369,
    0.002573452086373637,
    0.0030727426460884838,
    0.002300369769303178,
    0.0025275339671480437,
    0.0024059209491809914,
    0.002502444351705837,
    0.0025992523819534834,
    0.0022626265129627714,
    0.002939841570398511
  ]
}