{
  "loss": [
    0.009748071976818583,
    0.006480598591657957,
    0.0043535098855743285,
    0.001932836252284337,
    0.0014794024120952374,
    0.0013853841053326872,
    0.0013460200088485264,
    0.0013126915296385673,
    0.001302534751098508,
    0.0012607547514330638,
    0.0012666202176291833,
    0.001264959345932103,
    0.0012359788439424157,
    0.0012013081056962778,
    0.0011993449149782735,
    0.0012040816074632035,
    0.0011938571725769677,
    0.001179264301783098,
    0.0011836475881697936,
    0.0011956705918606033,
    0.0011713905283516125,
    0.0011629591206139447,
    0.0011669874320088466,
    0.0011539316778959954,
    0.0011522410930566024,
    0.0011859688715986324,
    0.001154700864234197,
    0.0011446847844125152,
    0.0011355759286818896,
    0.001138127192933925,
    0.0011238726904401154,
    0.0011249107574690183,
    0.0011281500494811215,
    0.001122997262168646,
    0.001132212936892129,
    0.001147016136435646,
    0.0011207528263674485,
    0.0011322782123555563,
    0.0011359226591242091,
    0.001106025946282322,
    0.0011047905380817142,
    0.001104726394979986,
    0.0011000489793953764,
    0.0011169882843446186,
    0.0010776185515978052,
    0.0010855326801907064,
    0.00107464922359418,
    0.00106974787714833,
    0.0010780721729606547,
    0.0010620620637282682,
    0.001078691805746462,
    0.0010560597067824978,
    0.0010552218179472393,
    0.001080058610600009,
    0.0010881017574716095,
    0.0010483601176005477,
    0.0010420848433626202,
    0.0010484611839154307,
    0.0010582411347617286,
    0.001062664671054826,
    0.0010419547822606557
  ],
  "val_loss": [
    0.0103561419187888,
    0.007112296732414639,
    0.004736568642717399,
    0.002230180131815625,
    0.002119869127178962,
    0.0020645374884787067,
    0.002086163259090416,
    0.0018535444507731145,
    0.0018471271110949725,
    0.001916125157764286,
    0.0020703259133472204,
    0.0021018392780502693,
    0.0017908913596125131,
    0.0017649585909597324,
    0.001726066749909202,
    0.0017654884167099267,
    0.001765936904775209,
    0.0018558220707633522,
    0.0017073190054238848,
    0.001745038141308122,
    0.0017081502291342516,
    0.001668775044747869,
    0.0016720328542791055,
    0.0016759158690261204,
    0.0017337761767041147,
    0.0017469205077360855,
    0.0016370809825367472,
    0.0016724341915229732,
    0.001687116502376085,
    0.0016761731220346489,
    0.0016872349059146442,
    0.0016679012653512063,
    0.0016814789099074648,
    0.0016260463260428122,
    0.001749620198669812,
    0.0016364407675926772,
    0.0015729949116351062,
    0.0019352674141547151,
    0.0017047415558102258,
    0.0016177422615563433,
    0.0016404652164914131,
    0.00162313532167941,
    0.0017071805522892248,
    0.0016175623148616948,
    0.0015174619005888365,
    0.0015657822407907649,
    0.001546721540527481,
    0.001556251246450741,
    0.0015793291739386957,
    0.0015531675798525469,
    0.0014703402941879094,
    0.0016033343965543454,
    0.001569342938136686,
    0.0015574256834584507,
    0.001506580920167937,
    0.001591599011385625,
    0.001554940003127362,
    0.0015780498715787289,
    0.0015590289317259794,
    0.001649606029837905,
    0.0014709007437079308
  ]
}