{
  "loss": [
    0.01169583723773063,
    0.007417973332666758,
    0.002303608173877327,
    0.0009012906428414674,
    0.0007512009165623436,
    0.0007309542531712594,
    0.000669366720420534,
    0.0006150718984966938,
    0.0005755599821725778,
    0.0005703036159569046,
    0.0005433459385959868,
    0.0005269612800776615,
    0.0004997169382474905,
    0.00048807494886822435,
    0.00046501857759100577,
    0.0004561284198611322,
    0.00045914151816454685,
    0.0004469785181187669,
    0.0004718459857208797,
    0.00042093415688307227,
    0.00039145911364686404,
    0.0003900467651551267,
    0.00040456613576128603,
    0.0004190805085526353,
    0.00038347059886933575,
    0.000352594162521768,
    0.00036425463978106916,
    0.0003456868578120373,
    0.0003877089443156415,
    0.00034738937877257285,
    0.00033452173404465335,
    0.0003125536602362297,
    0.0002972856558403682,
    0.00029603072709925686,
    0.00028549265465240204,
    0.00027792249497008255,
    0.0002697358883296654,
    0.0002781517241581331,
    0.00027802475434430174,
    0.0002665775431981135,
    0.0002711715215175203,
    0.0002792663037434993,
    0.0002895779341625611,
    0.0002549620712838049,
    0.0002627440083858019,
    0.0002535252902220096,
    0.00026712005766255694,
    0.00025216953408397714,
    0.0002566580192468537
  ],
  "val_loss": [
    0.011340180940244053,
    0.0055593704499934645,
    0.0011839178969971216,
    0.0010618407082428765,
    0.0011087999120160895,
    0.0008684137188467803,
    0.0008316259967949856,
    0.00079330270619089,
    0.0007309538505043985,
    0.0006953885886319571,
    0.0008496907295855524,
    0.0006643245817306122,
    0.0006099715633928161,
    0.0006191289200833075,
    0.0005789013094208674,
    0.0005607435301504255,
    0.0005600502503078028,
    0.0005298128080552369,
    0.0005187916664836797,
    0.0005067986438287249,
    0.0004997181581561267,
    0.0004993407522769316,
    0.00047777691443002526,
    0.0005261646175173198,
    0.000474624445601515,
    0.0004899266869250825,
    0.0004449762194385124,
    0.0004924345811510565,
    0.000425141229287459,
    0.000420109219304977,
    0.0004225993390426288,
    0.0004182684424348775,
    0.0003972170951898273,
    0.0003970795104844591,
    0.0003899157403864292,
    0.0003833911787258686,
    0.00038117024031611115,
    0.0003889145266381577,
    0.00037683211550363255,
    0.00038793855107773027,
    0.00038739043553056256,
    0.0004185614126928838,
    0.0004151635350376605,
    0.00037902566724929614,
    0.00038213211050933295,
    0.00040402902460084835,
    0.0003886244239349528,
    0.00044440553917894437,
    0.0004404631976797743
  ]
}