{
  "loss": [
    0.31090996956633854,
    0.014364423140136104,
    0.0081041717328265,
    0.006686373724733927,
    0.005588658398773604,
    0.004361557453402461,
    0.002856443411855421,
    0.0017886810155954185,
    0.0012290851997094905,
    0.0011991513674761375,
    0.0010482888209386318,
    0.0009119002452626844,
    0.0008025119654088559,
    0.0009128651952928245,
    0.0008758918102891839,
    0.00066330393062304,
    0.0006636326286723112,
    0.0005912681915778936,
    0.0006031405497074129,
    0.0005387962630885052,
    0.0005163396143035672,
    0.0005368657610136437,
    0.0006436456103814889,
    0.0005919773663866138,
    0.0004888787232365899,
    0.00046117544119173693,
    0.00047875455353430267,
    0.0005806465070513968,
    0.00043116718365643965,
    0.0005039699171966352,
    0.0004666436646682134,
    0.0004047328007139879,
    0.00043603083579970317,
    0.00041276982219431237,
    0.0003979740753675845,
    0.0004699193790209885,
    0.00045502224288816777,
    0.0004230934382285564,
    0.00041385188189508947,
    0.0004683353586213772,
    0.0005523298763507056,
    0.0005369050678974723,
    0.0004609130314570467
  ],
  "val_loss": [
    0.009354397375524126,
    0.015402614377986706,
    0.006997600278523899,
    0.00864179344426701,
    0.00746762855223867,
    0.006365242471011684,
    0.003912113477758826,
    0.003289633934953135,
    0.001993803385562482,
    0.0022042420648823746,
    0.0018069758606317676,
    0.001905049680798068,
    0.0021761573896964237,
    0.0023445339502712477,
    0.001658134567376934,
    0.0013335535758731683,
    0.0015551384952405,
    0.0014620748278781793,
    0.0015935538305633606,
    0.0017508587695983717,
    0.0010501556327739594,
    0.0011618691042838063,
    0.0012216059770047583,
    0.001635549773091396,
    0.001069589911659097,
    0.0010916862584167417,
    0.0011004628775054886,
    0.0010225738509494848,
    0.0014539353563043388,
    0.001277484642839041,
    0.0009790337473365909,
    0.0010118113598823755,
    0.0008751957683117438,
    0.0009151255828489895,
    0.0013248516713629441,
    0.0018577599612512883,
    0.0010052524951393825,
    0.0009887277401516138,
    0.0008915280211192456,
    0.0014687027461211947,
    0.00100198758868746,
    0.0019193336883645076,
    0.001173693664764647
  ]
}