{
  "loss": [
    0.052252662128647494,
    0.007087419160566946,
    0.0036000855258466148,
    0.0028672872842487704,
    0.0024947321028932897,
    0.002326371616239693,
    0.002125903709451192,
    0.0020356337118325016,
    0.001907352197655003,
    0.0018222562671639435,
    0.00168953142856289,
    0.0016554812968660763,
    0.001576985001335997,
    0.0014886363532975277,
    0.0014426900918675998,
    0.0013293855427284188,
    0.0012825953562880044,
    0.001267849141639911,
    0.0012163248947732062,
    0.0011891079665059096,
    0.0011998515561514808,
    0.0011242639286992823,
    0.0010783291156614178,
    0.0010755331182039983,
    0.0010287177395185896,
    0.0010348478293186524,
    0.0009911621053855966,
    0.0009880678274310363,
    0.0009774325208917437,
    0.000954752816144784,
    0.0009456452487918052,
    0.00092377951882572,
    0.0009236336127802167,
    0.0009184834869309178,
    0.0009180559792201157,
    0.0008895610097081398,
    0.0008681924099195789
  ],
  "val_loss": [
    0.010818903275987593,
    0.0021661512149079615,
    0.0013608120542897672,
    0.0013663664963836763,
    0.0012063796400135407,
    0.0012582287245437847,
    0.0012394789883326558,
    0.0011174969266024594,
    0.0011372952802383408,
    0.0011221657142938067,
    0.00107936500951601,
    0.0010095121799429134,
    0.0010828787701709698,
    0.0009950310344329803,
    0.000990582118996106,
    0.0009569538927850063,
    0.0010325048935360625,
    0.0010610573505041043,
    0.0009410123061843351,
    0.0009962445992984222,
    0.0011641256363622097,
    0.001130881812326049,
    0.0009852554453465428,
    0.00091587520076866,
    0.0009275650822478275,
    0.0009174016935911908,
    0.000907875405968072,
    0.0009496297627704341,
    0.0009310926454248247,
    0.0009113684065400972,
    0.0010257175068352812,
    0.000986586212027283,
    0.0009386201913246425,
    0.0010262976746877586,
    0.0009456195843709968,
    0.000948589829571488,
    0.0010482409050476425
  ]
}