{
  "loss": [
    0.051465872086177394,
    0.003881274926410097,
    0.001746067123831553,
    0.001508061528161132,
    0.0015293440208230585,
    0.0015197593818097295,
    0.0015245835460376022,
    0.0014940624245052107,
    0.0016147966776576769,
    0.001526510218741621,
    0.0016714236277302111,
    0.0015986918837263846,
    0.0015007108581281538,
    0.0015151180420214547,
    0.0014927816093842257,
    0.0015204927741203896,
    0.0014602763484096266,
    0.0014705172325979053,
    0.0014681370381746932,
    0.0014796312234999424,
    0.0014582792597253543,
    0.0014626511054830983,
    0.0014687296424435396,
    0.0015229565876836934,
    0.0015415741917654648
  ],
  "val_loss": [
    0.009315276496070193,
    0.0027990084045330823,
    0.0023300204520894916,
    0.002403657016465559,
    0.0023178207617888,
    0.0025637631200496344,
    0.0022364840063936954,
    0.0023884599637490457,
    0.002410827371386661,
    0.0026227663504289097,
    0.0037658731548624084,
    0.0021749446639472347,
    0.002483020166772954,
    0.00246863388453111,
    0.0021484245923565123,
    0.0023046580332303696,
    0.0022067716248041014,
    0.0021616818827591426,
    0.0025387385987203775,
    0.0022873463286310854,
    0.0022189242090526677,
    0.0023015169158401402,
    0.0026319033668483205,
    0.002539592907043461,
    0.002199186314960423
  ]
}