{
  "loss": [
    0.08835564390276021,
    0.008977555345985818,
    0.006146516563258853,
    0.0038385152077721617,
    0.002174721914292454,
    0.0018534965934428032,
    0.0013422574527143204,
    0.0013835050311542725,
    0.0012567362506674075,
    0.0016107140664457082,
    0.001082407801705051,
    0.0009029605330115968,
    0.000921371531694843,
    0.0011335497978919836,
    0.0008820460569550752,
    0.0009251952795749068,
    0.0009284112502607472,
    0.0009654593394379434,
    0.0009882488060569347,
    0.0009307825326725037,
    0.0009403678688382916,
    0.0010476381760687224,
    0.00110073206032299,
    0.0012730796789080672,
    0.00109375853043155,
    0.0007579558966321746,
    0.0008394437466722314,
    0.0008912412235174146,
    0.0008329331267536415,
    0.0008983428379747169,
    0.0008022424322767523,
    0.000728486519204326,
    0.0009008632820510698,
    0.0008327895141768172,
    0.0010569638242338632
  ],
  "val_loss": [
    0.011152130632168994,
    0.007976646731234827,
    0.009470698743216911,
    0.0037745536581679368,
    0.006435885768243458,
    0.0026340254298651607,
    0.0026813801043540906,
    0.0018600798799751153,
    0.0017025302652324157,
    0.0017506654492502765,
    0.0020058377719947983,
    0.0017333886585480208,
    0.0019774267789641475,
    0.0016630544473976935,
    0.0014002430988241876,
    0.0013333768848488251,
    0.002167460691791698,
    0.0013766027566479361,
    0.0012263967696190233,
    0.0021629100701170277,
    0.0017299207204737215,
    0.0013098565282266342,
    0.0014753395586301842,
    0.0018884939858573,
    0.0011264977116472864,
    0.0016347903688795438,
    0.0015700725806718548,
    0.0015292621438159001,
    0.0017076190713678735,
    0.0018277850071542392,
    0.001144328822266191,
    0.0012173212762997387,
    0.0011733349708507729,
    0.001372128203050123,
    0.0012887540994916044
  ]
}