{
  "loss": [
    0.06050045261357763,
    0.009700091726088482,
    0.007574234265103451,
    0.004705552144832877,
    0.003077906431513941,
    0.0019249634768301088,
    0.0014856634391250585,
    0.0014976332813547229,
    0.0014583058530348455,
    0.0014068006558127523,
    0.0014017038407719963,
    0.00120888381484624,
    0.001261492296864943,
    0.0012895658588906785,
    0.0014655275596756237,
    0.001293466507933097,
    0.0013391985762749676,
    0.0014105290194961883,
    0.0013380112510834711,
    0.0012445391866148317,
    0.001125076005793125,
    0.0012104283815959145,
    0.0011838232350339926,
    0.001243083522570702,
    0.0011085196253421766,
    0.00111041059484091,
    0.0011427015726140838,
    0.0011380149247415573,
    0.0011256683134353452,
    0.0012166804836558386,
    0.0013553691843013454,
    0.001379957198998387,
    0.0014707743934181208,
    0.0011811576491441305,
    0.0012010007469260388,
    0.0012408588511628495,
    0.0011161618400979444
  ],
  "val_loss": [
    0.013536081754006026,
    0.011450096232335219,
    0.009155746172653155,
    0.006131162804164244,
    0.004530904893083184,
    0.00499081966896238,
    0.0028261558409110547,
    0.0022226909641176462,
    0.003326695187414965,
    0.0034611386853908555,
    0.0021066895340768137,
    0.0019466025673711064,
    0.0029888281577758573,
    0.0038284437123979075,
    0.002434018434266026,
    0.0018405227181554009,
    0.0019169315510021334,
    0.002150202151701859,
    0.003635240054239383,
    0.0019800267640103617,
    0.0019971690758058195,
    0.002379716957364692,
    0.0019559390683334026,
    0.0023995779397154456,
    0.0017893322327519568,
    0.0020635475972248765,
    0.0017797663177394967,
    0.0021318778934564147,
    0.0023557777736294134,
    0.002161093036581375,
    0.0018526630075857713,
    0.0018746277181368866,
    0.0018001680126350918,
    0.002090749100604084,
    0.001816811763388471,
    0.00207454263850042,
    0.0019402578276885526
  ]
}