{
  "loss": [
    0.0638147656247184,
    0.01533243830125728,
    0.00953178197977044,
    0.005467821096175598,
    0.0035625439498010395,
    0.002688808158658192,
    0.002449432472809624,
    0.0022655744695606645,
    0.0022962464722765734,
    0.001981564477408685,
    0.0019438506685153845,
    0.0019286558610367033,
    0.0020325754703165787,
    0.0018312421667567298,
    0.0017979633100634565,
    0.0018054234843295595,
    0.0017117651954372058,
    0.0017860425661210054,
    0.0019237694367249206,
    0.0016530670629200227,
    0.0016265595272785145,
    0.001644796059631491,
    0.0017979537344029943,
    0.0018344739831264926,
    0.0018162613503414104,
    0.0017021837388360261,
    0.0017444370862949475,
    0.0016345241083034982,
    0.0016415895047708821,
    0.001639069174570284,
    0.0015597609040557635,
    0.0015420976674977202,
    0.0015933182405647745
  ],
  "val_loss": [
    0.013914883225007559,
    0.011271866444166345,
    0.007565811726948328,
    0.008241348022587145,
    0.004055121978099393,
    0.003317898520383104,
    0.0032501363200748068,
    0.002736114864560342,
    0.0035404118497182825,
    0.0028021791027766645,
    0.002760672816661578,
    0.0047186017477729445,
    0.0031625565801400696,
    0.0037104392264833965,
    0.0032112310516030185,
    0.0036344606036786647,
    0.003600571463292905,
    0.0027317616626188223,
    0.0038984373186832185,
    0.0032223389135565624,
    0.0028249197247631774,
    0.0027492562996531814,
    0.0025849153242920968,
    0.00285075381503584,
    0.002868011560557144,
    0.0026910330516008245,
    0.00281788919468791,
    0.004097082320195023,
    0.0030498930863651435,
    0.0027845098210243138,
    0.0027892420396387913,
    0.0030622619439359053,
    0.00305122621568207
  ]
}