{
  "loss": [
    0.0517727611443548,
    0.015122799208924233,
    0.009435359047867067,
    0.006703673547941412,
    0.004990453046494633,
    0.003951410026196023,
    0.003430083371083963,
    0.002940921891821203,
    0.002619383352306859,
    0.0023391604421889767,
    0.0022374056879854005,
    0.0019815842022262724,
    0.0017444688570287597,
    0.0018238772828816218,
    0.0017230943487797884,
    0.0015707285871120078,
    0.0014879508488552285,
    0.0015093929132574035,
    0.001445365106300702,
    0.001314711495286694,
    0.0013447722297811825,
    0.0012552565244810002,
    0.0012295054274011796,
    0.0012270258756943214,
    0.0013944461721443506,
    0.0012161841185588727,
    0.001120530127873093,
    0.001181851910843266,
    0.0011920779195774619,
    0.0011704096996055157,
    0.001098959339614786,
    0.0010836995340490134,
    0.0010119986677307967,
    0.0011498502706294305,
    0.001060763137822939,
    0.000984331514473624,
    0.0009651489821023804,
    0.0010197658103726175,
    0.0009303356049556232,
    0.0009002803512189516,
    0.0008710715578295738,
    0.000907577579994741,
    0.0008510253140037321,
    0.0009499688799983378,
    0.0009513599120312383,
    0.0008761362619849118,
    0.0008368670719613251,
    0.000874151935774779,
    0.0008578812933156609,
    0.0007819864723965336,
    0.0007965023790031724,
    0.0007927795853565828,
    0.0008116833133159997,
    0.0007665746958402885,
    0.000809296431395126,
    0.0007939997375344613,
    0.0008137240956748923,
    0.0008125245535767857,
    0.0008032886253331789,
    0.0007590575568373481,
    0.0008056770937126546
  ],
  "val_loss": [
    0.011804946641902722,
    0.005889890183434305,
    0.0062429346571649235,
    0.005312346146080607,
    0.003323104532412221,
    0.0032468889859376764,
    0.003125295445830749,
    0.002792509404491628,
    0.0030061596190435126,
    0.0026080043431402538,
    0.0022189285326360496,
    0.001987659168379156,
    0.0018834520001171653,
    0.0017535395705580235,
    0.0019102013593485193,
    0.0017499024131346977,
    0.0019803460038452306,
    0.0016907988121326344,
    0.0018974812296562425,
    0.0018664595058319963,
    0.0017043439754296577,
    0.0016910859470427948,
    0.0015207625869195262,
    0.0015015651653902877,
    0.0013741121362824827,
    0.0015995296437852863,
    0.0018484362421145402,
    0.0013192359996656467,
    0.0013220999857814922,
    0.0013400194411954851,
    0.0015985323331527339,
    0.0017420654573707074,
    0.0012769950471199292,
    0.0020783329337203203,
    0.001322813681812545,
    0.0012117959508770799,
    0.0014156479380703602,
    0.0013186484593082017,
    0.0016574480257389526,
    0.001146847980617648,
    0.0016710290018862868,
    0.001151979247254471,
    0.002120819947940086,
    0.0011920729842780466,
    0.001192641524489197,
    0.0014918267771262307,
    0.0011690229989305885,
    0.0013656226825163348,
    0.001194835813412953,
    0.0010976217847747498,
    0.0010334628935960305,
    0.0012565292175133844,
    0.0013378192089376286,
    0.0010457765074610005,
    0.001121412858079409,
    0.0012202948660192097,
    0.0012419438143409737,
    0.0014634743258059128,
    0.0013290070716527411,
    0.001295017565390735,
    0.0010749860770316465
  ]
}