{
  "loss": [
    0.030069581220318914,
    0.0110988298996441,
    0.00592179925303761,
    0.003489405025988719,
    0.002385248046917445,
    0.0015751338700314742,
    0.001262141182974627,
    0.0009898910773120514,
    0.0008760141215141923,
    0.000785320518293389,
    0.0007848650493893235,
    0.0007066100285746699,
    0.000708085393807041,
    0.0006484196719089771,
    0.0006403149879364965,
    0.0006375234170399314,
    0.0005885868624598849,
    0.0005809412617226177,
    0.0005311243605197857,
    0.0005110877233213103,
    0.0005999796165021212,
    0.0004960124735053273,
    0.000498625850431422,
    0.00046302113374854277,
    0.00047120841745139504,
    0.0004556103034896072,
    0.00045640769267134106,
    0.0004485797858078023,
    0.00044113007995754436,
    0.0004160804954996684,
    0.00040600812016218166,
    0.00039930140532400626,
    0.00039602187276029316,
    0.00042665041572130004,
    0.0004184514249102231,
    0.00044294082559594183,
    0.00043920397767305546,
    0.0003713663515534482,
    0.0003903433080737945,
    0.0004082338916241023,
    0.0003664019349122121,
    0.0003700639712030702,
    0.00038199040765331125,
    0.0004366668678254731,
    0.00047277131178459145,
    0.0003944455810148021,
    0.0003533745807283682,
    0.00035362474556499947,
    0.0003491438565209942,
    0.00034280605751609467,
    0.0003594296136857722,
    0.0003383576452108553,
    0.0003542394840530358,
    0.0003818565354256414,
    0.0004029063438514082,
    0.00035164136231462446,
    0.00036391853348752203,
    0.0003274874214808678,
    0.00034209760102254524,
    0.0003356838851539517,
    0.0003360003352073844,
    0.00035224302042197343,
    0.0003490964537623093,
    0.00033687026979778233,
    0.0003646522699531977
  ],
  "val_loss": [
    0.0056312784246439,
    0.0008967257925533999,
    0.0005938055226014186,
    0.0004669437939772607,
    0.000618779152590102,
    0.00045858709460179915,
    0.0007621871945919694,
    0.000451157615048909,
    0.0006546828067579258,
    0.0005443720818702622,
    0.0004949255835299798,
    0.0006155380449175767,
    0.0006660564066151134,
    0.0005178342686530756,
    0.0005069463989302134,
    0.0004389440820354777,
    0.00044065029203734163,
    0.00044838784112538187,
    0.0004949490522372248,
    0.0004583214353217812,
    0.00045578199460225417,
    0.0005313677558834934,
    0.0004395504345895849,
    0.00046035360378450903,
    0.00041322022133626963,
    0.0004164819514744459,
    0.0004098271478313679,
    0.00040945486588133615,
    0.00042179029465758925,
    0.0005046275465964919,
    0.0004689657304051039,
    0.00046865876015513393,
    0.0004359942602317253,
    0.0005193906214172808,
    0.00046695924738464665,
    0.0004077514397153494,
    0.0005024360404747065,
    0.0004841765544981787,
    0.00040980534631747303,
    0.0004600153763839218,
    0.0004110245254335101,
    0.0004349219192245048,
    0.0006646218487392884,
    0.00042152526997024615,
    0.0004062681470919483,
    0.0006097035809328338,
    0.00042628826791951473,
    0.0004126345005521587,
    0.0004652303450736999,
    0.00048790072662020865,
    0.0004492392768743015,
    0.00039969935281629755,
    0.0004008550183524942,
    0.0004060721616352742,
    0.0003975945613151623,
    0.00039869375151421245,
    0.0004053539426355647,
    0.00040874637248564187,
    0.00043399453095493686,
    0.00041405523568278777,
    0.00043761174310930073,
    0.00048698363380039034,
    0.0003976383731962374,
    0.0005844682107108611,
    0.0004041632121505058
  ]
}