{
  "loss": [
    0.10881810262635945,
    0.015455153299163225,
    0.006241371436330381,
    0.0034891927528249386,
    0.0029025169029008764,
    0.002491219651692207,
    0.0022287448510488416,
    0.0019428724950160676,
    0.0018132977786399212,
    0.001632773041235612,
    0.0015433448469813413,
    0.001434443238989933,
    0.0013887323678994992,
    0.0012288934901088855,
    0.0012569923916605416,
    0.0011791890181465493,
    0.001126989359940463,
    0.001081038457706917,
    0.0010208110934930188,
    0.000995839746596054,
    0.0009978283498316173,
    0.0009482518176700069,
    0.0009042064956638836,
    0.0008854059643242369,
    0.0008760200968462972,
    0.0008995257797410098,
    0.0008390620591221822,
    0.0008502839664846547
  ],
  "val_loss": [
    0.04149277648151501,
    0.008699640083762717,
    0.0015890101132453296,
    0.0009379720929634443,
    0.0007271403187733035,
    0.0007360800456317849,
    0.0007022200494723573,
    0.0007001629313946247,
    0.000661899178626951,
    0.0007290440017806938,
    0.0006837538809914489,
    0.0006523112364819918,
    0.0006633734203271454,
    0.0006853045912858446,
    0.0007295542434168791,
    0.0006485236227795384,
    0.0006324839356866366,
    0.0006264341856360757,
    0.0006351746324956888,
    0.0006283964164427486,
    0.0006669387361390959,
    0.0006458390651381496,
    0.0006441977904022766,
    0.0006526557399398454,
    0.0007327160054347601,
    0.0007030734459944691,
    0.0006584032239218829,
    0.0006289849987497064
  ]
}