{
  "loss": [
    0.06990033530498295,
    0.010424589795587141,
    0.004297253118767325,
    0.0031086886723475857,
    0.002690079513643995,
    0.0024527923466937523,
    0.0022527091567574125,
    0.002122543425165713,
    0.0019807413844154164,
    0.0019060313298629897,
    0.0018571313657358014,
    0.0017665203431581878,
    0.0017335875745757877,
    0.0017095976158986385,
    0.0016592698070984875,
    0.0016508760469701065,
    0.0015852266821024077,
    0.0015643990934247325,
    0.0015510417115133298,
    0.001511467959020834,
    0.0015122551885052612,
    0.0014796841110650814,
    0.0014654897607366572,
    0.001448716523626241,
    0.001442162393942056,
    0.0014097044473143725,
    0.0014062555770577312,
    0.0014382698675560238,
    0.0013792045306325901,
    0.0013724667726210732
  ],
  "val_loss": [
    0.01600667955667785,
    0.0034445048691809513,
    0.0018491863987272542,
    0.001695747179858219,
    0.0016493031956527507,
    0.0015719096343755053,
    0.0015961025760435823,
    0.001605698660936918,
    0.0016102953055308442,
    0.0015709198595369967,
    0.0016785372059080709,
    0.0015641288292918647,
    0.0016852722456155533,
    0.0015814491466545823,
    0.0015939065972029158,
    0.0015895331639461637,
    0.0015505680387965246,
    0.0016006083656730278,
    0.0015926706497400498,
    0.0015456892937170655,
    0.001642623052963715,
    0.0015865240947165516,
    0.0016681013845974643,
    0.0016181543744116854,
    0.0015651484260733209,
    0.0016153755210591167,
    0.001614287923341303,
    0.00163685038732888,
    0.0015840804887140233,
    0.0016039655494158355
  ]
}